Фраза;Тип;Кластер;Целевая страница;Wordstat Минск;"Wordstat Минск ""в кавычках""";Показы Яндекс (апр–окт 2026);Клики Яндекс;Позиция Яндекс;Показы Google (июн 2025–окт 2026);Клики Google;Позиция Google;Источник
оклейка фар бронепленкой;услуга;Бронирование и оклейка;/uslugi/polirovka-i-okleyka-far;21;20;0;0;;8;0;63,1;topvisor, search console
полировка и оклейка фар;услуга;Бронирование и оклейка;/uslugi/polirovka-i-okleyka-far;28;9;42;2;4,9;8;1;15,3;topvisor, вебмастер, search console
полировка и оклейка фар пленкой в минске;услуга;Бронирование и оклейка;/uslugi/polirovka-i-okleyka-far;;;50;1;4,9;0;0;;вебмастер
полировка фар под пленку;услуга;Бронирование и оклейка;/uslugi/polirovka-i-okleyka-far;;;48;0;6,3;0;0;;вебмастер
полировка и оклейка фар цена;услуга;Бронирование и оклейка;/uslugi/polirovka-i-okleyka-far;2;0;42;2;3;7;0;23,1;topvisor, вебмастер, search console
полировка фар пленка;услуга;Бронирование и оклейка;/uslugi/polirovka-i-okleyka-far;;;42;2;4,4;0;0;;вебмастер
полировка фар и оклейка пленкой;услуга;Бронирование и оклейка;/uslugi/polirovka-i-okleyka-far;5;2;41;1;5,7;32;2;20,4;topvisor, вебмастер, search console
полировка и оклейка фар бронепленкой;услуга;Бронирование и оклейка;/uslugi/polirovka-i-okleyka-far;3;3;40;2;8,1;0;0;;topvisor, вебмастер
полировка и бронирование фар минск;услуга;Бронирование и оклейка;/uslugi/polirovka-i-okleyka-far;;;40;3;5,3;0;0;;вебмастер
полировка и бронирование фар;услуга;Бронирование и оклейка;/uslugi/polirovka-i-okleyka-far;0;0;38;3;6,8;0;0;;topvisor, вебмастер
полировка фар и оклейка пленкой цена;услуга;Бронирование и оклейка;/uslugi/polirovka-i-okleyka-far;2;0;37;0;3,3;7;0;19,4;topvisor, вебмастер, search console
полировка фар бронепленка;услуга;Бронирование и оклейка;/uslugi/polirovka-i-okleyka-far;;;37;1;7,1;0;0;;вебмастер
полировка фар и пленка минск;услуга;Бронирование и оклейка;/uslugi/polirovka-i-okleyka-far;;;37;1;5,8;0;0;;вебмастер
полировка фар с защитной пленкой;услуга;Бронирование и оклейка;/uslugi/polirovka-i-okleyka-far;;;37;0;5,2;0;0;;вебмастер
полировка фар с бронированием пленкой;услуга;Бронирование и оклейка;/uslugi/polirovka-i-okleyka-far;;;37;2;6,9;0;0;;вебмастер
оклейка фар пленкой минск;услуга;Бронирование и оклейка;/uslugi/polirovka-i-okleyka-far;21;6;29;3;9,9;66;0;28,3;topvisor, вебмастер, search console
полировка фар пленка авто;услуга;Бронирование и оклейка;/uslugi/polirovka-i-okleyka-far;;;36;1;3,9;0;0;;вебмастер
оклейка фар минск;услуга;Бронирование и оклейка;/uslugi/polirovka-i-okleyka-far;43;3;33;3;8,7;52;1;32,8;topvisor, вебмастер, search console
оклейка фар цена;услуга;Бронирование и оклейка;/uslugi/polirovka-i-okleyka-far;7;0;32;3;9,9;24;0;22,5;topvisor, вебмастер, search console
оклейка фар бронепленкой цена;услуга;Бронирование и оклейка;/uslugi/polirovka-i-okleyka-far;3;5;7;0;13,9;0;0;;topvisor, вебмастер
полировка фар перед оклейкой пленкой;услуга;Бронирование и оклейка;/uslugi/polirovka-i-okleyka-far;;;30;1;7,4;0;0;;вебмастер
оклейка фар;услуга;Бронирование и оклейка;/uslugi/polirovka-i-okleyka-far;84;1;27;1;10;41;0;25,1;topvisor, вебмастер, search console
бронирование фар пленкой;услуга;Бронирование и оклейка;/uslugi/polirovka-i-okleyka-far;10;4;0;0;;1;0;65;topvisor, search console
оклейка фар автомобиля;услуга;Бронирование и оклейка;/uslugi/polirovka-i-okleyka-far;3;0;22;0;11,9;19;0;28;topvisor, вебмастер, search console
оклейка фар полиуретановой пленкой;услуга;Бронирование и оклейка;/uslugi/polirovka-i-okleyka-far;1;0;21;2;8,9;6;0;25,5;topvisor, вебмастер, search console
оклейка фар пленкой цена минск;услуга;Бронирование и оклейка;/uslugi/polirovka-i-okleyka-far;;;19;1;9,7;0;0;;вебмастер
оклейка фар авто;услуга;Бронирование и оклейка;/uslugi/polirovka-i-okleyka-far;;;0;0;;50;0;40,6;search console
оклейка фар пленкой;услуга;Бронирование и оклейка;/uslugi/polirovka-i-okleyka-far;42;2;14;0;14,5;46;0;29,7;topvisor, вебмастер, search console
оклейка оптики;услуга;Бронирование и оклейка;/uslugi/polirovka-i-okleyka-far;;;17;2;8,4;0;0;;вебмастер
оклейка фар пленкой цена;услуга;Бронирование и оклейка;/uslugi/polirovka-i-okleyka-far;1;0;15;0;11;4;0;26,3;topvisor, вебмастер, search console
оклейка фар броней;услуга;Бронирование и оклейка;/uslugi/polirovka-i-okleyka-far;1;0;12;1;8,3;0;0;;topvisor, вебмастер
бронирование фар минск;услуга;Бронирование и оклейка;/uslugi/polirovka-i-okleyka-far;9;0;5;0;15;31;0;48,4;topvisor, вебмастер, search console
оклейка пленкой фар автомобиля;услуга;Бронирование и оклейка;/uslugi/polirovka-i-okleyka-far;;;11;1;15,1;9;0;24,4;вебмастер, search console
оклейка фар защитной пленкой минск;услуга;Бронирование и оклейка;/uslugi/polirovka-i-okleyka-far;;;9;0;14,3;0;0;;вебмастер
оклейка авто фар пленкой;услуга;Бронирование и оклейка;/uslugi/polirovka-i-okleyka-far;2;1;0;0;;21;0;51;topvisor, search console
оклейка бронь пленкой фар;услуга;Бронирование и оклейка;/uslugi/polirovka-i-okleyka-far;1;0;7;0;13,3;0;0;;topvisor, вебмастер
полировка и бронирование фар в минске;услуга;Бронирование и оклейка;/uslugi/polirovka-i-okleyka-far;;;7;2;5,2;0;0;;вебмастер
бронирование противотуманных фар;услуга;Бронирование и оклейка;/uslugi/polirovka-i-okleyka-far;1;1;0;0;;0;0;;topvisor
забронировать фары пленкой цена;услуга;Бронирование и оклейка;/uslugi/polirovka-i-okleyka-far;1;1;0;0;;0;0;;topvisor
полировка фар и оклейка пленкой минск цена;услуга;Бронирование и оклейка;/uslugi/polirovka-i-okleyka-far;;;6;2;5,2;0;0;;вебмастер
бронирование фар цена минск;услуга;Бронирование и оклейка;/uslugi/polirovka-i-okleyka-far;;;6;0;15,5;0;0;;вебмастер
оклейка и полировка фар;услуга;Бронирование и оклейка;/uslugi/polirovka-i-okleyka-far;;;6;0;3,7;0;0;;вебмастер
бронирование фар пленкой минск;услуга;Бронирование и оклейка;/uslugi/polirovka-i-okleyka-far;;;6;0;11;0;0;;вебмастер
оклейка фар защитной пленкой;услуга;Бронирование и оклейка;/uslugi/polirovka-i-okleyka-far;17;0;4;0;18,8;5;0;49,4;topvisor, вебмастер, search console
бронирование фар цена;услуга;Бронирование и оклейка;/uslugi/polirovka-i-okleyka-far;;;4;0;17;0;0;;вебмастер
полировка оклейка фар;услуга;Бронирование и оклейка;/uslugi/polirovka-i-okleyka-far;;;0;0;;9;1;23,2;search console
полировка фар в минске и оклейка пленкой;услуга;Бронирование и оклейка;/uslugi/polirovka-i-okleyka-far;;;0;0;;9;0;22,3;search console
бронирование фар;услуга;Бронирование и оклейка;/uslugi/polirovka-i-okleyka-far;28;0;3;0;10,3;1;0;49;topvisor, вебмастер, search console
оклейка и полировка фар в миске;услуга;Бронирование и оклейка;/uslugi/polirovka-i-okleyka-far;;;3;0;4,3;0;0;;вебмастер
оклейка на фары в минске;услуга;Бронирование и оклейка;/uslugi/polirovka-i-okleyka-far;;;3;0;10;0;0;;вебмастер
полировка и оклейка фар минск;услуга;Бронирование и оклейка;/uslugi/polirovka-i-okleyka-far;;;2;0;3,5;6;0;8,5;вебмастер, search console
полировка фар и бронирование пленкой;услуга;Бронирование и оклейка;/uslugi/polirovka-i-okleyka-far;;;2;0;9;0;0;;вебмастер
полировка фар и бронирование пленкой минск;услуга;Бронирование и оклейка;/uslugi/polirovka-i-okleyka-far;;;2;1;7;0;0;;вебмастер
полировка фар и оклейка;услуга;Бронирование и оклейка;/uslugi/polirovka-i-okleyka-far;;;2;0;3,5;0;0;;вебмастер
где в минске отполировать фары и покрыть их пленкой;услуга;Бронирование и оклейка;/uslugi/polirovka-i-okleyka-far;;;2;2;12;0;0;;вебмастер
оклейка фар без полировки;услуга;Бронирование и оклейка;/uslugi/polirovka-i-okleyka-far;;;2;0;10,5;0;0;;вебмастер
оклейка фар полиуретановой пленкой сухарево;услуга;Бронирование и оклейка;/uslugi/polirovka-i-okleyka-far;;;2;0;8;0;0;;вебмастер
оклейка пленкой фары авто;услуга;Бронирование и оклейка;/uslugi/polirovka-i-okleyka-far;;;0;0;;5;0;22,8;search console
оклейка фар полиуретановой;услуга;Бронирование и оклейка;/uslugi/polirovka-i-okleyka-far;;;0;0;;4;0;17,5;search console
полировка фар и покрытие пленкой;услуга;Бронирование и оклейка;/uslugi/polirovka-i-okleyka-far;;;0;0;;3;0;7;search console
оклейка фар полиуретановой пленкой минск;услуга;Бронирование и оклейка;/uslugi/polirovka-i-okleyka-far;;;1;0;12;0;0;;вебмастер
оклейка фар в уручье;услуга;Бронирование и оклейка;/uslugi/polirovka-i-okleyka-far;;;1;1;5;0;0;;вебмастер
полировка фар, оклейка пленкой пушкинская;услуга;Бронирование и оклейка;/uslugi/polirovka-i-okleyka-far;;;1;0;7;0;0;;вебмастер
рено меган 3 универсал оклейка задних фар;услуга;Бронирование и оклейка;/uslugi/polirovka-i-okleyka-far;;;1;0;11;0;0;;вебмастер
полировка и бронирование фар»: объявления в минске;услуга;Бронирование и оклейка;/uslugi/polirovka-i-okleyka-far;;;1;0;10;0;0;;вебмастер
прлировка фар и оклейка пленкой;услуга;Бронирование и оклейка;/uslugi/polirovka-i-okleyka-far;;;1;0;11;0;0;;вебмастер
полировка фар и оклейка в бронепленку;услуга;Бронирование и оклейка;/uslugi/polirovka-i-okleyka-far;;;1;0;10;0;0;;вебмастер
оклейка фар без крепления на крыло;услуга;Бронирование и оклейка;/uslugi/polirovka-i-okleyka-far;;;1;0;9;0;0;;вебмастер
сколько стоит полировка и бронирование фар;услуга;Бронирование и оклейка;/uslugi/polirovka-i-okleyka-far;;;1;0;12;0;0;;вебмастер
бронирование фар авто;услуга;Бронирование и оклейка;/uslugi/polirovka-i-okleyka-far;;;0;0;;1;0;53;search console
обклеить фары пленкой;услуга;Бронирование и оклейка;/uslugi/polirovka-i-okleyka-far;;;0;0;;1;0;55;search console
полировка фар с пленкой;услуга;Бронирование и оклейка;/uslugi/polirovka-i-okleyka-far;;;0;0;;1;0;8;search console
стоимость бронирования фар;услуга;Бронирование и оклейка;/uslugi/polirovka-i-okleyka-far;;;0;0;;1;0;51;search console
восстановление фар пленкой;услуга;Бронирование и оклейка;/uslugi/polirovka-i-okleyka-far;1;0;0;0;;0;0;;topvisor
оклейка фар видео;услуга;Бронирование и оклейка;/uslugi/polirovka-i-okleyka-far;6;0;0;0;;0;0;;topvisor
оклейка фар защитной;услуга;Бронирование и оклейка;/uslugi/polirovka-i-okleyka-far;3;0;0;0;;0;0;;topvisor
оклейка фар на авто;услуга;Бронирование и оклейка;/uslugi/polirovka-i-okleyka-far;1;0;0;0;;0;0;;topvisor
оклейка фар броне пленкой;услуга;Бронирование и оклейка;/uslugi/polirovka-i-okleyka-far;1;0;0;0;;0;0;;topvisor
пленка для оклейки фар автомобиля;услуга;Бронирование и оклейка;/uslugi/polirovka-i-okleyka-far;1;0;0;0;;0;0;;topvisor
бронирование фар пленкой цена;услуга;Бронирование и оклейка;/uslugi/polirovka-i-okleyka-far;2;0;0;0;;0;0;;topvisor
бронирование фар пленкой белгород;услуга;Бронирование и оклейка;/uslugi/polirovka-i-okleyka-far;0;0;0;0;;0;0;;topvisor
сколько стоит забронировать фары на авто пленкой цена;услуга;Бронирование и оклейка;/uslugi/polirovka-i-okleyka-far;0;0;0;0;;0;0;;topvisor
бронирование фар полиуретановой пленкой цена;услуга;Бронирование и оклейка;/uslugi/polirovka-i-okleyka-far;0;0;0;0;;0;0;;topvisor
бронирование фар владивосток;услуга;Бронирование и оклейка;/uslugi/polirovka-i-okleyka-far;0;0;0;0;;0;0;;topvisor
бронирование фар в красноярске;услуга;Бронирование и оклейка;/uslugi/polirovka-i-okleyka-far;0;0;0;0;;0;0;;topvisor
бронирование фар в красноярске цена;услуга;Бронирование и оклейка;/uslugi/polirovka-i-okleyka-far;0;0;0;0;;0;0;;topvisor
бронирование фар в красноярске цена и адреса;услуга;Бронирование и оклейка;/uslugi/polirovka-i-okleyka-far;0;0;0;0;;0;0;;topvisor
сколько стоит оклейка фар бронепленкой;услуга;Бронирование и оклейка;/uslugi/polirovka-i-okleyka-far;0;0;0;0;;0;0;;topvisor
оклейка фар пленкой лада веста;услуга;Бронирование и оклейка;/uslugi/polirovka-i-okleyka-far;0;0;0;0;;0;0;;topvisor
оклейка фар пленкой видео;услуга;Бронирование и оклейка;/uslugi/polirovka-i-okleyka-far;3;0;0;0;;0;0;;topvisor
оклейка фар фотохромной пленкой;услуга;Бронирование и оклейка;/uslugi/polirovka-i-okleyka-far;0;0;0;0;;0;0;;topvisor
оклейка фар бронепленкой мытищи;услуга;Бронирование и оклейка;/uslugi/polirovka-i-okleyka-far;0;0;0;0;;0;0;;topvisor
оклейка фар бронепленкой видео;услуга;Бронирование и оклейка;/uslugi/polirovka-i-okleyka-far;2;0;0;0;;0;0;;topvisor
оклейка фар полиуретановой пленкой цена;услуга;Бронирование и оклейка;/uslugi/polirovka-i-okleyka-far;0;0;0;0;;0;0;;topvisor
оклейка фар полиуретановой пленкой видео;услуга;Бронирование и оклейка;/uslugi/polirovka-i-okleyka-far;0;0;0;0;;0;0;;topvisor
оклейка фары полиуретановой пленкой;услуга;Бронирование и оклейка;/uslugi/polirovka-i-okleyka-far;0;0;0;0;;0;0;;topvisor
оклейка полиуретановой пленкой фар;услуга;Бронирование и оклейка;/uslugi/polirovka-i-okleyka-far;0;0;0;0;;0;0;;topvisor
оклейка фар в бронепленку;услуга;Бронирование и оклейка;/uslugi/polirovka-i-okleyka-far;6;0;0;0;;0;0;;topvisor
оклейка фар в бронепленку цена;услуга;Бронирование и оклейка;/uslugi/polirovka-i-okleyka-far;0;0;0;0;;0;0;;topvisor
оклейка фар защитной пленкой цена;услуга;Бронирование и оклейка;/uslugi/polirovka-i-okleyka-far;0;0;0;0;;0;0;;topvisor
ремонт стабилизатора напряжения дхо вольво хс;услуга;ДХО, LED и адаптивные фары;/uslugi/remont-far (блок электроника фар);11;6;0;0;;0;0;;topvisor
ремонт матричной фары инфинити минск;услуга;ДХО, LED и адаптивные фары;/uslugi/remont-far (блок электроника фар);5;5;3;1;2;0;0;;topvisor, вебмастер
ремонт светодиодных фар в минске;услуга;ДХО, LED и адаптивные фары;/uslugi/remont-far (блок электроника фар);4;4;23;6;6,7;0;0;;topvisor, вебмастер
ремонт светодиодных фар;услуга;ДХО, LED и адаптивные фары;/uslugi/remont-far (блок электроника фар);4;2;3;0;17,3;6;0;60,2;topvisor, вебмастер, search console
ремонт дхо рено меган 4;услуга;ДХО, LED и адаптивные фары;/uslugi/remont-far (блок электроника фар);5;0;11;1;9,5;0;0;;topvisor, вебмастер
ремонт лед фар;услуга;ДХО, LED и адаптивные фары;/uslugi/remont-far (блок электроника фар);6;1;0;0;;3;0;15,3;topvisor, search console
ремонт фар дхо;услуга;ДХО, LED и адаптивные фары;/uslugi/remont-far (блок электроника фар);6;1;0;0;;0;0;;topvisor
ремонт led фар;услуга;ДХО, LED и адаптивные фары;/uslugi/remont-far (блок электроника фар);1;1;0;0;;2;0;21,5;topvisor, search console
ремонт дхо минск;услуга;ДХО, LED и адаптивные фары;/uslugi/remont-far (блок электроника фар);;;5;0;6,8;0;0;;вебмастер
ремонт дхо;услуга;ДХО, LED и адаптивные фары;/uslugi/remont-far (блок электроника фар);15;0;2;0;8,5;13;1;12,8;topvisor, вебмастер, search console
установка лед фар рено меган 4;услуга;ДХО, LED и адаптивные фары;/uslugi/remont-far (блок электроника фар);;;4;0;9;0;0;;вебмастер
ремонт дхо рено сценик 3 минск;услуга;ДХО, LED и адаптивные фары;/uslugi/remont-far (блок электроника фар);;;4;2;1,5;0;0;;вебмастер
ремонт дхо шевроле малибу 9 дорест;услуга;ДХО, LED и адаптивные фары;/uslugi/remont-far (блок электроника фар);;;3;0;6,3;0;0;;вебмастер
ремонт дхо бмв в минске;услуга;ДХО, LED и адаптивные фары;/uslugi/remont-far (блок электроника фар);;;3;0;5;0;0;;вебмастер
лед ходовые огни ремонт минск;услуга;ДХО, LED и адаптивные фары;/uslugi/remont-far (блок электроника фар);;;3;0;6,3;0;0;;вебмастер
установка билед фар;услуга;ДХО, LED и адаптивные фары;/uslugi/remont-far (блок электроника фар);;;3;0;8;0;0;;вебмастер
ремонт дхо ниссан кашкай j11 минск;услуга;ДХО, LED и адаптивные фары;/uslugi/remont-far (блок электроника фар);;;3;1;1,7;0;0;;вебмастер
bi led фары что это;услуга;ДХО, LED и адаптивные фары;/uslugi/remont-far (блок электроника фар);;;3;0;10,7;0;0;;вебмастер
ремонт ходовых огней форд фокус 4;услуга;ДХО, LED и адаптивные фары;/uslugi/remont-far (блок электроника фар);;;2;1;2;0;0;;вебмастер
ремонт лед фары ниссан кашкай j11 в минск;услуга;ДХО, LED и адаптивные фары;/uslugi/remont-far (блок электроника фар);;;2;0;2,5;0;0;;вебмастер
изготовление билед фар в минске;услуга;ДХО, LED и адаптивные фары;/uslugi/remont-far (блок электроника фар);;;2;0;9,5;0;0;;вебмастер
ремонт дхо соната;услуга;ДХО, LED и адаптивные фары;/uslugi/remont-far (блок электроника фар);;;2;0;8;0;0;;вебмастер
ремонт дхо фольксваген атлас;услуга;ДХО, LED и адаптивные фары;/uslugi/remont-far (блок электроника фар);;;2;0;6,5;0;0;;вебмастер
ремонт ходовых огней ситроен с5 в белоруссии;услуга;ДХО, LED и адаптивные фары;/uslugi/remont-far (блок электроника фар);;;2;0;8;0;0;;вебмастер
ремонт дхо бмв минск;услуга;ДХО, LED и адаптивные фары;/uslugi/remont-far (блок электроника фар);;;2;0;8;0;0;;вебмастер
восстановить дхо минск;услуга;ДХО, LED и адаптивные фары;/uslugi/remont-far (блок электроника фар);;;2;0;5;0;0;;вебмастер
замена блока дхо опель инсигния 1 рестайлинг;услуга;ДХО, LED и адаптивные фары;/uslugi/remont-far (блок электроника фар);;;2;0;8,5;0;0;;вебмастер
ремонт дхо мондео 5 в минске;услуга;ДХО, LED и адаптивные фары;/uslugi/remont-far (блок электроника фар);;;2;0;1,5;0;0;;вебмастер
ремонт дхо g30 минск;услуга;ДХО, LED и адаптивные фары;/uslugi/remont-far (блок электроника фар);;;2;1;2,5;0;0;;вебмастер
коррекция адаптивного света фар в минске;услуга;ДХО, LED и адаптивные фары;/uslugi/remont-far (блок электроника фар);;;2;0;8,5;0;0;;вебмастер
би лед фары что это;услуга;ДХО, LED и адаптивные фары;/uslugi/remont-far (блок электроника фар);;;2;0;11,5;0;0;;вебмастер
би лед фары стоимость установки;услуга;ДХО, LED и адаптивные фары;/uslugi/remont-far (блок электроника фар);;;2;0;10,5;0;0;;вебмастер
ремонт ходовых огней форд эдж 2015-2018?;услуга;ДХО, LED и адаптивные фары;/uslugi/remont-far (блок электроника фар);;;2;1;3;0;0;;вебмастер
ремонт дхо на фиат типо в минске;услуга;ДХО, LED и адаптивные фары;/uslugi/remont-far (блок электроника фар);;;1;0;4;0;0;;вебмастер
ремонт лед фар в минске;услуга;ДХО, LED и адаптивные фары;/uslugi/remont-far (блок электроника фар);;;1;0;11;0;0;;вебмастер
ремонт дхо пежо 5008;услуга;ДХО, LED и адаптивные фары;/uslugi/remont-far (блок электроника фар);;;1;0;9;0;0;;вебмастер
ремонт дхо ситроен ds7 в минске;услуга;ДХО, LED и адаптивные фары;/uslugi/remont-far (блок электроника фар);;;1;0;9;0;0;;вебмастер
ремонт дневных ходовых огней для peugeot 508 рестайлинг;услуга;ДХО, LED и адаптивные фары;/uslugi/remont-far (блок электроника фар);;;1;0;13;0;0;;вебмастер
ремонт дхо рено каджар 2020 года - стоимость;услуга;ДХО, LED и адаптивные фары;/uslugi/remont-far (блок электроника фар);;;1;0;8;0;0;;вебмастер
ремонт фары со светодиодным ходовым огнем для vw touran 2013 г.в.;услуга;ДХО, LED и адаптивные фары;/uslugi/remont-far (блок электроника фар);;;1;0;9;0;0;;вебмастер
дневные ходовые огни-ремонт;услуга;ДХО, LED и адаптивные фары;/uslugi/remont-far (блок электроника фар);;;1;0;12;0;0;;вебмастер
ремонт дхо рено меган 4 в минске;услуга;ДХО, LED и адаптивные фары;/uslugi/remont-far (блок электроника фар);;;1;0;5;0;0;;вебмастер
ремонт дневных ходовых огней audi q7 4m в минске;услуга;ДХО, LED и адаптивные фары;/uslugi/remont-far (блок электроника фар);;;1;0;6;0;0;;вебмастер
ремонт светодиодных фар минск;услуга;ДХО, LED и адаптивные фары;/uslugi/remont-far (блок электроника фар);;;0;0;;1;0;50;search console
ремонт ходовых огней;услуга;ДХО, LED и адаптивные фары;/uslugi/remont-far (блок электроника фар);;;0;0;;1;0;11;search console
ремонт матричных фар;услуга;ДХО, LED и адаптивные фары;/uslugi/remont-far (блок электроника фар);6;0;0;0;;0;0;;topvisor
ремонт дхо меган;услуга;ДХО, LED и адаптивные фары;/uslugi/remont-far (блок электроника фар);5;0;0;0;;0;0;;topvisor
ремонт дхо меган 4;услуга;ДХО, LED и адаптивные фары;/uslugi/remont-far (блок электроника фар);5;0;0;0;;0;0;;topvisor
ремонт дхо рено;услуга;ДХО, LED и адаптивные фары;/uslugi/remont-far (блок электроника фар);5;0;0;0;;0;0;;topvisor
ремонт дхо киа;услуга;ДХО, LED и адаптивные фары;/uslugi/remont-far (блок электроника фар);1;0;0;0;;0;0;;topvisor
ремонт дхо bmw;услуга;ДХО, LED и адаптивные фары;/uslugi/remont-far (блок электроника фар);1;0;0;0;;0;0;;topvisor
ремонт дхо санта фе 3;услуга;ДХО, LED и адаптивные фары;/uslugi/remont-far (блок электроника фар);0;0;0;0;;0;0;;topvisor
ремонт дхо bmw g30;услуга;ДХО, LED и адаптивные фары;/uslugi/remont-far (блок электроника фар);1;0;0;0;;0;0;;topvisor
ремонт дхо audi q7 4m;услуга;ДХО, LED и адаптивные фары;/uslugi/remont-far (блок электроника фар);0;0;0;0;;0;0;;topvisor
ремонт дхо ауди q7 4m;услуга;ДХО, LED и адаптивные фары;/uslugi/remont-far (блок электроника фар);0;0;0;0;;0;0;;topvisor
ремонт дхо киа оптима 4;услуга;ДХО, LED и адаптивные фары;/uslugi/remont-far (блок электроника фар);0;0;0;0;;0;0;;topvisor
ремонт дхо уаз патриот;услуга;ДХО, LED и адаптивные фары;/uslugi/remont-far (блок электроника фар);0;0;0;0;;0;0;;topvisor
ремонт дхо уаз патриот 2019;услуга;ДХО, LED и адаптивные фары;/uslugi/remont-far (блок электроника фар);0;0;0;0;;0;0;;topvisor
ремонт дхо на уаз патриот;услуга;ДХО, LED и адаптивные фары;/uslugi/remont-far (блок электроника фар);0;0;0;0;;0;0;;topvisor
уаз патриот ремонт дхо;услуга;ДХО, LED и адаптивные фары;/uslugi/remont-far (блок электроника фар);0;0;0;0;;0;0;;topvisor
ремонт дхо мондео 4;услуга;ДХО, LED и адаптивные фары;/uslugi/remont-far (блок электроника фар);0;0;0;0;;0;0;;topvisor
ремонт дхо соната 8;услуга;ДХО, LED и адаптивные фары;/uslugi/remont-far (блок электроника фар);0;0;0;0;;0;0;;topvisor
ремонт дхо мазда сх5;услуга;ДХО, LED и адаптивные фары;/uslugi/remont-far (блок электроника фар);0;0;0;0;;0;0;;topvisor
ремонт led фар автомобиля;услуга;ДХО, LED и адаптивные фары;/uslugi/remont-far (блок электроника фар);0;0;0;0;;0;0;;topvisor
ремонт светодиодных фар автомобиля;услуга;ДХО, LED и адаптивные фары;/uslugi/remont-far (блок электроника фар);0;0;0;0;;0;0;;topvisor
ремонт адаптивных фар;услуга;ДХО, LED и адаптивные фары;/uslugi/remont-far (блок электроника фар);0;0;0;0;;0;0;;topvisor
ремонт диодных фонарей на авто;услуга;Задние фонари;новая страница или блок на /uslugi/remont-far;;;8;0;13,2;0;0;;вебмастер
ремонт задних светодиодных фонарей автомобиля;услуга;Задние фонари;новая страница или блок на /uslugi/remont-far;1;1;0;0;;0;0;;topvisor
ремонт автомобильных фонарей;услуга;Задние фонари;новая страница или блок на /uslugi/remont-far;;;3;0;7,3;0;0;;вебмастер
ремонт светодиодных фонарей автомобиля;услуга;Задние фонари;новая страница или блок на /uslugi/remont-far;;;0;0;;8;0;77,6;search console
ремонт диодных фонарей audi a6 c6 в минске;услуга;Задние фонари;новая страница или блок на /uslugi/remont-far;;;2;0;9,5;0;0;;вебмастер
мастерские по ремонту лед фонарей голден шарк;услуга;Задние фонари;новая страница или блок на /uslugi/remont-far;;;2;0;10;0;0;;вебмастер
ремонт фар и фонарей;услуга;Задние фонари;новая страница или блок на /uslugi/remont-far;;;2;0;10;0;0;;вебмастер
восстановление автомобильных фонарей;услуга;Задние фонари;новая страница или блок на /uslugi/remont-far;;;2;0;6,5;0;0;;вебмастер
ремонт фонарей;услуга;Задние фонари;новая страница или блок на /uslugi/remont-far;;;0;0;;3;0;64;search console
очистка фонарей автомобиля из америки от соли минск;услуга;Задние фонари;новая страница или блок на /uslugi/remont-far;;;1;0;12;0;0;;вебмастер
ремонт автомобильных фонарей в минске;услуга;Задние фонари;новая страница или блок на /uslugi/remont-far;;;1;0;6;0;0;;вебмастер
ремонт фонарей авто;услуга;Задние фонари;новая страница или блок на /uslugi/remont-far;;;1;0;8;0;0;;вебмастер
ретрофит задних фонарей минск;услуга;Задние фонари;новая страница или блок на /uslugi/remont-far;;;1;0;5;0;0;;вебмастер
ремонт фар и фонарей в минске;услуга;Задние фонари;новая страница или блок на /uslugi/remont-far;;;1;0;7;0;0;;вебмастер
ремонт автофонарей минск;услуга;Задние фонари;новая страница или блок на /uslugi/remont-far;;;1;0;5;0;0;;вебмастер
ремонт задних led фонарей;услуга;Задние фонари;новая страница или блок на /uslugi/remont-far;3;0;0;0;;0;0;;topvisor
ремонт задних фонарей ауди;услуга;Задние фонари;новая страница или блок на /uslugi/remont-far;3;0;0;0;;0;0;;topvisor
ремонт заднего правого фонаря;услуга;Задние фонари;новая страница или блок на /uslugi/remont-far;2;0;0;0;;0;0;;topvisor
ауди а8 задние фонари ремонт;услуга;Задние фонари;новая страница или блок на /uslugi/remont-far;1;0;0;0;;0;0;;topvisor
ремонт заднего светодиодного фонаря;услуга;Задние фонари;новая страница или блок на /uslugi/remont-far;1;0;0;0;;0;0;;topvisor
ремонт задних фонарей светодиодов;услуга;Задние фонари;новая страница или блок на /uslugi/remont-far;1;0;0;0;;0;0;;topvisor
ремонт фонари задние диодов;услуга;Задние фонари;новая страница или блок на /uslugi/remont-far;1;0;0;0;;0;0;;topvisor
ремонт задних фонарей мазда;услуга;Задние фонари;новая страница или блок на /uslugi/remont-far;1;0;0;0;;0;0;;topvisor
ремонт задних лед фонарей;услуга;Задние фонари;новая страница или блок на /uslugi/remont-far;1;0;0;0;;0;0;;topvisor
ремонт задних фонарей;услуга;Задние фонари;новая страница или блок на /uslugi/remont-far;35;0;0;0;;0;0;;topvisor
ремонт задних фонарей автомобиля;услуга;Задние фонари;новая страница или блок на /uslugi/remont-far;1;0;0;0;;0;0;;topvisor
ремонт задних фонарей пассат б6;услуга;Задние фонари;новая страница или блок на /uslugi/remont-far;0;0;0;0;;0;0;;topvisor
ремонт задних фонарей гольф плюс;услуга;Задние фонари;новая страница или блок на /uslugi/remont-far;0;0;0;0;;0;0;;topvisor
ремонт задних фонарей бмв х5 е70;услуга;Задние фонари;новая страница или блок на /uslugi/remont-far;0;0;0;0;;0;0;;topvisor
ремонт задних фонарей ваз 2115;услуга;Задние фонари;новая страница или блок на /uslugi/remont-far;0;0;0;0;;0;0;;topvisor
ремонт задних фонарей камри 55;услуга;Задние фонари;новая страница или блок на /uslugi/remont-far;0;0;0;0;;0;0;;topvisor
ремонт задних фонарей ауди а6 с7;услуга;Задние фонари;новая страница или блок на /uslugi/remont-far;0;0;0;0;;0;0;;topvisor
ремонт задних фонарей ваз 2104;услуга;Задние фонари;новая страница или блок на /uslugi/remont-far;0;0;0;0;;0;0;;topvisor
замена стекла фары минск;услуга;Замена стекла фары;новая страница /uslugi/remont-far/zamena-stekla (сейчас — внутри /uslugi/remont-far);10;5;24;6;6,6;103;7;10,4;topvisor, вебмастер, search console
замена стекла в фаре пежо;услуга;Замена стекла фары;новая страница /uslugi/remont-far/zamena-stekla (сейчас — внутри /uslugi/remont-far);7;5;0;0;;0;0;;topvisor
замена стекла фары ваз 2105;услуга;Замена стекла фары;новая страница /uslugi/remont-far/zamena-stekla (сейчас — внутри /uslugi/remont-far);5;5;0;0;;0;0;;topvisor
восстановление стекла фары;услуга;Замена стекла фары;новая страница /uslugi/remont-far/zamena-stekla (сейчас — внутри /uslugi/remont-far);14;4;4;0;8;0;0;;topvisor, вебмастер
сто по замене стекла на передних фарах;услуга;Замена стекла фары;новая страница /uslugi/remont-far/zamena-stekla (сейчас — внутри /uslugi/remont-far);;;24;3;6,6;0;0;;вебмастер
замена стекла фары;услуга;Замена стекла фары;новая страница /uslugi/remont-far/zamena-stekla (сейчас — внутри /uslugi/remont-far);115;2;10;0;9,8;14;0;11,1;topvisor, вебмастер, search console
сто заменить стекла на фарах;услуга;Замена стекла фары;новая страница /uslugi/remont-far/zamena-stekla (сейчас — внутри /uslugi/remont-far);;;10;1;8,1;0;0;;вебмастер
заменить стекло на фарах;услуга;Замена стекла фары;новая страница /uslugi/remont-far/zamena-stekla (сейчас — внутри /uslugi/remont-far);;;7;0;4,7;0;0;;вебмастер
замена стекла фары бмв х5 е70;услуга;Замена стекла фары;новая страница /uslugi/remont-far/zamena-stekla (сейчас — внутри /uslugi/remont-far);3;1;0;0;;0;0;;topvisor
замена пластикового стекла фары;услуга;Замена стекла фары;новая страница /uslugi/remont-far/zamena-stekla (сейчас — внутри /uslugi/remont-far);2;1;0;0;;0;0;;topvisor
замена стекла фары лансер 10;услуга;Замена стекла фары;новая страница /uslugi/remont-far/zamena-stekla (сейчас — внутри /uslugi/remont-far);1;1;0;0;;0;0;;topvisor
замена стекла фары пассат б6;услуга;Замена стекла фары;новая страница /uslugi/remont-far/zamena-stekla (сейчас — внутри /uslugi/remont-far);1;1;0;0;;0;0;;topvisor
замена стекла фары субару форестер sh;услуга;Замена стекла фары;новая страница /uslugi/remont-far/zamena-stekla (сейчас — внутри /uslugi/remont-far);1;1;0;0;;0;0;;topvisor
ремонт стекла фары;услуга;Замена стекла фары;новая страница /uslugi/remont-far/zamena-stekla (сейчас — внутри /uslugi/remont-far);;;6;0;9;5;0;8,4;вебмастер, search console
замена стекла фары автомобиля;услуга;Замена стекла фары;новая страница /uslugi/remont-far/zamena-stekla (сейчас — внутри /uslugi/remont-far);2;0;4;0;5,8;0;0;;topvisor, вебмастер
замена стекла в фаре минск;услуга;Замена стекла фары;новая страница /uslugi/remont-far/zamena-stekla (сейчас — внутри /uslugi/remont-far);;;4;1;6;0;0;;вебмастер
замена стекла фар цена;услуга;Замена стекла фары;новая страница /uslugi/remont-far/zamena-stekla (сейчас — внутри /uslugi/remont-far);;;4;0;5;0;0;;вебмастер
замена стекла фар минск;услуга;Замена стекла фары;новая страница /uslugi/remont-far/zamena-stekla (сейчас — внутри /uslugi/remont-far);;;4;0;6,3;0;0;;вебмастер
замена стекла в фате минск;услуга;Замена стекла фары;новая страница /uslugi/remont-far/zamena-stekla (сейчас — внутри /uslugi/remont-far);;;4;0;10,8;0;0;;вебмастер
сделать стекло фары по заказ;услуга;Замена стекла фары;новая страница /uslugi/remont-far/zamena-stekla (сейчас — внутри /uslugi/remont-far);;;4;0;10;0;0;;вебмастер
замена стекла на фаре;услуга;Замена стекла фары;новая страница /uslugi/remont-far/zamena-stekla (сейчас — внутри /uslugi/remont-far);;;2;0;9,5;8;2;10,4;вебмастер, search console
замена стекла фар куфар;услуга;Замена стекла фары;новая страница /uslugi/remont-far/zamena-stekla (сейчас — внутри /uslugi/remont-far);;;3;0;8;0;0;;вебмастер
замена стекла фар;услуга;Замена стекла фары;новая страница /uslugi/remont-far/zamena-stekla (сейчас — внутри /uslugi/remont-far);;;2;1;8,5;8;0;9,9;вебмастер, search console
замена стекла в фаре;услуга;Замена стекла фары;новая страница /uslugi/remont-far/zamena-stekla (сейчас — внутри /uslugi/remont-far);;;0;0;;7;0;11,7;search console
сколько стоит поменять стекло фары джетта 7;услуга;Замена стекла фары;новая страница /uslugi/remont-far/zamena-stekla (сейчас — внутри /uslugi/remont-far);;;2;0;6;0;0;;вебмастер
восстановление стекла фары автомобиля;услуга;Замена стекла фары;новая страница /uslugi/remont-far/zamena-stekla (сейчас — внутри /uslugi/remont-far);;;2;1;11;0;0;;вебмастер
цена замены стекла фары в минске;услуга;Замена стекла фары;новая страница /uslugi/remont-far/zamena-stekla (сейчас — внутри /uslugi/remont-far);;;2;0;6;0;0;;вебмастер
сколько стоит заменить стекло фары;услуга;Замена стекла фары;новая страница /uslugi/remont-far/zamena-stekla (сейчас — внутри /uslugi/remont-far);;;2;0;2,5;0;0;;вебмастер
поменять стекло на фаре;услуга;Замена стекла фары;новая страница /uslugi/remont-far/zamena-stekla (сейчас — внутри /uslugi/remont-far);;;2;0;9,5;0;0;;вебмастер
снять стекло с фары в минске;услуга;Замена стекла фары;новая страница /uslugi/remont-far/zamena-stekla (сейчас — внутри /uslugi/remont-far);;;2;0;6;0;0;;вебмастер
замена стекла фары цена;услуга;Замена стекла фары;новая страница /uslugi/remont-far/zamena-stekla (сейчас — внутри /uslugi/remont-far);;;0;0;;4;1;17,8;search console
ремонт фар автомобиля из оргстекла;услуга;Замена стекла фары;новая страница /uslugi/remont-far/zamena-stekla (сейчас — внутри /uslugi/remont-far);;;1;0;9;0;0;;вебмастер
замена стекл фар в минске;услуга;Замена стекла фары;новая страница /uslugi/remont-far/zamena-stekla (сейчас — внутри /uslugi/remont-far);;;1;0;10;0;0;;вебмастер
сколько стоит поменять стекло в фаре опель инсигния;услуга;Замена стекла фары;новая страница /uslugi/remont-far/zamena-stekla (сейчас — внутри /uslugi/remont-far);;;1;0;10;0;0;;вебмастер
сколько стоит переклеить стекло фары в республике беларусь;услуга;Замена стекла фары;новая страница /uslugi/remont-far/zamena-stekla (сейчас — внутри /uslugi/remont-far);;;1;0;6;0;0;;вебмастер
замена стекл фар минск;услуга;Замена стекла фары;новая страница /uslugi/remont-far/zamena-stekla (сейчас — внутри /uslugi/remont-far);;;1;0;8;0;0;;вебмастер
сколько стоит убрать рефленасть на стекле фар;услуга;Замена стекла фары;новая страница /uslugi/remont-far/zamena-stekla (сейчас — внутри /uslugi/remont-far);;;1;0;3;0;0;;вебмастер
ремонт стекла птф в минске;услуга;Замена стекла фары;новая страница /uslugi/remont-far/zamena-stekla (сейчас — внутри /uslugi/remont-far);;;1;0;5;0;0;;вебмастер
замену стекла фар;услуга;Замена стекла фары;новая страница /uslugi/remont-far/zamena-stekla (сейчас — внутри /uslugi/remont-far);;;1;0;12;0;0;;вебмастер
заменить стекло фары на фиате;услуга;Замена стекла фары;новая страница /uslugi/remont-far/zamena-stekla (сейчас — внутри /uslugi/remont-far);;;1;0;13;0;0;;вебмастер
замена стекла фары форд эйдж 2;услуга;Замена стекла фары;новая страница /uslugi/remont-far/zamena-stekla (сейчас — внутри /uslugi/remont-far);;;1;0;10;0;0;;вебмастер
ремонт стекла фары автомобиля в минске;услуга;Замена стекла фары;новая страница /uslugi/remont-far/zamena-stekla (сейчас — внутри /uslugi/remont-far);;;1;0;5;0;0;;вебмастер
ремонт стекла фары в минске;услуга;Замена стекла фары;новая страница /uslugi/remont-far/zamena-stekla (сейчас — внутри /uslugi/remont-far);;;1;0;8;0;0;;вебмастер
замена стекла фары минск цена;услуга;Замена стекла фары;новая страница /uslugi/remont-far/zamena-stekla (сейчас — внутри /uslugi/remont-far);;;0;0;;2;0;10;search console
замена стекла на фаре цена;услуга;Замена стекла фары;новая страница /uslugi/remont-far/zamena-stekla (сейчас — внутри /uslugi/remont-far);;;0;0;;1;0;13;search console
ремонт стекла фар;услуга;Замена стекла фары;новая страница /uslugi/remont-far/zamena-stekla (сейчас — внутри /uslugi/remont-far);;;0;0;;1;0;1;search console
ремонт трещины стекла фары;услуга;Замена стекла фары;новая страница /uslugi/remont-far/zamena-stekla (сейчас — внутри /uslugi/remont-far);;;0;0;;1;0;9;search console
ремонт фар замена стекла;услуга;Замена стекла фары;новая страница /uslugi/remont-far/zamena-stekla (сейчас — внутри /uslugi/remont-far);;;0;0;;1;0;10;search console
замена стекла фары вольво;услуга;Замена стекла фары;новая страница /uslugi/remont-far/zamena-stekla (сейчас — внутри /uslugi/remont-far);7;0;0;0;;0;0;;topvisor
замена стекла фар ваз;услуга;Замена стекла фары;новая страница /uslugi/remont-far/zamena-stekla (сейчас — внутри /uslugi/remont-far);5;0;0;0;;0;0;;topvisor
замена стекла фары 2105;услуга;Замена стекла фары;новая страница /uslugi/remont-far/zamena-stekla (сейчас — внутри /uslugi/remont-far);5;0;0;0;;0;0;;topvisor
замена стекла фары бмв;услуга;Замена стекла фары;новая страница /uslugi/remont-far/zamena-stekla (сейчас — внутри /uslugi/remont-far);4;0;0;0;;0;0;;topvisor
замена стекла фары мазда;услуга;Замена стекла фары;новая страница /uslugi/remont-far/zamena-stekla (сейчас — внутри /uslugi/remont-far);3;0;0;0;;0;0;;topvisor
замена стекла фары бмв е70;услуга;Замена стекла фары;новая страница /uslugi/remont-far/zamena-stekla (сейчас — внутри /uslugi/remont-far);3;0;0;0;;0;0;;topvisor
замена стекла фары субару;услуга;Замена стекла фары;новая страница /uslugi/remont-far/zamena-stekla (сейчас — внутри /uslugi/remont-far);3;0;0;0;;0;0;;topvisor
замена стекла фары субару форестер;услуга;Замена стекла фары;новая страница /uslugi/remont-far/zamena-stekla (сейчас — внутри /uslugi/remont-far);3;0;0;0;;0;0;;topvisor
замена стекла фары форестер;услуга;Замена стекла фары;новая страница /uslugi/remont-far/zamena-stekla (сейчас — внутри /uslugi/remont-far);3;0;0;0;;0;0;;topvisor
замена стекла фары тойота;услуга;Замена стекла фары;новая страница /uslugi/remont-far/zamena-stekla (сейчас — внутри /uslugi/remont-far);2;0;0;0;;0;0;;topvisor
замена стекла фары ауди;услуга;Замена стекла фары;новая страница /uslugi/remont-far/zamena-stekla (сейчас — внутри /uslugi/remont-far);1;0;0;0;;0;0;;topvisor
замена стекла фары бмв е53;услуга;Замена стекла фары;новая страница /uslugi/remont-far/zamena-stekla (сейчас — внутри /uslugi/remont-far);1;0;0;0;;0;0;;topvisor
замена стекла фары фольксваген;услуга;Замена стекла фары;новая страница /uslugi/remont-far/zamena-stekla (сейчас — внутри /uslugi/remont-far);1;0;0;0;;0;0;;topvisor
замена стекла фары хс90;услуга;Замена стекла фары;новая страница /uslugi/remont-far/zamena-stekla (сейчас — внутри /uslugi/remont-far);1;0;0;0;;0;0;;topvisor
стекло фары замена е53;услуга;Замена стекла фары;новая страница /uslugi/remont-far/zamena-stekla (сейчас — внутри /uslugi/remont-far);1;0;0;0;;0;0;;topvisor
замена стекла фар форестер sh;услуга;Замена стекла фары;новая страница /uslugi/remont-far/zamena-stekla (сейчас — внутри /uslugi/remont-far);1;0;0;0;;0;0;;topvisor
замена стекла фары ниссан;услуга;Замена стекла фары;новая страница /uslugi/remont-far/zamena-stekla (сейчас — внутри /uslugi/remont-far);1;0;0;0;;0;0;;topvisor
замена стекла фары ниссан теана;услуга;Замена стекла фары;новая страница /uslugi/remont-far/zamena-stekla (сейчас — внутри /uslugi/remont-far);1;0;0;0;;0;0;;topvisor
стекла фар минск;услуга;Замена стекла фары;новая страница /uslugi/remont-far/zamena-stekla (сейчас — внутри /uslugi/remont-far);74;0;0;0;;0;0;;topvisor
ремонт стекла заднего фонаря;услуга;Замена стекла фары;новая страница /uslugi/remont-far/zamena-stekla (сейчас — внутри /uslugi/remont-far);3;0;0;0;;0;0;;topvisor
замена стекла фары ваз 2109;услуга;Замена стекла фары;новая страница /uslugi/remont-far/zamena-stekla (сейчас — внутри /uslugi/remont-far);0;0;0;0;;0;0;;topvisor
замена стекла фары ваз 2107;услуга;Замена стекла фары;новая страница /uslugi/remont-far/zamena-stekla (сейчас — внутри /uslugi/remont-far);0;0;0;0;;0;0;;topvisor
замена стекла фары ваз 2107 передней;услуга;Замена стекла фары;новая страница /uslugi/remont-far/zamena-stekla (сейчас — внутри /uslugi/remont-far);0;0;0;0;;0;0;;topvisor
замена стекла фар ваз 2107;услуга;Замена стекла фары;новая страница /uslugi/remont-far/zamena-stekla (сейчас — внутри /uslugi/remont-far);0;0;0;0;;0;0;;topvisor
замена стекла фары на ваз 2107;услуга;Замена стекла фары;новая страница /uslugi/remont-far/zamena-stekla (сейчас — внутри /uslugi/remont-far);0;0;0;0;;0;0;;topvisor
замена стекла фары веста;услуга;Замена стекла фары;новая страница /uslugi/remont-far/zamena-stekla (сейчас — внутри /uslugi/remont-far);0;0;0;0;;0;0;;topvisor
замена стекла фары лада веста нг;услуга;Замена стекла фары;новая страница /uslugi/remont-far/zamena-stekla (сейчас — внутри /uslugi/remont-far);0;0;0;0;;0;0;;topvisor
замена стекла фары лада веста;услуга;Замена стекла фары;новая страница /uslugi/remont-far/zamena-stekla (сейчас — внутри /uslugi/remont-far);0;0;0;0;;0;0;;topvisor
замена стекла фары гольф 4;услуга;Замена стекла фары;новая страница /uslugi/remont-far/zamena-stekla (сейчас — внутри /uslugi/remont-far);0;0;0;0;;0;0;;topvisor
замена стекла фары киа спортейдж 3;услуга;Замена стекла фары;новая страница /uslugi/remont-far/zamena-stekla (сейчас — внутри /uslugi/remont-far);0;0;0;0;;0;0;;topvisor
замена стекла фары ваз 2114;услуга;Замена стекла фары;новая страница /uslugi/remont-far/zamena-stekla (сейчас — внутри /uslugi/remont-far);0;0;0;0;;0;0;;topvisor
замена стекла фары на ваз 2114;услуга;Замена стекла фары;новая страница /uslugi/remont-far/zamena-stekla (сейчас — внутри /uslugi/remont-far);0;0;0;0;;0;0;;topvisor
замена стекла фары вольво хс90;услуга;Замена стекла фары;новая страница /uslugi/remont-far/zamena-stekla (сейчас — внутри /uslugi/remont-far);1;0;0;0;;0;0;;topvisor
замена стекла фары уаз патриот;услуга;Замена стекла фары;новая страница /uslugi/remont-far/zamena-stekla (сейчас — внутри /uslugi/remont-far);0;0;0;0;;0;0;;topvisor
замена стекла фары уаз патриот 2017;услуга;Замена стекла фары;новая страница /uslugi/remont-far/zamena-stekla (сейчас — внутри /uslugi/remont-far);0;0;0;0;;0;0;;topvisor
замена стекла фары шевроле лачетти седан;услуга;Замена стекла фары;новая страница /uslugi/remont-far/zamena-stekla (сейчас — внутри /uslugi/remont-far);0;0;0;0;;0;0;;topvisor
устранение запотевания фар в минске;услуга;Запотевание и герметизация;/uslugi/ustraneniye-zapotevaniya;5;5;3;0;6;0;0;;topvisor, вебмастер
ремонт запотевания фар;услуга;Запотевание и герметизация;/uslugi/ustraneniye-zapotevaniya;3;3;2;0;10;14;0;12,7;topvisor, вебмастер, search console
потеет фара лексус ремонт цена;услуга;Запотевание и герметизация;/uslugi/ustraneniye-zapotevaniya;;;16;0;5,5;0;0;;вебмастер
запотевание фар;услуга;Запотевание и герметизация;/uslugi/ustraneniye-zapotevaniya;49;2;0;0;;0;0;;topvisor
устранение запотевания фар;услуга;Запотевание и герметизация;/uslugi/ustraneniye-zapotevaniya;9;2;3;0;10,3;32;0;18,8;topvisor, вебмастер, search console
потеет фара как устранить;услуга;Запотевание и герметизация;/uslugi/ustraneniye-zapotevaniya;3;2;0;0;;0;0;;topvisor
потеют фары мазда 3;услуга;Запотевание и герметизация;/uslugi/ustraneniye-zapotevaniya;2;2;0;0;;0;0;;topvisor
чем проклеить фару от запотевания;услуга;Запотевание и герметизация;/uslugi/ustraneniye-zapotevaniya;1;1;0;0;;0;0;;topvisor
потеет фара;услуга;Запотевание и герметизация;/uslugi/ustraneniye-zapotevaniya;64;1;0;0;;0;0;;topvisor
потеет фара рав 4;услуга;Запотевание и герметизация;/uslugi/ustraneniye-zapotevaniya;1;1;0;0;;0;0;;topvisor
запотевание фар ремонт;услуга;Запотевание и герметизация;/uslugi/ustraneniye-zapotevaniya;21;1;0;0;;3;0;9;topvisor, search console
потеют фары;услуга;Запотевание и герметизация;/uslugi/ustraneniye-zapotevaniya;64;1;0;0;;0;0;;topvisor
потеют фары изнутри что можно сделать;услуга;Запотевание и герметизация;/uslugi/ustraneniye-zapotevaniya;1;1;0;0;;0;0;;topvisor
устранение запотевания фар в минске недорого;услуга;Запотевание и герметизация;/uslugi/ustraneniye-zapotevaniya;;;5;0;3,4;0;0;;вебмастер
потеет фара инфинити ремонт цена;услуга;Запотевание и герметизация;/uslugi/ustraneniye-zapotevaniya;;;5;0;6,4;0;0;;вебмастер
запотевание заднего фонаря omoda c5 2026;услуга;Запотевание и герметизация;/uslugi/ustraneniye-zapotevaniya;;;4;0;9,8;0;0;;вебмастер
запотевают фары пежо 408;услуга;Запотевание и герметизация;/uslugi/ustraneniye-zapotevaniya;;;4;0;3,8;0;0;;вебмастер
opel astra k intelilux запотевание фары;услуга;Запотевание и герметизация;/uslugi/ustraneniye-zapotevaniya;;;4;0;7,5;0;0;;вебмастер
запотевает задняя фара byd song plus 2025;услуга;Запотевание и герметизация;/uslugi/ustraneniye-zapotevaniya;;;4;0;3,5;0;0;;вебмастер
запотевание фар сервис;услуга;Запотевание и герметизация;/uslugi/ustraneniye-zapotevaniya;;;3;0;4;0;0;;вебмастер
потеют фары джили атлас new;услуга;Запотевание и герметизация;/uslugi/ustraneniye-zapotevaniya;;;3;0;3,3;0;0;;вебмастер
ремонт запотевание фар;услуга;Запотевание и герметизация;/uslugi/ustraneniye-zapotevaniya;;;3;0;9,3;0;0;;вебмастер
потеют фары porsche macan;услуга;Запотевание и герметизация;/uslugi/ustraneniye-zapotevaniya;;;3;0;4;0;0;;вебмастер
устранение запотевания фар недалеко от старровиленского тракта в минске;услуга;Запотевание и герметизация;/uslugi/ustraneniye-zapotevaniya;;;3;0;10,7;0;0;;вебмастер
после переклейки стекла фар на авто потеют в чем причина и как устранить;услуга;Запотевание и герметизация;/uslugi/ustraneniye-zapotevaniya;;;3;0;7,7;0;0;;вебмастер
ремонт запотевания фар минск;услуга;Запотевание и герметизация;/uslugi/ustraneniye-zapotevaniya;;;0;0;;6;1;18,7;search console
тойота камри 70 2023г. устранение запотевания фар головного света в минске;услуга;Запотевание и герметизация;/uslugi/ustraneniye-zapotevaniya;;;2;0;6;0;0;;вебмастер
переклейка стекла фары hyundai santa fe 4;услуга;Запотевание и герметизация;/uslugi/ustraneniye-zapotevaniya;;;2;1;6,5;0;0;;вебмастер
ремонт запотевание фары в минске;услуга;Запотевание и герметизация;/uslugi/ustraneniye-zapotevaniya;;;2;0;8,5;0;0;;вебмастер
рено мастер 3 переклейка стекла фары;услуга;Запотевание и герметизация;/uslugi/ustraneniye-zapotevaniya;;;2;0;6;0;0;;вебмастер
ремонт фар от запотевания в минске и восстановление;услуга;Запотевание и герметизация;/uslugi/ustraneniye-zapotevaniya;;;2;0;8,5;0;0;;вебмастер
потеют фары шкода рапид;услуга;Запотевание и герметизация;/uslugi/ustraneniye-zapotevaniya;;;2;1;5,5;0;0;;вебмастер
запотевшие фары до и после;услуга;Запотевание и герметизация;/uslugi/ustraneniye-zapotevaniya;;;2;0;4,5;0;0;;вебмастер
является ли нормой запотевание фар;услуга;Запотевание и герметизация;/uslugi/ustraneniye-zapotevaniya;;;2;0;9;0;0;;вебмастер
discovery sport потеют фары передние;услуга;Запотевание и герметизация;/uslugi/ustraneniye-zapotevaniya;;;2;0;6,5;0;0;;вебмастер
может ли запотевать фара если лампочка открыта;услуга;Запотевание и герметизация;/uslugi/ustraneniye-zapotevaniya;;;2;0;5,5;0;0;;вебмастер
запотевает левая фара опель астра 2010;услуга;Запотевание и герметизация;/uslugi/ustraneniye-zapotevaniya;;;2;0;5;0;0;;вебмастер
запотевают фары изнутри после пленки;услуга;Запотевание и герметизация;/uslugi/ustraneniye-zapotevaniya;;;2;0;6;0;0;;вебмастер
переклейка стекла фары ауди минск;услуга;Запотевание и герметизация;/uslugi/ustraneniye-zapotevaniya;;;2;0;8;0;0;;вебмастер
от конденсата остались разводы на внутренней части стекла фары;услуга;Запотевание и герметизация;/uslugi/ustraneniye-zapotevaniya;;;2;0;8,5;0;0;;вебмастер
потеют фары китай лексус стиль;услуга;Запотевание и герметизация;/uslugi/ustraneniye-zapotevaniya;;;2;0;9,5;0;0;;вебмастер
субару импреза gt потеет фара;услуга;Запотевание и герметизация;/uslugi/ustraneniye-zapotevaniya;;;2;0;6;0;0;;вебмастер
устранение запотевания фар автомобиля;услуга;Запотевание и герметизация;/uslugi/ustraneniye-zapotevaniya;;;0;0;;4;0;15,3;search console
переклейка стекла фары цена;услуга;Запотевание и герметизация;/uslugi/ustraneniye-zapotevaniya;;;0;0;;3;0;27,3;search console
переклейка стекла фары;услуга;Запотевание и герметизация;/uslugi/ustraneniye-zapotevaniya;;;1;0;11;2;0;15,5;вебмастер, search console
переклейка стекол фар в минске;услуга;Запотевание и герметизация;/uslugi/ustraneniye-zapotevaniya;;;1;0;6;0;0;;вебмастер
переклейка фар герметиком минск пежо 508 2 поколения;услуга;Запотевание и герметизация;/uslugi/ustraneniye-zapotevaniya;;;1;0;6;0;0;;вебмастер
ремонт фар от запотевания минск;услуга;Запотевание и герметизация;/uslugi/ustraneniye-zapotevaniya;;;1;0;8;0;0;;вебмастер
ремонт фар от запотевания;услуга;Запотевание и герметизация;/uslugi/ustraneniye-zapotevaniya;0;0;0;0;;2;0;8,5;topvisor, search console
запотевание фары ремонт;услуга;Запотевание и герметизация;/uslugi/ustraneniye-zapotevaniya;;;0;0;;2;0;9,5;search console
ремонт фары от запотевания;услуга;Запотевание и герметизация;/uslugi/ustraneniye-zapotevaniya;0;0;0;0;;1;1;10;topvisor, search console
сапун фары;услуга;Запотевание и герметизация;/uslugi/ustraneniye-zapotevaniya;;;0;0;;1;0;10;search console
запотевания задних фар;услуга;Запотевание и герметизация;/uslugi/ustraneniye-zapotevaniya;6;0;0;0;;0;0;;topvisor
запотевания фар автомобиля;услуга;Запотевание и герметизация;/uslugi/ustraneniye-zapotevaniya;5;0;0;0;;0;0;;topvisor
проблема запотевания фар;услуга;Запотевание и герметизация;/uslugi/ustraneniye-zapotevaniya;5;0;0;0;;0;0;;topvisor
запотевание фар мазда;услуга;Запотевание и герметизация;/uslugi/ustraneniye-zapotevaniya;4;0;0;0;;0;0;;topvisor
запотевание фар бмв;услуга;Запотевание и герметизация;/uslugi/ustraneniye-zapotevaniya;2;0;0;0;;0;0;;topvisor
причина запотевания фар;услуга;Запотевание и герметизация;/uslugi/ustraneniye-zapotevaniya;2;0;0;0;;0;0;;topvisor
запотевание фар шкода;услуга;Запотевание и герметизация;/uslugi/ustraneniye-zapotevaniya;2;0;0;0;;0;0;;topvisor
запотевание фар шкода кодиак;услуга;Запотевание и герметизация;/uslugi/ustraneniye-zapotevaniya;2;0;0;0;;0;0;;topvisor
запотевание передней фары;услуга;Запотевание и герметизация;/uslugi/ustraneniye-zapotevaniya;1;0;0;0;;0;0;;topvisor
устраним запотевание фар;услуга;Запотевание и герметизация;/uslugi/ustraneniye-zapotevaniya;1;0;0;0;;0;0;;topvisor
потеют фары изнутри что;услуга;Запотевание и герметизация;/uslugi/ustraneniye-zapotevaniya;6;0;0;0;;0;0;;topvisor
потеет фара бмв;услуга;Запотевание и герметизация;/uslugi/ustraneniye-zapotevaniya;3;0;0;0;;0;0;;topvisor
потеет фара что сделать;услуга;Запотевание и герметизация;/uslugi/ustraneniye-zapotevaniya;2;0;0;0;;0;0;;topvisor
потеют фары что можно сделать;услуга;Запотевание и герметизация;/uslugi/ustraneniye-zapotevaniya;2;0;0;0;;0;0;;topvisor
сильно потеет фара;услуга;Запотевание и герметизация;/uslugi/ustraneniye-zapotevaniya;2;0;0;0;;0;0;;topvisor
потеет фара автомобиля;услуга;Запотевание и герметизация;/uslugi/ustraneniye-zapotevaniya;2;0;0;0;;0;0;;topvisor
потеют фары сид;услуга;Запотевание и герметизация;/uslugi/ustraneniye-zapotevaniya;2;0;0;0;;0;0;;topvisor
фар автомобиля потеет изнутри;услуга;Запотевание и герметизация;/uslugi/ustraneniye-zapotevaniya;2;0;0;0;;0;0;;topvisor
потеет фара мазда;услуга;Запотевание и герметизация;/uslugi/ustraneniye-zapotevaniya;2;0;0;0;;0;0;;topvisor
потеет задняя фара;услуга;Запотевание и герметизация;/uslugi/ustraneniye-zapotevaniya;2;0;0;0;;0;0;;topvisor
новая фара потеет;услуга;Запотевание и герметизация;/uslugi/ustraneniye-zapotevaniya;1;0;0;0;;0;0;;topvisor
потеет фара опель;услуга;Запотевание и герметизация;/uslugi/ustraneniye-zapotevaniya;1;0;0;0;;0;0;;topvisor
потеют китайские фары;услуга;Запотевание и герметизация;/uslugi/ustraneniye-zapotevaniya;1;0;0;0;;0;0;;topvisor
потеют фары изнутри что можно;услуга;Запотевание и герметизация;/uslugi/ustraneniye-zapotevaniya;1;0;0;0;;0;0;;topvisor
потеют фары изнутри что сделать;услуга;Запотевание и герметизация;/uslugi/ustraneniye-zapotevaniya;1;0;0;0;;0;0;;topvisor
потеют фары тесла;услуга;Запотевание и герметизация;/uslugi/ustraneniye-zapotevaniya;1;0;0;0;;0;0;;topvisor
solaris потеет фара;услуга;Запотевание и герметизация;/uslugi/ustraneniye-zapotevaniya;1;0;0;0;;0;0;;topvisor
киа сид потеют фары;услуга;Запотевание и герметизация;/uslugi/ustraneniye-zapotevaniya;1;0;0;0;;0;0;;topvisor
машина фара потеет;услуга;Запотевание и герметизация;/uslugi/ustraneniye-zapotevaniya;1;0;0;0;;0;0;;topvisor
потеет фара в дождь;услуга;Запотевание и герметизация;/uslugi/ustraneniye-zapotevaniya;1;0;0;0;;0;0;;topvisor
потеет фара киа;услуга;Запотевание и герметизация;/uslugi/ustraneniye-zapotevaniya;1;0;0;0;;0;0;;topvisor
потеет фара киа сид jd;услуга;Запотевание и герметизация;/uslugi/ustraneniye-zapotevaniya;1;0;0;0;;0;0;;topvisor
потеет фара мерседес;услуга;Запотевание и герметизация;/uslugi/ustraneniye-zapotevaniya;1;0;0;0;;0;0;;topvisor
потеет фара пежо;услуга;Запотевание и герметизация;/uslugi/ustraneniye-zapotevaniya;1;0;0;0;;0;0;;topvisor
потеет фара после дождя;услуга;Запотевание и герметизация;/uslugi/ustraneniye-zapotevaniya;1;0;0;0;;0;0;;topvisor
потеет фара шкода октавия а5;услуга;Запотевание и герметизация;/uslugi/ustraneniye-zapotevaniya;1;0;0;0;;0;0;;topvisor
потеют фары авенсис;услуга;Запотевание и герметизация;/uslugi/ustraneniye-zapotevaniya;1;0;0;0;;0;0;;topvisor
потеют фары внутри;услуга;Запотевание и герметизация;/uslugi/ustraneniye-zapotevaniya;1;0;0;0;;0;0;;topvisor
потеют фары октавия а5;услуга;Запотевание и герметизация;/uslugi/ustraneniye-zapotevaniya;1;0;0;0;;0;0;;topvisor
потеют фары после переклейки;услуга;Запотевание и герметизация;/uslugi/ustraneniye-zapotevaniya;1;0;0;0;;0;0;;topvisor
потеют фары шкода;услуга;Запотевание и герметизация;/uslugi/ustraneniye-zapotevaniya;1;0;0;0;;0;0;;topvisor
шкода а5 потеет фары;услуга;Запотевание и герметизация;/uslugi/ustraneniye-zapotevaniya;1;0;0;0;;0;0;;topvisor
шкода октавия потеет фара;услуга;Запотевание и герметизация;/uslugi/ustraneniye-zapotevaniya;1;0;0;0;;0;0;;topvisor
потеет фара ауди;услуга;Запотевание и герметизация;/uslugi/ustraneniye-zapotevaniya;1;0;0;0;;0;0;;topvisor
потеет фара ауди а6;услуга;Запотевание и герметизация;/uslugi/ustraneniye-zapotevaniya;1;0;0;0;;0;0;;topvisor
попадает вода в фары;услуга;Запотевание и герметизация;/uslugi/ustraneniye-zapotevaniya;1;0;0;0;;0;0;;topvisor
ремонт запотевания фар. в течении 1 дня!;услуга;Запотевание и герметизация;/uslugi/ustraneniye-zapotevaniya;0;0;0;0;;0;0;;topvisor
запотевание фар причина и метод устранения;услуга;Запотевание и герметизация;/uslugi/ustraneniye-zapotevaniya;0;0;0;0;;0;0;;topvisor
потеет фара ремонт;услуга;Запотевание и герметизация;/uslugi/ustraneniye-zapotevaniya;0;0;0;0;;0;0;;topvisor
запотевание фары автомобиля причины;услуга;Запотевание и герметизация;/uslugi/ustraneniye-zapotevaniya;0;0;0;0;;0;0;;topvisor
потеет фара шкода кодиак;услуга;Запотевание и герметизация;/uslugi/ustraneniye-zapotevaniya;0;0;0;0;;0;0;;topvisor
запотевание фар гарантийный случай или нет;услуга;Запотевание и герметизация;/uslugi/ustraneniye-zapotevaniya;0;0;0;0;;0;0;;topvisor
запотевание фары автомобиля ремонт;услуга;Запотевание и герметизация;/uslugi/ustraneniye-zapotevaniya;0;0;0;0;;0;0;;topvisor
запотевание фар гранта;услуга;Запотевание и герметизация;/uslugi/ustraneniye-zapotevaniya;0;0;0;0;;0;0;;topvisor
потеет фара гранта как устранить;услуга;Запотевание и герметизация;/uslugi/ustraneniye-zapotevaniya;0;0;0;0;;0;0;;topvisor
лада гранта потеет фара как устранить;услуга;Запотевание и герметизация;/uslugi/ustraneniye-zapotevaniya;0;0;0;0;;0;0;;topvisor
потеет фара гранта фл;услуга;Запотевание и герметизация;/uslugi/ustraneniye-zapotevaniya;0;0;0;0;;0;0;;topvisor
потеет фара гранта;услуга;Запотевание и герметизация;/uslugi/ustraneniye-zapotevaniya;0;0;0;0;;0;0;;topvisor
потеет фара лада гранта;услуга;Запотевание и герметизация;/uslugi/ustraneniye-zapotevaniya;0;0;0;0;;0;0;;topvisor
запотевание фар причина;услуга;Запотевание и герметизация;/uslugi/ustraneniye-zapotevaniya;2;0;0;0;;0;0;;topvisor
запотевание фар причина и метод;услуга;Запотевание и герметизация;/uslugi/ustraneniye-zapotevaniya;0;0;0;0;;0;0;;topvisor
потеют фары изнутри что можно сделать приора;услуга;Запотевание и герметизация;/uslugi/ustraneniye-zapotevaniya;0;0;0;0;;0;0;;topvisor
потеют фары шкода октавия а5;услуга;Запотевание и герметизация;/uslugi/ustraneniye-zapotevaniya;1;0;0;0;;0;0;;topvisor
потеют фары приора;услуга;Запотевание и герметизация;/uslugi/ustraneniye-zapotevaniya;0;0;0;0;;0;0;;topvisor
потеют фары приора 2;услуга;Запотевание и герметизация;/uslugi/ustraneniye-zapotevaniya;0;0;0;0;;0;0;;topvisor
потеют фары приора 1;услуга;Запотевание и герметизация;/uslugi/ustraneniye-zapotevaniya;0;0;0;0;;0;0;;topvisor
потеют фары на приоре;услуга;Запотевание и герметизация;/uslugi/ustraneniye-zapotevaniya;0;0;0;0;;0;0;;topvisor
потеют фары лансер 9;услуга;Запотевание и герметизация;/uslugi/ustraneniye-zapotevaniya;0;0;0;0;;0;0;;topvisor
потеют фары форд фокус 3;услуга;Запотевание и герметизация;/uslugi/ustraneniye-zapotevaniya;0;0;0;0;;0;0;;topvisor
потеют фары пассат б6;услуга;Запотевание и герметизация;/uslugi/ustraneniye-zapotevaniya;0;0;0;0;;0;0;;topvisor
вода в фаре;услуга;Запотевание и герметизация;/uslugi/ustraneniye-zapotevaniya;6;0;0;0;;0;0;;topvisor
вода в фаре как убрать;услуга;Запотевание и герметизация;/uslugi/ustraneniye-zapotevaniya;0;0;0;0;;0;0;;topvisor
герметизация фар;услуга;Запотевание и герметизация;/uslugi/ustraneniye-zapotevaniya;6;0;0;0;;0;0;;topvisor
герметизация фар автомобиля;услуга;Запотевание и герметизация;/uslugi/ustraneniye-zapotevaniya;0;0;0;0;;0;0;;topvisor
герметизация фары;услуга;Запотевание и герметизация;/uslugi/ustraneniye-zapotevaniya;0;0;0;0;;0;0;;topvisor
герметизация фары автомобиля;услуга;Запотевание и герметизация;/uslugi/ustraneniye-zapotevaniya;0;0;0;0;;0;0;;topvisor
разборка фары на полиуретановом герметике;услуга;Запотевание и герметизация;/uslugi/ustraneniye-zapotevaniya;0;0;0;0;;0;0;;topvisor
разборка фар на полиуретановом герметике;услуга;Запотевание и герметизация;/uslugi/ustraneniye-zapotevaniya;0;0;0;0;;0;0;;topvisor
ремонт крепления фары;услуга;Корпус и крепления;/uslugi/remont-far;18;8;0;0;;0;0;;topvisor
ремонт корпуса фары;услуга;Корпус и крепления;/uslugi/remont-far;6;3;0;0;;0;0;;topvisor
ремонт (спайка)фар в минске;услуга;Корпус и крепления;/uslugi/remont-far;;;8;2;7,8;0;0;;вебмастер
восстановление крепления фары;услуга;Корпус и крепления;/uslugi/remont-far;6;1;0;0;;0;0;;topvisor
ремонт трещин фар автомобиля;услуга;Корпус и крепления;/uslugi/remont-far;;;6;0;10,8;0;0;;вебмастер
замена корпуса фары мерседес в минске;услуга;Корпус и крепления;/uslugi/remont-far;;;6;0;9,5;0;0;;вебмастер
ремонт крепления фар в минске;услуга;Корпус и крепления;/uslugi/remont-far;;;4;0;10;0;0;;вебмастер
ремонт корпусов фар;услуга;Корпус и крепления;/uslugi/remont-far;;;4;0;4;0;0;;вебмастер
ремонт крепления птф к бамперу креты 2018 в минске;услуга;Корпус и крепления;/uslugi/remont-far;;;3;0;11,7;0;0;;вебмастер
ремонт трещин фар минск;услуга;Корпус и крепления;/uslugi/remont-far;;;3;0;7;0;0;;вебмастер
ремонт крепления фар в минске казинца 125;услуга;Корпус и крепления;/uslugi/remont-far;;;3;0;8,3;0;0;;вебмастер
восстановление корпуса фары в минске цена;услуга;Корпус и крепления;/uslugi/remont-far;;;2;0;5,5;0;0;;вебмастер
восстановление корпусов фар;услуга;Корпус и крепления;/uslugi/remont-far;;;2;0;10,5;0;0;;вебмастер
устранение трещин на фарах минск;услуга;Корпус и крепления;/uslugi/remont-far;;;2;0;11;0;0;;вебмастер
ремонт крепления фары в минске;услуга;Корпус и крепления;/uslugi/remont-far;;;2;0;9,5;0;0;;вебмастер
заменить корпус фары в минске;услуга;Корпус и крепления;/uslugi/remont-far;;;2;0;6;0;0;;вебмастер
замена корпуса фонаря авто минск;услуга;Корпус и крепления;/uslugi/remont-far;;;2;0;6,5;0;0;;вебмастер
ремонт корпуса фар минск;услуга;Корпус и крепления;/uslugi/remont-far;;;2;0;6,5;0;0;;вебмастер
замена корпуса фары;услуга;Корпус и крепления;/uslugi/remont-far;;;0;0;;5;0;7,6;search console
ремонт креплений фар автомобиля;услуга;Корпус и крепления;/uslugi/remont-far;0;0;1;0;12;0;0;;topvisor, вебмастер
ремонт крепления фары минск,;услуга;Корпус и крепления;/uslugi/remont-far;;;1;0;13;0;0;;вебмастер
пайка пластика ремонт фар;услуга;Корпус и крепления;/uslugi/remont-far;;;1;0;8;0;0;;вебмастер
ремонт трещин на фаре;услуга;Корпус и крепления;/uslugi/remont-far;;;0;0;;1;0;13;search console
ремонт трещин фар;услуга;Корпус и крепления;/uslugi/remont-far;;;0;0;;1;0;23;search console
восстановление фар разбитого;услуга;Корпус и крепления;/uslugi/remont-far;1;0;0;0;;0;0;;topvisor
ремонт корпуса фары автомобиля;услуга;Корпус и крепления;/uslugi/remont-far;0;0;0;0;;0;0;;topvisor
ремонт корпуса фар;услуга;Корпус и крепления;/uslugi/remont-far;0;0;0;0;;0;0;;topvisor
ремонт креплений фары;услуга;Корпус и крепления;/uslugi/remont-far;17;0;0;0;;0;0;;topvisor
ремонт крепления фары гранта;услуга;Корпус и крепления;/uslugi/remont-far;0;0;0;0;;0;0;;topvisor
ремонт крепления фары калина 1;услуга;Корпус и крепления;/uslugi/remont-far;0;0;0;0;;0;0;;topvisor
ремонт крепления фары поло седан;услуга;Корпус и крепления;/uslugi/remont-far;0;0;0;0;;0;0;;topvisor
ремонт креплений фар;услуга;Корпус и крепления;/uslugi/remont-far;17;0;0;0;;0;0;;topvisor
ремонт трещин задних фонарей автомобиля;услуга;Корпус и крепления;/uslugi/remont-far;0;0;0;0;;0;0;;topvisor
ремонт ксеноновых фар;услуга;Ксенон;/uslugi/uluchshenie-kachestva-sveta;4;1;6;0;9,3;41;0;26;topvisor, вебмастер, search console
замена ксеноновой лампы на эквинокс 3;услуга;Ксенон;/uslugi/uluchshenie-kachestva-sveta;2;2;0;0;;0;0;;topvisor
замена ксеноновой лампы фаре;услуга;Ксенон;/uslugi/uluchshenie-kachestva-sveta;2;2;0;0;;0;0;;topvisor
замена блока розжига ксенона;услуга;Ксенон;/uslugi/uluchshenie-kachestva-sveta;8;2;0;0;;0;0;;topvisor
ремонт ксенона в минске;услуга;Ксенон;/uslugi/uluchshenie-kachestva-sveta;;;10;0;7;0;0;;вебмастер
установка ксенона в фары;услуга;Ксенон;/uslugi/uluchshenie-kachestva-sveta;3;1;0;0;;0;0;;topvisor
блок розжига света tesla model x замена;услуга;Ксенон;/uslugi/uluchshenie-kachestva-sveta;;;4;0;1,8;0;0;;вебмастер
установка ксенона цена;услуга;Ксенон;/uslugi/uluchshenie-kachestva-sveta;;;3;0;27;6;0;68;вебмастер, search console
установить ксенон в минске;услуга;Ксенон;/uslugi/uluchshenie-kachestva-sveta;;;3;0;22,7;3;0;79;вебмастер, search console
ремонт фары ксеноновую на санта фе 2 в минске;услуга;Ксенон;/uslugi/uluchshenie-kachestva-sveta;;;3;2;1,7;0;0;;вебмастер
замена блока розжига ксенона с5;услуга;Ксенон;/uslugi/uluchshenie-kachestva-sveta;;;3;0;11;0;0;;вебмастер
ремонт ксеноновых фар минск;услуга;Ксенон;/uslugi/uluchshenie-kachestva-sveta;;;2;0;9,5;0;0;;вебмастер
замена ксеноновых ламп с5;услуга;Ксенон;/uslugi/uluchshenie-kachestva-sveta;;;2;0;2,5;0;0;;вебмастер
ремонт блока розжига ксенона опель зафира;услуга;Ксенон;/uslugi/uluchshenie-kachestva-sveta;;;2;0;8,5;0;0;;вебмастер
установить ксенон;услуга;Ксенон;/uslugi/uluchshenie-kachestva-sveta;;;2;0;12;0;0;;вебмастер
ремонт ксенона минск;услуга;Ксенон;/uslugi/uluchshenie-kachestva-sveta;;;1;0;4;0;0;;вебмастер
минск переоборудование фар с ксенона на би лэд организации;услуга;Ксенон;/uslugi/uluchshenie-kachestva-sveta;;;1;0;12;0;0;;вебмастер
замена лампы ксенона;услуга;Ксенон;/uslugi/uluchshenie-kachestva-sveta;;;1;0;3;0;0;;вебмастер
опель инсигния замена ксенон на галогеновые;услуга;Ксенон;/uslugi/uluchshenie-kachestva-sveta;;;1;0;35;0;0;;вебмастер
замена ксеноновой лампы;услуга;Ксенон;/uslugi/uluchshenie-kachestva-sveta;14;0;0;0;;0;0;;topvisor
замена ксеноновой лампы мазда;услуга;Ксенон;/uslugi/uluchshenie-kachestva-sveta;2;0;0;0;;0;0;;topvisor
замена ксеноновой лампы мазда 6;услуга;Ксенон;/uslugi/uluchshenie-kachestva-sveta;2;0;0;0;;0;0;;topvisor
замена ксеноновых ламп ближнего света;услуга;Ксенон;/uslugi/uluchshenie-kachestva-sveta;1;0;0;0;;0;0;;topvisor
блок розжига ксенона установка;услуга;Ксенон;/uslugi/uluchshenie-kachestva-sveta;3;0;0;0;;0;0;;topvisor
ремонт блока розжига ксенона;услуга;Ксенон;/uslugi/uluchshenie-kachestva-sveta;2;0;0;0;;0;0;;topvisor
замена ксеноновых ламп;услуга;Ксенон;/uslugi/uluchshenie-kachestva-sveta;14;0;0;0;;0;0;;topvisor
замена ксеноновых ламп на светодиодные;услуга;Ксенон;/uslugi/uluchshenie-kachestva-sveta;0;0;0;0;;0;0;;topvisor
замена ксеноновых ламп на светодиодные в автомобиле;услуга;Ксенон;/uslugi/uluchshenie-kachestva-sveta;0;0;0;0;;0;0;;topvisor
замена ксенона на светодиодные лампы туарег нф;услуга;Ксенон;/uslugi/uluchshenie-kachestva-sveta;0;0;0;0;;0;0;;topvisor
замена ксенона на светодиодные лампы митсубиси паджеро 4;услуга;Ксенон;/uslugi/uluchshenie-kachestva-sveta;0;0;0;0;;0;0;;topvisor
замена ксенона на светодиодные лампы d1s;услуга;Ксенон;/uslugi/uluchshenie-kachestva-sveta;0;0;0;0;;0;0;;topvisor
замена штатного ксенона на светодиодные лампы d2s;услуга;Ксенон;/uslugi/uluchshenie-kachestva-sveta;0;0;0;0;;0;0;;topvisor
замена ксенона на светодиодные лампы;услуга;Ксенон;/uslugi/uluchshenie-kachestva-sveta;0;0;0;0;;0;0;;topvisor
замена ламп ксенона на светодиодные;услуга;Ксенон;/uslugi/uluchshenie-kachestva-sveta;0;0;0;0;;0;0;;topvisor
замена ксеноновых ламп пассат б6;услуга;Ксенон;/uslugi/uluchshenie-kachestva-sveta;0;0;0;0;;0;0;;topvisor
замена ксеноновых ламп на киа спортейдж 3;услуга;Ксенон;/uslugi/uluchshenie-kachestva-sveta;0;0;0;0;;0;0;;topvisor
замена ксеноновых ламп туарег нф;услуга;Ксенон;/uslugi/uluchshenie-kachestva-sveta;0;0;0;0;;0;0;;topvisor
замена ксеноновых ламп тигуан 1;услуга;Ксенон;/uslugi/uluchshenie-kachestva-sveta;0;0;0;0;;0;0;;topvisor
замена лампы ксенона тигуан 1;услуга;Ксенон;/uslugi/uluchshenie-kachestva-sveta;0;0;0;0;;0;0;;topvisor
замена ламп ксенона тигуан 1;услуга;Ксенон;/uslugi/uluchshenie-kachestva-sveta;0;0;0;0;;0;0;;topvisor
замена ксеноновых ламп шкода октавия а7;услуга;Ксенон;/uslugi/uluchshenie-kachestva-sveta;0;0;0;0;;0;0;;topvisor
замена ксенона на галоген;услуга;Ксенон;/uslugi/uluchshenie-kachestva-sveta;1;0;0;0;;0;0;;topvisor
восстановление отражателей фар в минске;услуга;Отражатели;/uslugi/remont-far (блок про отражатели);17;13;21;5;4,2;0;0;;topvisor, вебмастер
восстановление отражателей фар;услуга;Отражатели;/uslugi/remont-far (блок про отражатели);48;8;0;0;;0;0;;topvisor
восстановление отражателей противотуманных фар минск;услуга;Отражатели;/uslugi/remont-far (блок про отражатели);6;6;0;0;;0;0;;topvisor
восстановление отражателей фар в минске цены;услуга;Отражатели;/uslugi/remont-far (блок про отражатели);4;4;9;2;11;0;0;;topvisor, вебмастер
восстановление отражателей фар минск;услуга;Отражатели;/uslugi/remont-far (блок про отражатели);10;2;0;0;;0;0;;topvisor
лед лампы для рефлекторных фар;услуга;Отражатели;/uslugi/remont-far (блок про отражатели);10;1;0;0;;0;0;;topvisor
замена отражателя фары мондео 3;услуга;Отражатели;/uslugi/remont-far (блок про отражатели);;;3;0;6,3;0;0;;вебмастер
что если поставить лед лампочки на выгоревшие отражатели;услуга;Отражатели;/uslugi/remont-far (блок про отражатели);;;2;0;11;0;0;;вебмастер
восстановление отражателя фар автомобиля;услуга;Отражатели;/uslugi/remont-far (блок про отражатели);1;0;0;0;;0;0;;topvisor
led лампы для рефлекторных фар;услуга;Отражатели;/uslugi/remont-far (блок про отражатели);2;0;0;0;;0;0;;topvisor
лед лампы для рефлекторных фар h4;услуга;Отражатели;/uslugi/remont-far (блок про отражатели);0;0;0;0;;0;0;;topvisor
led лампы h4 для рефлекторных фар;услуга;Отражатели;/uslugi/remont-far (блок про отражатели);0;0;0;0;;0;0;;topvisor
лучшие лед лампы h4 для рефлекторных фар;услуга;Отражатели;/uslugi/remont-far (блок про отражатели);0;0;0;0;;0;0;;topvisor
лед лампы h4 для рефлекторных фар;услуга;Отражатели;/uslugi/remont-far (блок про отражатели);0;0;0;0;;0;0;;topvisor
восстановление отражателей фар тула;услуга;Отражатели;/uslugi/remont-far (блок про отражатели);0;0;0;0;;0;0;;topvisor
восстановление отражателей фар цена;услуга;Отражатели;/uslugi/remont-far (блок про отражатели);4;0;0;0;;0;0;;topvisor
покраска отражателя фары в черный;услуга;Отражатели;/uslugi/remont-far (блок про отражатели);0;0;0;0;;0;0;;topvisor
полировка фар в минске;услуга;Полировка и восстановление прозрачности;/uslugi/polirovka-i-okleyka-far;157;55;32;6;10,3;5;2;18;topvisor, вебмастер, search console
полировка фар в минске цены;услуга;Полировка и восстановление прозрачности;/uslugi/polirovka-i-okleyka-far;70;52;78;8;10,1;0;0;;topvisor, вебмастер
полировка фар;услуга;Полировка и восстановление прозрачности;/uslugi/polirovka-i-okleyka-far;769;50;13;3;12,4;2;0;3;topvisor, вебмастер, search console
полировка фар минск;услуга;Полировка и восстановление прозрачности;/uslugi/polirovka-i-okleyka-far;283;47;35;5;9,4;73;1;58,9;topvisor, вебмастер, search console
полировка фар минск без снятия;услуга;Полировка и восстановление прозрачности;/uslugi/polirovka-i-okleyka-far;19;15;0;0;;0;0;;topvisor
полировка фар минск цена;услуга;Полировка и восстановление прозрачности;/uslugi/polirovka-i-okleyka-far;81;14;13;5;6,8;0;0;;topvisor, вебмастер
полировка стекол фар изнутри под линзы;услуга;Полировка и восстановление прозрачности;/uslugi/polirovka-i-okleyka-far;11;9;0;0;;0;0;;topvisor
полировка и восстановление фар;услуга;Полировка и восстановление прозрачности;/uslugi/polirovka-i-okleyka-far;;;38;0;4,9;0;0;;вебмастер
полировка стекол фар;услуга;Полировка и восстановление прозрачности;/uslugi/polirovka-i-okleyka-far;10;6;0;0;;0;0;;topvisor
полировка фар мерседес мл;услуга;Полировка и восстановление прозрачности;/uslugi/polirovka-i-okleyka-far;6;6;0;0;;0;0;;topvisor
услуги по полировка фар;услуга;Полировка и восстановление прозрачности;/uslugi/polirovka-i-okleyka-far;6;6;2;0;12,5;0;0;;topvisor, вебмастер
полировка защита фар;услуга;Полировка и восстановление прозрачности;/uslugi/polirovka-i-okleyka-far;;;34;4;3,6;0;0;;вебмастер
полировка фар цена;услуга;Полировка и восстановление прозрачности;/uslugi/polirovka-i-okleyka-far;117;5;32;2;11,1;0;0;;topvisor, вебмастер
химическая полировка фар;услуга;Полировка и восстановление прозрачности;/uslugi/polirovka-i-okleyka-far;36;5;0;0;;0;0;;topvisor
полировка фар в минске цены фрунзенский район;услуга;Полировка и восстановление прозрачности;/uslugi/polirovka-i-okleyka-far;5;5;0;0;;0;0;;topvisor
полировка фар стоит;услуга;Полировка и восстановление прозрачности;/uslugi/polirovka-i-okleyka-far;;;25;3;10;0;0;;вебмастер
полировка фар автомобиля;услуга;Полировка и восстановление прозрачности;/uslugi/polirovka-i-okleyka-far;63;4;6;0;13,2;0;0;;topvisor, вебмастер
удаление царапин с фар;услуга;Полировка и восстановление прозрачности;/uslugi/polirovka-i-okleyka-far;;;24;2;11,5;0;0;;вебмастер
полировка оптики;услуга;Полировка и восстановление прозрачности;/uslugi/polirovka-i-okleyka-far;;;19;0;9,8;0;0;;вебмастер
полировка фар автомобиля в минске;услуга;Полировка и восстановление прозрачности;/uslugi/polirovka-i-okleyka-far;11;3;13;1;10,8;0;0;;topvisor, вебмастер
полировка фар в молодечно;услуга;Полировка и восстановление прозрачности;/uslugi/polirovka-i-okleyka-far;3;3;0;0;;0;0;;topvisor
полировка фар автомобиля цена;услуга;Полировка и восстановление прозрачности;/uslugi/polirovka-i-okleyka-far;;;18;1;14,3;0;0;;вебмастер
восстановление прозрачности фар минск;услуга;Полировка и восстановление прозрачности;/uslugi/polirovka-i-okleyka-far;;;17;2;8,3;0;0;;вебмастер
удаление помутнения фар;услуга;Полировка и восстановление прозрачности;/uslugi/polirovka-i-okleyka-far;;;16;0;13;0;0;;вебмастер
жидкость для химической полировки фар;услуга;Полировка и восстановление прозрачности;/uslugi/polirovka-i-okleyka-far;8;2;0;0;;0;0;;topvisor
полировка фар в минске цены заводской район;услуга;Полировка и восстановление прозрачности;/uslugi/polirovka-i-okleyka-far;2;2;0;0;;0;0;;topvisor
полировка фар от царапин;услуга;Полировка и восстановление прозрачности;/uslugi/polirovka-i-okleyka-far;;;12;1;13,3;0;0;;вебмастер
восстановление прозрачности автомобильных фар;услуга;Полировка и восстановление прозрачности;/uslugi/polirovka-i-okleyka-far;;;10;0;14,7;0;0;;вебмастер
шлифовка фар автомобиля в минске цены адреса;услуга;Полировка и восстановление прозрачности;/uslugi/polirovka-i-okleyka-far;;;9;0;9;0;0;;вебмастер
полировка фар на дзержинского;услуга;Полировка и восстановление прозрачности;/uslugi/polirovka-i-okleyka-far;;;7;0;9,3;0;0;;вебмастер
полировка фар фрунзенский район;услуга;Полировка и восстановление прозрачности;/uslugi/polirovka-i-okleyka-far;11;1;0;0;;0;0;;topvisor
полировка стекла фары изнутри;услуга;Полировка и восстановление прозрачности;/uslugi/polirovka-i-okleyka-far;2;1;0;0;;0;0;;topvisor
наждачка для полировки фар;услуга;Полировка и восстановление прозрачности;/uslugi/polirovka-i-okleyka-far;6;1;0;0;;0;0;;topvisor
полировка фар цена минск;услуга;Полировка и восстановление прозрачности;/uslugi/polirovka-i-okleyka-far;;;6;1;11,3;1;0;19;вебмастер, search console
сколько стоит полировка фар;услуга;Полировка и восстановление прозрачности;/uslugi/polirovka-i-okleyka-far;;;6;0;9;0;0;;вебмастер
полировка передних фар;услуга;Полировка и восстановление прозрачности;/uslugi/polirovka-i-okleyka-far;;;6;0;9,8;0;0;;вебмастер
сколько стоит царапина на фаре;услуга;Полировка и восстановление прозрачности;/uslugi/polirovka-i-okleyka-far;;;5;0;6,2;0;0;;вебмастер
отполировать фары цена;услуга;Полировка и восстановление прозрачности;/uslugi/polirovka-i-okleyka-far;;;4;0;10,5;0;0;;вебмастер
восстановление помутневших фар;услуга;Полировка и восстановление прозрачности;/uslugi/polirovka-i-okleyka-far;;;4;0;18;0;0;;вебмастер
полировка фар авто минск;услуга;Полировка и восстановление прозрачности;/uslugi/polirovka-i-okleyka-far;;;3;0;11,7;0;0;;вебмастер
шлифовка фар автомобиля;услуга;Полировка и восстановление прозрачности;/uslugi/polirovka-i-okleyka-far;;;3;0;23;0;0;;вебмастер
стоимость полировки фар;услуга;Полировка и восстановление прозрачности;/uslugi/polirovka-i-okleyka-far;;;3;0;9,7;0;0;;вебмастер
шлифовка стекла фары под линзу;услуга;Полировка и восстановление прозрачности;/uslugi/polirovka-i-okleyka-far;;;3;0;7,3;0;0;;вебмастер
полировка фар цена рб;услуга;Полировка и восстановление прозрачности;/uslugi/polirovka-i-okleyka-far;;;3;0;9;0;0;;вебмастер
шлифовка линз и фар автомобиля минск;услуга;Полировка и восстановление прозрачности;/uslugi/polirovka-i-okleyka-far;;;3;0;5,7;0;0;;вебмастер
полировка фар минск без снятия каменная горка;услуга;Полировка и восстановление прозрачности;/uslugi/polirovka-i-okleyka-far;;;3;0;8;0;0;;вебмастер
полировка и шлифовка фар в минске;услуга;Полировка и восстановление прозрачности;/uslugi/polirovka-i-okleyka-far;;;0;0;;8;0;12,1;search console
полировка фар уручье;услуга;Полировка и восстановление прозрачности;/uslugi/polirovka-i-okleyka-far;;;2;0;9,5;0;0;;вебмастер
старобинская 27 полировка фар;услуга;Полировка и восстановление прозрачности;/uslugi/polirovka-i-okleyka-far;;;2;0;1,5;0;0;;вебмастер
полировка фар в минске цена;услуга;Полировка и восстановление прозрачности;/uslugi/polirovka-i-okleyka-far;;;2;0;21,5;0;0;;вебмастер
полировка фар рено мастер 2 минск;услуга;Полировка и восстановление прозрачности;/uslugi/polirovka-i-okleyka-far;;;2;0;7;0;0;;вебмастер
полировка потертостей фары минск;услуга;Полировка и восстановление прозрачности;/uslugi/polirovka-i-okleyka-far;;;2;0;8;0;0;;вебмастер
шлифовка фар цена;услуга;Полировка и восстановление прозрачности;/uslugi/polirovka-i-okleyka-far;;;2;0;3,5;0;0;;вебмастер
полировка фар стоимость;услуга;Полировка и восстановление прозрачности;/uslugi/polirovka-i-okleyka-far;;;2;0;10,5;1;0;82;вебмастер, search console
шлифовка фар автомобиля цена;услуга;Полировка и восстановление прозрачности;/uslugi/polirovka-i-okleyka-far;;;2;0;12;0;0;;вебмастер
полировка фар денисовская,9;услуга;Полировка и восстановление прозрачности;/uslugi/polirovka-i-okleyka-far;;;2;0;3,5;0;0;;вебмастер
химическая полировка фар в минске цена;услуга;Полировка и восстановление прозрачности;/uslugi/polirovka-i-okleyka-far;;;2;0;9;0;0;;вебмастер
стоимость полировки фар автомобиля;услуга;Полировка и восстановление прозрачности;/uslugi/polirovka-i-okleyka-far;;;2;0;10,5;0;0;;вебмастер
полировка фар в малиновке минск;услуга;Полировка и восстановление прозрачности;/uslugi/polirovka-i-okleyka-far;;;2;0;11;0;0;;вебмастер
полировка фар и ремонт;услуга;Полировка и восстановление прозрачности;/uslugi/polirovka-i-okleyka-far;;;2;0;7,5;0;0;;вебмастер
ml163 шлифовка фар;услуга;Полировка и восстановление прозрачности;/uslugi/polirovka-i-okleyka-far;;;2;0;10;0;0;;вебмастер
полировка стекла под установку билед;услуга;Полировка и восстановление прозрачности;/uslugi/polirovka-i-okleyka-far;;;2;1;6,5;0;0;;вебмастер
шлифовка рефлености фар в минске;услуга;Полировка и восстановление прозрачности;/uslugi/polirovka-i-okleyka-far;;;2;0;3;0;0;;вебмастер
бесконтактную полировку фар долго ли держится;услуга;Полировка и восстановление прозрачности;/uslugi/polirovka-i-okleyka-far;;;2;0;9,5;0;0;;вебмастер
киа к5 2021 дневные желтые ходовые огни ремонт;услуга;Полировка и восстановление прозрачности;/uslugi/polirovka-i-okleyka-far;;;2;0;8,5;0;0;;вебмастер
что написать ы анкете про полировку фар;услуга;Полировка и восстановление прозрачности;/uslugi/polirovka-i-okleyka-far;;;2;0;9;0;0;;вебмастер
шлифовка стекла фары для установки линз;услуга;Полировка и восстановление прозрачности;/uslugi/polirovka-i-okleyka-far;;;2;0;8;0;0;;вебмастер
шлифовка крепления стекол фар в минске;услуга;Полировка и восстановление прозрачности;/uslugi/polirovka-i-okleyka-far;;;2;0;5;0;0;;вебмастер
шлифовка фар под билед ауди 80 б4;услуга;Полировка и восстановление прозрачности;/uslugi/polirovka-i-okleyka-far;;;2;0;6,5;0;0;;вебмастер
полировка фар ситроен с5;услуга;Полировка и восстановление прозрачности;/uslugi/polirovka-i-okleyka-far;;;2;0;10,5;0;0;;вебмастер
полировка фар в минске ленинский район;услуга;Полировка и восстановление прозрачности;/uslugi/polirovka-i-okleyka-far;;;1;0;8;0;0;;вебмастер
полировка фар и восстановление минск;услуга;Полировка и восстановление прозрачности;/uslugi/polirovka-i-okleyka-far;;;1;0;6;0;0;;вебмастер
сколько стоит полировка бампера;услуга;Полировка и восстановление прозрачности;/uslugi/polirovka-i-okleyka-far;;;1;0;33;0;0;;вебмастер
сколько стоит шлифовка фар;услуга;Полировка и восстановление прозрачности;/uslugi/polirovka-i-okleyka-far;;;1;0;10;0;0;;вебмастер
полировка фар рено талисман;услуга;Полировка и восстановление прозрачности;/uslugi/polirovka-i-okleyka-far;;;1;0;9;0;0;;вебмастер
полировка фар цены рб;услуга;Полировка и восстановление прозрачности;/uslugi/polirovka-i-okleyka-far;;;1;0;11;0;0;;вебмастер
сколько стоит полировка лампочек фар автомобиля в минске;услуга;Полировка и восстановление прозрачности;/uslugi/polirovka-i-okleyka-far;;;1;0;10;0;0;;вебмастер
полировка фар тайотаминск;услуга;Полировка и восстановление прозрачности;/uslugi/polirovka-i-okleyka-far;;;1;0;11;0;0;;вебмастер
полировка фар в минске первомайский;услуга;Полировка и восстановление прозрачности;/uslugi/polirovka-i-okleyka-far;;;1;0;11;0;0;;вебмастер
полировка фар пр правды;услуга;Полировка и восстановление прозрачности;/uslugi/polirovka-i-okleyka-far;;;1;0;5;0;0;;вебмастер
полировка фар новоолоцк алмакс;услуга;Полировка и восстановление прозрачности;/uslugi/polirovka-i-okleyka-far;;;1;0;19;0;0;;вебмастер
полировка фар авто;услуга;Полировка и восстановление прозрачности;/uslugi/polirovka-i-okleyka-far;;;1;0;4;0;0;;вебмастер
полировка фар тойота минск;услуга;Полировка и восстановление прозрачности;/uslugi/polirovka-i-okleyka-far;;;0;0;;2;0;30,5;search console
полировка фар тойота в минске;услуга;Полировка и восстановление прозрачности;/uslugi/polirovka-i-okleyka-far;;;0;0;;1;0;30;search console
полировка фар хабаровск цена;услуга;Полировка и восстановление прозрачности;/uslugi/polirovka-i-okleyka-far;;;0;0;;1;0;3;search console
сколько стоит отполировать фары;услуга;Полировка и восстановление прозрачности;/uslugi/polirovka-i-okleyka-far;;;0;0;;1;0;11;search console
после полировки фар;услуга;Полировка и восстановление прозрачности;/uslugi/polirovka-i-okleyka-far;37;0;0;0;;0;0;;topvisor
полировка фар без снятия;услуга;Полировка и восстановление прозрачности;/uslugi/polirovka-i-okleyka-far;2;0;0;0;;0;0;;topvisor
полировка фар снятия;услуга;Полировка и восстановление прозрачности;/uslugi/polirovka-i-okleyka-far;6;0;0;0;;0;0;;topvisor
домашняя полировка фар;услуга;Полировка и восстановление прозрачности;/uslugi/polirovka-i-okleyka-far;19;0;0;0;;0;0;;topvisor
жидкость для полировки фар;услуга;Полировка и восстановление прозрачности;/uslugi/polirovka-i-okleyka-far;15;0;0;0;;0;0;;topvisor
полировка линз фар;услуга;Полировка и восстановление прозрачности;/uslugi/polirovka-i-okleyka-far;14;0;0;0;;0;0;;topvisor
полировка линз фары изнутри;услуга;Полировка и восстановление прозрачности;/uslugi/polirovka-i-okleyka-far;11;0;0;0;;0;0;;topvisor
полировка стекла фары под линзу;услуга;Полировка и восстановление прозрачности;/uslugi/polirovka-i-okleyka-far;11;0;0;0;;0;0;;topvisor
полировка фар изнутри;услуга;Полировка и восстановление прозрачности;/uslugi/polirovka-i-okleyka-far;11;0;0;0;;0;0;;topvisor
полировка фар под линзы;услуга;Полировка и восстановление прозрачности;/uslugi/polirovka-i-okleyka-far;11;0;0;0;;0;0;;topvisor
ручная полировка фар;услуга;Полировка и восстановление прозрачности;/uslugi/polirovka-i-okleyka-far;11;0;0;0;;0;0;;topvisor
лак для полировки фар;услуга;Полировка и восстановление прозрачности;/uslugi/polirovka-i-okleyka-far;9;0;0;0;;0;0;;topvisor
полировка фар парами;услуга;Полировка и восстановление прозрачности;/uslugi/polirovka-i-okleyka-far;8;0;0;0;;0;0;;topvisor
полировка фар паром;услуга;Полировка и восстановление прозрачности;/uslugi/polirovka-i-okleyka-far;8;0;0;0;;0;0;;topvisor
лак для фар после полировки;услуга;Полировка и восстановление прозрачности;/uslugi/polirovka-i-okleyka-far;7;0;0;0;;0;0;;topvisor
покрыть фары полировки;услуга;Полировка и восстановление прозрачности;/uslugi/polirovka-i-okleyka-far;8;0;0;0;;0;0;;topvisor
полировка фар мерседес;услуга;Полировка и восстановление прозрачности;/uslugi/polirovka-i-okleyka-far;6;0;0;0;;0;0;;topvisor
стекло фары пассат б3 прозрачное;услуга;Полировка и восстановление прозрачности;/uslugi/polirovka-i-okleyka-far;0;0;0;0;;0;0;;topvisor
полировка фар минск. с гарантией!;услуга;Полировка и восстановление прозрачности;/uslugi/polirovka-i-okleyka-far;0;0;0;0;;0;0;;topvisor
полировка фар цена красноярск;услуга;Полировка и восстановление прозрачности;/uslugi/polirovka-i-okleyka-far;0;0;0;0;;0;0;;topvisor
ремонт противотуманных фар минск;услуга;ПТФ;/uslugi/uluchshenie-kachestva-sveta (блок ПТФ);;;13;7;3,4;0;0;;вебмастер
установка противотуманных фар цена;услуга;ПТФ;/uslugi/uluchshenie-kachestva-sveta (блок ПТФ);;;2;0;12;31;0;33,1;вебмастер, search console
стоимость установки противотуманных фар;услуга;ПТФ;/uslugi/uluchshenie-kachestva-sveta (блок ПТФ);;;0;0;;22;0;26,3;search console
ремонт противотуманных фар;услуга;ПТФ;/uslugi/uluchshenie-kachestva-sveta (блок ПТФ);;;3;0;17,3;20;0;60,5;вебмастер, search console
замена противотуманной фары;услуга;ПТФ;/uslugi/uluchshenie-kachestva-sveta (блок ПТФ);80;1;0;0;;0;0;;topvisor
установка противотуманных фар;услуга;ПТФ;/uslugi/uluchshenie-kachestva-sveta (блок ПТФ);48;1;0;0;;0;0;;topvisor
установить билед линзы в противотуманки в минске;услуга;ПТФ;/uslugi/uluchshenie-kachestva-sveta (блок ПТФ);;;2;0;10;0;0;;вебмастер
установка противотуманных фар на ниссан патфайндер в минске;услуга;ПТФ;/uslugi/uluchshenie-kachestva-sveta (блок ПТФ);;;2;0;6,5;0;0;;вебмастер
замена противотуманной фары минск;услуга;ПТФ;/uslugi/uluchshenie-kachestva-sveta (блок ПТФ);;;1;0;14;0;0;;вебмастер
восстановление противотуманных фар;услуга;ПТФ;/uslugi/uluchshenie-kachestva-sveta (блок ПТФ);1;0;0;0;;0;0;;topvisor
фары противотуманные минск;услуга;ПТФ;/uslugi/uluchshenie-kachestva-sveta (блок ПТФ);75;0;0;0;;0;0;;topvisor
регулировка фар в минске;услуга;Регулировка фар;новая страница /uslugi/regulirovka-far (сейчас — внутри /uslugi/tehnicheskoye-obsluzhivaniye-far);259;119;31;8;12,4;0;0;;topvisor, вебмастер
регулировка фар;услуга;Регулировка фар;новая страница /uslugi/regulirovka-far (сейчас — внутри /uslugi/tehnicheskoye-obsluzhivaniye-far);1791;63;0;0;;0;0;;topvisor
регулировка фар минск;услуга;Регулировка фар;новая страница /uslugi/regulirovka-far (сейчас — внутри /uslugi/tehnicheskoye-obsluzhivaniye-far);637;49;2;0;16;5;0;66,2;topvisor, вебмастер, search console
регулировка света фар;услуга;Регулировка фар;новая страница /uslugi/regulirovka-far (сейчас — внутри /uslugi/tehnicheskoye-obsluzhivaniye-far);254;20;2;0;23,5;0;0;;topvisor, вебмастер
регулировка фар в минске цены;услуга;Регулировка фар;новая страница /uslugi/regulirovka-far (сейчас — внутри /uslugi/tehnicheskoye-obsluzhivaniye-far);32;17;25;4;8;1;0;72;topvisor, вебмастер, search console
регулировка противотуманных фар минск колодищи;услуга;Регулировка фар;новая страница /uslugi/regulirovka-far (сейчас — внутри /uslugi/tehnicheskoye-obsluzhivaniye-far);13;13;0;0;;0;0;;topvisor
регулировка света фар в минске;услуга;Регулировка фар;новая страница /uslugi/regulirovka-far (сейчас — внутри /uslugi/tehnicheskoye-obsluzhivaniye-far);46;12;7;0;14,3;0;0;;topvisor, вебмастер
регулировка фар минск октябрьский район;услуга;Регулировка фар;новая страница /uslugi/regulirovka-far (сейчас — внутри /uslugi/tehnicheskoye-obsluzhivaniye-far);11;11;0;0;;0;0;;topvisor
китайские фары gmc terrain маленькая регулировка;услуга;Регулировка фар;новая страница /uslugi/regulirovka-far (сейчас — внутри /uslugi/tehnicheskoye-obsluzhivaniye-far);10;10;0;0;;0;0;;topvisor
регулировка света фар пежо 406;услуга;Регулировка фар;новая страница /uslugi/regulirovka-far (сейчас — внутри /uslugi/tehnicheskoye-obsluzhivaniye-far);9;9;0;0;;0;0;;topvisor
регулировка фар в минске фрунзенский район;услуга;Регулировка фар;новая страница /uslugi/regulirovka-far (сейчас — внутри /uslugi/tehnicheskoye-obsluzhivaniye-far);12;8;0;0;;0;0;;topvisor
регулировка света фар в минске цены;услуга;Регулировка фар;новая страница /uslugi/regulirovka-far (сейчас — внутри /uslugi/tehnicheskoye-obsluzhivaniye-far);8;8;4;0;10,5;0;0;;topvisor, вебмастер
регулировка фар минск цена;услуга;Регулировка фар;новая страница /uslugi/regulirovka-far (сейчас — внутри /uslugi/tehnicheskoye-obsluzhivaniye-far);;;0;0;;113;0;67,8;search console
регулировка фар в первомайском районе;услуга;Регулировка фар;новая страница /uslugi/regulirovka-far (сейчас — внутри /uslugi/tehnicheskoye-obsluzhivaniye-far);16;7;0;0;;0;0;;topvisor
сто регулировка фар;услуга;Регулировка фар;новая страница /uslugi/regulirovka-far (сейчас — внутри /uslugi/tehnicheskoye-obsluzhivaniye-far);16;5;0;0;;0;0;;topvisor
ремонт корректора фар;услуга;Регулировка фар;новая страница /uslugi/regulirovka-far (сейчас — внутри /uslugi/tehnicheskoye-obsluzhivaniye-far);33;4;0;0;;0;0;;topvisor
регулировка фар в минске московский район;услуга;Регулировка фар;новая страница /uslugi/regulirovka-far (сейчас — внутри /uslugi/tehnicheskoye-obsluzhivaniye-far);6;4;0;0;;0;0;;topvisor
регулировка фар автомобиля;услуга;Регулировка фар;новая страница /uslugi/regulirovka-far (сейчас — внутри /uslugi/tehnicheskoye-obsluzhivaniye-far);12;3;0;0;;0;0;;topvisor
регулировка фар в борисове;услуга;Регулировка фар;новая страница /uslugi/regulirovka-far (сейчас — внутри /uslugi/tehnicheskoye-obsluzhivaniye-far);5;3;0;0;;0;0;;topvisor
регулировка противотуманных фар;услуга;Регулировка фар;новая страница /uslugi/regulirovka-far (сейчас — внутри /uslugi/tehnicheskoye-obsluzhivaniye-far);32;2;0;0;;0;0;;topvisor
регулировка фар в минске рядом;услуга;Регулировка фар;новая страница /uslugi/regulirovka-far (сейчас — внутри /uslugi/tehnicheskoye-obsluzhivaniye-far);4;2;0;0;;0;0;;topvisor
комплексная регулировка фар в минске;услуга;Регулировка фар;новая страница /uslugi/regulirovka-far (сейчас — внутри /uslugi/tehnicheskoye-obsluzhivaniye-far);;;7;0;7,6;0;0;;вебмастер
ремонт регулировки фар;услуга;Регулировка фар;новая страница /uslugi/regulirovka-far (сейчас — внутри /uslugi/tehnicheskoye-obsluzhivaniye-far);24;1;2;0;7;0;0;;topvisor, вебмастер
регулировка фар цена;услуга;Регулировка фар;новая страница /uslugi/regulirovka-far (сейчас — внутри /uslugi/tehnicheskoye-obsluzhivaniye-far);37;1;0;0;;1;0;70;topvisor, search console
регулировка фар gmc terrain;услуга;Регулировка фар;новая страница /uslugi/regulirovka-far (сейчас — внутри /uslugi/tehnicheskoye-obsluzhivaniye-far);26;1;0;0;;0;0;;topvisor
регулировка фар пежо 406;услуга;Регулировка фар;новая страница /uslugi/regulirovka-far (сейчас — внутри /uslugi/tehnicheskoye-obsluzhivaniye-far);14;1;0;0;;0;0;;topvisor
регулировка фар вольво;услуга;Регулировка фар;новая страница /uslugi/regulirovka-far (сейчас — внутри /uslugi/tehnicheskoye-obsluzhivaniye-far);14;1;0;0;;0;0;;topvisor
регулировка фар рядом;услуга;Регулировка фар;новая страница /uslugi/regulirovka-far (сейчас — внутри /uslugi/tehnicheskoye-obsluzhivaniye-far);13;1;0;0;;0;0;;topvisor
регулировка света фар цена;услуга;Регулировка фар;новая страница /uslugi/regulirovka-far (сейчас — внутри /uslugi/tehnicheskoye-obsluzhivaniye-far);11;1;0;0;;3;0;61,3;topvisor, search console
регулировка фар в заводском районе;услуга;Регулировка фар;новая страница /uslugi/regulirovka-far (сейчас — внутри /uslugi/tehnicheskoye-obsluzhivaniye-far);9;1;0;0;;0;0;;topvisor
регулировка фар в минске цены заводской район;услуга;Регулировка фар;новая страница /uslugi/regulirovka-far (сейчас — внутри /uslugi/tehnicheskoye-obsluzhivaniye-far);1;1;0;0;;0;0;;topvisor
регулировка фар минск на карте;услуга;Регулировка фар;новая страница /uslugi/regulirovka-far (сейчас — внутри /uslugi/tehnicheskoye-obsluzhivaniye-far);3;1;0;0;;0;0;;topvisor
регулировка фар шевроле эквинокс 3;услуга;Регулировка фар;новая страница /uslugi/regulirovka-far (сейчас — внутри /uslugi/tehnicheskoye-obsluzhivaniye-far);4;1;0;0;;0;0;;topvisor
регулировка фар борисов;услуга;Регулировка фар;новая страница /uslugi/regulirovka-far (сейчас — внутри /uslugi/tehnicheskoye-obsluzhivaniye-far);7;1;0;0;;1;0;46;topvisor, search console
где находится регулировка фар меган 3;услуга;Регулировка фар;новая страница /uslugi/regulirovka-far (сейчас — внутри /uslugi/tehnicheskoye-obsluzhivaniye-far);;;5;0;5,2;0;0;;вебмастер
регулировка света фар минск;услуга;Регулировка фар;новая страница /uslugi/regulirovka-far (сейчас — внутри /uslugi/tehnicheskoye-obsluzhivaniye-far);;;0;0;;12;1;75,6;search console
где находится регулировка фар понтиак вайб;услуга;Регулировка фар;новая страница /uslugi/regulirovka-far (сейчас — внутри /uslugi/tehnicheskoye-obsluzhivaniye-far);;;4;0;11,3;0;0;;вебмастер
регулировка света фар на infiniti qx70;услуга;Регулировка фар;новая страница /uslugi/regulirovka-far (сейчас — внутри /uslugi/tehnicheskoye-obsluzhivaniye-far);;;4;0;10;0;0;;вебмастер
отрегулировать свет фар минск;услуга;Регулировка фар;новая страница /uslugi/regulirovka-far (сейчас — внутри /uslugi/tehnicheskoye-obsluzhivaniye-far);;;3;1;13,7;0;0;;вебмастер
регулировка би лед линзы опель астра н;услуга;Регулировка фар;новая страница /uslugi/regulirovka-far (сейчас — внутри /uslugi/tehnicheskoye-obsluzhivaniye-far);;;3;0;4;0;0;;вебмастер
регулировка фар хавал ф7;услуга;Регулировка фар;новая страница /uslugi/regulirovka-far (сейчас — внутри /uslugi/tehnicheskoye-obsluzhivaniye-far);;;3;0;5;0;0;;вебмастер
регулировка фары минск;услуга;Регулировка фар;новая страница /uslugi/regulirovka-far (сейчас — внутри /uslugi/tehnicheskoye-obsluzhivaniye-far);;;2;0;19,5;0;0;;вебмастер
полировка и регулировка фар минск;услуга;Регулировка фар;новая страница /uslugi/regulirovka-far (сейчас — внутри /uslugi/tehnicheskoye-obsluzhivaniye-far);;;2;0;4,5;0;0;;вебмастер
регулировка линз змб;услуга;Регулировка фар;новая страница /uslugi/regulirovka-far (сейчас — внутри /uslugi/tehnicheskoye-obsluzhivaniye-far);;;2;0;7;0;0;;вебмастер
замена регулировка фар минск;услуга;Регулировка фар;новая страница /uslugi/regulirovka-far (сейчас — внутри /uslugi/tehnicheskoye-obsluzhivaniye-far);;;2;0;10,5;0;0;;вебмастер
ремонт и регулировка фар минск;услуга;Регулировка фар;новая страница /uslugi/regulirovka-far (сейчас — внутри /uslugi/tehnicheskoye-obsluzhivaniye-far);;;2;0;9;0;0;;вебмастер
поменять и отрегулировать передние фары в авто в минске;услуга;Регулировка фар;новая страница /uslugi/regulirovka-far (сейчас — внутри /uslugi/tehnicheskoye-obsluzhivaniye-far);;;2;0;10;0;0;;вебмастер
s50 регулировка фар белджи;услуга;Регулировка фар;новая страница /uslugi/regulirovka-far (сейчас — внутри /uslugi/tehnicheskoye-obsluzhivaniye-far);;;2;0;3,5;0;0;;вебмастер
нужен ли электрокорректор фар при установке ви лед модуля;услуга;Регулировка фар;новая страница /uslugi/regulirovka-far (сейчас — внутри /uslugi/tehnicheskoye-obsluzhivaniye-far);;;2;0;4,5;0;0;;вебмастер
регулировка света фар на infiniti qx 70;услуга;Регулировка фар;новая страница /uslugi/regulirovka-far (сейчас — внутри /uslugi/tehnicheskoye-obsluzhivaniye-far);;;2;0;10,5;0;0;;вебмастер
регулировать фары вольво сх 60 2014 года;услуга;Регулировка фар;новая страница /uslugi/regulirovka-far (сейчас — внутри /uslugi/tehnicheskoye-obsluzhivaniye-far);;;2;0;6,5;0;0;;вебмастер
ситроен с5 1 поколения регулировка фар;услуга;Регулировка фар;новая страница /uslugi/regulirovka-far (сейчас — внутри /uslugi/tehnicheskoye-obsluzhivaniye-far);;;2;0;5;0;0;;вебмастер
отрегулировать фары на белджи х70;услуга;Регулировка фар;новая страница /uslugi/regulirovka-far (сейчас — внутри /uslugi/tehnicheskoye-obsluzhivaniye-far);;;2;0;2;0;0;;вебмастер
полировка и регулировка фар в минске цены;услуга;Регулировка фар;новая страница /uslugi/regulirovka-far (сейчас — внутри /uslugi/tehnicheskoye-obsluzhivaniye-far);;;1;0;9;0;0;;вебмастер
регулировкаи ремонт фар минск;услуга;Регулировка фар;новая страница /uslugi/regulirovka-far (сейчас — внутри /uslugi/tehnicheskoye-obsluzhivaniye-far);;;1;0;13;0;0;;вебмастер
регулировка фар сто в минске;услуга;Регулировка фар;новая страница /uslugi/regulirovka-far (сейчас — внутри /uslugi/tehnicheskoye-obsluzhivaniye-far);;;1;0;7;0;0;;вебмастер
регулировка фар в минске на слабодской;услуга;Регулировка фар;новая страница /uslugi/regulirovka-far (сейчас — внутри /uslugi/tehnicheskoye-obsluzhivaniye-far);;;1;0;10;0;0;;вебмастер
ремонт тюнинг регулировка фар;услуга;Регулировка фар;новая страница /uslugi/regulirovka-far (сейчас — внутри /uslugi/tehnicheskoye-obsluzhivaniye-far);;;1;0;2;0;0;;вебмастер
регулировка света минск;услуга;Регулировка фар;новая страница /uslugi/regulirovka-far (сейчас — внутри /uslugi/tehnicheskoye-obsluzhivaniye-far);;;1;0;4;0;0;;вебмастер
регулировка противотуманных фар минск;услуга;Регулировка фар;новая страница /uslugi/regulirovka-far (сейчас — внутри /uslugi/tehnicheskoye-obsluzhivaniye-far);;;0;0;;1;0;63;search console
регулировка фар минск стоимость;услуга;Регулировка фар;новая страница /uslugi/regulirovka-far (сейчас — внутри /uslugi/tehnicheskoye-obsluzhivaniye-far);;;0;0;;1;0;75;search console
ремонт корректора фар лада;услуга;Регулировка фар;новая страница /uslugi/regulirovka-far (сейчас — внутри /uslugi/tehnicheskoye-obsluzhivaniye-far);3;0;0;0;;0;0;;topvisor
регулировка фар в минском районе;услуга;Регулировка фар;новая страница /uslugi/regulirovka-far (сейчас — внутри /uslugi/tehnicheskoye-obsluzhivaniye-far);45;0;0;0;;0;0;;topvisor
3 регулировка фар;услуга;Регулировка фар;новая страница /uslugi/regulirovka-far (сейчас — внутри /uslugi/tehnicheskoye-obsluzhivaniye-far);41;0;0;0;;0;0;;topvisor
где регулировка фар;услуга;Регулировка фар;новая страница /uslugi/regulirovka-far (сейчас — внутри /uslugi/tehnicheskoye-obsluzhivaniye-far);29;0;0;0;;0;0;;topvisor
регулировка фар пежо;услуга;Регулировка фар;новая страница /uslugi/regulirovka-far (сейчас — внутри /uslugi/tehnicheskoye-obsluzhivaniye-far);29;0;0;0;;0;0;;topvisor
регулировка фар опель;услуга;Регулировка фар;новая страница /uslugi/regulirovka-far (сейчас — внутри /uslugi/tehnicheskoye-obsluzhivaniye-far);25;0;0;0;;0;0;;topvisor
винты регулировки фар;услуга;Регулировка фар;новая страница /uslugi/regulirovka-far (сейчас — внутри /uslugi/tehnicheskoye-obsluzhivaniye-far);19;0;0;0;;0;0;;topvisor
регулировка фар 1;услуга;Регулировка фар;новая страница /uslugi/regulirovka-far (сейчас — внутри /uslugi/tehnicheskoye-obsluzhivaniye-far);19;0;0;0;;0;0;;topvisor
регулировка китайских фар;услуга;Регулировка фар;новая страница /uslugi/regulirovka-far (сейчас — внутри /uslugi/tehnicheskoye-obsluzhivaniye-far);16;0;0;0;;0;0;;topvisor
регулировка фар бмв;услуга;Регулировка фар;новая страница /uslugi/regulirovka-far (сейчас — внутри /uslugi/tehnicheskoye-obsluzhivaniye-far);16;0;0;0;;0;0;;topvisor
регулировка фар рено;услуга;Регулировка фар;новая страница /uslugi/regulirovka-far (сейчас — внутри /uslugi/tehnicheskoye-obsluzhivaniye-far);16;0;0;0;;0;0;;topvisor
регулировка фар ауди;услуга;Регулировка фар;новая страница /uslugi/regulirovka-far (сейчас — внутри /uslugi/tehnicheskoye-obsluzhivaniye-far);13;0;0;0;;0;0;;topvisor
регулировка фар тойота;услуга;Регулировка фар;новая страница /uslugi/regulirovka-far (сейчас — внутри /uslugi/tehnicheskoye-obsluzhivaniye-far);12;0;0;0;;0;0;;topvisor
где находится регулировка фар;услуга;Регулировка фар;новая страница /uslugi/regulirovka-far (сейчас — внутри /uslugi/tehnicheskoye-obsluzhivaniye-far);12;0;0;0;;0;0;;topvisor
находится регулировка фар;услуга;Регулировка фар;новая страница /uslugi/regulirovka-far (сейчас — внутри /uslugi/tehnicheskoye-obsluzhivaniye-far);12;0;0;0;;0;0;;topvisor
регулировка фар видео;услуга;Регулировка фар;новая страница /uslugi/regulirovka-far (сейчас — внутри /uslugi/tehnicheskoye-obsluzhivaniye-far);12;0;0;0;;0;0;;topvisor
регулировка фар октябрьский;услуга;Регулировка фар;новая страница /uslugi/regulirovka-far (сейчас — внутри /uslugi/tehnicheskoye-obsluzhivaniye-far);11;0;0;0;;0;0;;topvisor
регулировка фар гольф;услуга;Регулировка фар;новая страница /uslugi/regulirovka-far (сейчас — внутри /uslugi/tehnicheskoye-obsluzhivaniye-far);11;0;0;0;;0;0;;topvisor
не работает регулировка фар;услуга;Регулировка фар;новая страница /uslugi/regulirovka-far (сейчас — внутри /uslugi/tehnicheskoye-obsluzhivaniye-far);11;0;0;0;;0;0;;topvisor
регулировка фар киа;услуга;Регулировка фар;новая страница /uslugi/regulirovka-far (сейчас — внутри /uslugi/tehnicheskoye-obsluzhivaniye-far);10;0;0;0;;0;0;;topvisor
регулировка головного света фар;услуга;Регулировка фар;новая страница /uslugi/regulirovka-far (сейчас — внутри /uslugi/tehnicheskoye-obsluzhivaniye-far);10;0;0;0;;0;0;;topvisor
болт регулировки фары;услуга;Регулировка фар;новая страница /uslugi/regulirovka-far (сейчас — внутри /uslugi/tehnicheskoye-obsluzhivaniye-far);10;0;0;0;;0;0;;topvisor
регулировка наклона фар;услуга;Регулировка фар;новая страница /uslugi/regulirovka-far (сейчас — внутри /uslugi/tehnicheskoye-obsluzhivaniye-far);10;0;0;0;;0;0;;topvisor
замена регулировки фар;услуга;Регулировка фар;новая страница /uslugi/regulirovka-far (сейчас — внутри /uslugi/tehnicheskoye-obsluzhivaniye-far);10;0;0;0;;0;0;;topvisor
регулировка фар шевроле;услуга;Регулировка фар;новая страница /uslugi/regulirovka-far (сейчас — внутри /uslugi/tehnicheskoye-obsluzhivaniye-far);9;0;0;0;;0;0;;topvisor
регулировка фар т5;услуга;Регулировка фар;новая страница /uslugi/regulirovka-far (сейчас — внутри /uslugi/tehnicheskoye-obsluzhivaniye-far);9;0;0;0;;0;0;;topvisor
регулировка фар фольксваген;услуга;Регулировка фар;новая страница /uslugi/regulirovka-far (сейчас — внутри /uslugi/tehnicheskoye-obsluzhivaniye-far);10;0;0;0;;0;0;;topvisor
регулировка фар фольксваген т5;услуга;Регулировка фар;новая страница /uslugi/regulirovka-far (сейчас — внутри /uslugi/tehnicheskoye-obsluzhivaniye-far);9;0;0;0;;0;0;;topvisor
замена корректора фар;услуга;Регулировка фар;новая страница /uslugi/regulirovka-far (сейчас — внутри /uslugi/tehnicheskoye-obsluzhivaniye-far);14;0;0;0;;0;0;;topvisor
ремонт корректора фар киа рио 3;услуга;Регулировка фар;новая страница /uslugi/regulirovka-far (сейчас — внутри /uslugi/tehnicheskoye-obsluzhivaniye-far);0;0;0;0;;0;0;;topvisor
регулировка фар в минске заводской район;услуга;Регулировка фар;новая страница /uslugi/regulirovka-far (сейчас — внутри /uslugi/tehnicheskoye-obsluzhivaniye-far);7;0;0;0;;0;0;;topvisor
регулировка фар пассат б3;услуга;Регулировка фар;новая страница /uslugi/regulirovka-far (сейчас — внутри /uslugi/tehnicheskoye-obsluzhivaniye-far);0;0;0;0;;0;0;;topvisor
пассат б3 регулировка фар;услуга;Регулировка фар;новая страница /uslugi/regulirovka-far (сейчас — внутри /uslugi/tehnicheskoye-obsluzhivaniye-far);0;0;0;0;;0;0;;topvisor
регулировка фар фольксваген пассат б3;услуга;Регулировка фар;новая страница /uslugi/regulirovka-far (сейчас — внутри /uslugi/tehnicheskoye-obsluzhivaniye-far);0;0;0;0;;0;0;;topvisor
регулировка фар на пассат б3;услуга;Регулировка фар;новая страница /uslugi/regulirovka-far (сейчас — внутри /uslugi/tehnicheskoye-obsluzhivaniye-far);0;0;0;0;;0;0;;topvisor
регулировка китайских фар пассат б3;услуга;Регулировка фар;новая страница /uslugi/regulirovka-far (сейчас — внутри /uslugi/tehnicheskoye-obsluzhivaniye-far);0;0;0;0;;0;0;;topvisor
регулировка фар ауди а6 с5;услуга;Регулировка фар;новая страница /uslugi/regulirovka-far (сейчас — внутри /uslugi/tehnicheskoye-obsluzhivaniye-far);0;0;0;0;;0;0;;topvisor
не работает регулировка фар ауди а6 с5;услуга;Регулировка фар;новая страница /uslugi/regulirovka-far (сейчас — внутри /uslugi/tehnicheskoye-obsluzhivaniye-far);0;0;0;0;;0;0;;topvisor
ауди а6 с5 регулировка фар;услуга;Регулировка фар;новая страница /uslugi/regulirovka-far (сейчас — внутри /uslugi/tehnicheskoye-obsluzhivaniye-far);0;0;0;0;;0;0;;topvisor
регулировка фар на ауди а6 с5;услуга;Регулировка фар;новая страница /uslugi/regulirovka-far (сейчас — внутри /uslugi/tehnicheskoye-obsluzhivaniye-far);0;0;0;0;;0;0;;topvisor
регулировка фар ауди а6с5;услуга;Регулировка фар;новая страница /uslugi/regulirovka-far (сейчас — внутри /uslugi/tehnicheskoye-obsluzhivaniye-far);0;0;0;0;;0;0;;topvisor
ремонт фар в минске;услуга;Ремонт фар — общий;/uslugi/remont-far;147;90;538;15;5,9;25;1;25,5;topvisor, вебмастер, search console
ремонт фары минск;услуга;Ремонт фар — общий;/uslugi/remont-far;210;47;14;2;5,4;1;0;11;topvisor, вебмастер, search console
ремонт фар минск;услуга;Ремонт фар — общий;/uslugi/remont-far;167;28;137;10;7,3;633;15;38,9;topvisor, вебмастер, search console
ремонт фар;услуга;Ремонт фар — общий;/uslugi/remont-far;474;33;121;6;8;88;0;11;topvisor, вебмастер, search console
восстановление фар в минске;услуга;Ремонт фар — общий;/uslugi/remont-far;41;19;16;1;5,8;0;0;;topvisor, вебмастер
ремонт фары;услуга;Ремонт фар — общий;/uslugi/remont-far;482;16;3;0;7,3;0;0;;topvisor, вебмастер
восстановление фар минск;услуга;Ремонт фар — общий;/uslugi/remont-far;62;1;61;5;6,5;18;0;36,9;topvisor, вебмастер, search console
ремонт фар в минске и восстановление;услуга;Ремонт фар — общий;/uslugi/remont-far;28;10;39;11;6,9;0;0;;topvisor, вебмастер
восстановление фар;услуга;Ремонт фар — общий;/uslugi/remont-far;98;2;59;0;8,8;1;0;42;topvisor, вебмастер, search console
ремонт фар фаниполь;услуга;Ремонт фар — общий;/uslugi/remont-far;16;9;0;0;;0;0;;topvisor
ремонт фар в минске цены;услуга;Ремонт фар — общий;/uslugi/remont-far;8;8;5;1;6,7;0;0;;topvisor, вебмастер
ремонт автомобильных фар в минске;услуга;Ремонт фар — общий;/uslugi/remont-far;3;0;43;8;5,8;70;0;44,4;topvisor, вебмастер, search console
ремонт фары джили эмгранд 2023 года;услуга;Ремонт фар — общий;/uslugi/remont-far;6;6;0;0;;0;0;;topvisor
восстановление автомобильных фар;услуга;Ремонт фар — общий;/uslugi/remont-far;1;0;33;2;6,4;0;0;;topvisor, вебмастер
восстановление и защита фар;услуга;Ремонт фар — общий;/uslugi/remont-far;;;32;3;4,5;0;0;;вебмастер
замена стекол фар infiniti ex;услуга;Ремонт фар — общий;/uslugi/remont-far;5;5;0;0;;0;0;;topvisor
ремонт фар бмв;услуга;Ремонт фар — общий;/uslugi/remont-far;18;5;0;0;;0;0;;topvisor
ремонт фар в минске и восстановление оптики автомобилей;услуга;Ремонт фар — общий;/uslugi/remont-far;4;4;16;3;5,8;0;0;;topvisor, вебмастер
восстановление фар в минске цены;услуга;Ремонт фар — общий;/uslugi/remont-far;10;4;8;0;7,7;0;0;;topvisor, вебмастер
ремонт фар в минске и восстановление оптики;услуга;Ремонт фар — общий;/uslugi/remont-far;7;2;20;2;7,1;0;0;;topvisor, вебмастер
ремонт оптики автомобиля;услуга;Ремонт фар — общий;/uslugi/remont-far;;;6;0;10,8;51;0;31;вебмастер, search console
реставрация фар минск;услуга;Ремонт фар — общий;/uslugi/remont-far;6;3;19;2;5,8;2;0;25;topvisor, вебмастер, search console
ремонт автомобильных фар;услуга;Ремонт фар — общий;/uslugi/remont-far;10;0;2;0;6,5;50;0;28,9;topvisor, вебмастер, search console
восстановление фар после дтп;услуга;Ремонт фар — общий;/uslugi/remont-far;3;3;0;0;;3;0;36,3;topvisor, search console
замена стекол фар цена;услуга;Ремонт фар — общий;/uslugi/remont-far;5;3;0;0;;0;0;;topvisor
стоимость ремонта фар;услуга;Ремонт фар — общий;/uslugi/remont-far;;;4;0;2;48;0;36,1;вебмастер, search console
ремонт фар цена;услуга;Ремонт фар — общий;/uslugi/remont-far;;;2;0;9,5;42;0;37,6;вебмастер, search console
стоимость замены фары;услуга;Ремонт фар — общий;/uslugi/remont-far;;;3;0;10,3;41;0;20,3;вебмастер, search console
корректировка фар в минске цены;услуга;Ремонт фар — общий;/uslugi/remont-far;;;14;4;10,3;0;0;;вебмастер
реставрация фар автомобиля в минске;услуга;Ремонт фар — общий;/uslugi/remont-far;;;13;4;3,4;0;0;;вебмастер
замена фар цена;услуга;Ремонт фар — общий;/uslugi/remont-far;;;3;0;10,7;33;0;31,9;вебмастер, search console
ремонт фар автомобиля;услуга;Ремонт фар — общий;/uslugi/remont-far;16;0;7;0;7,5;32;0;22,1;topvisor, вебмастер, search console
ремонт фар авто;услуга;Ремонт фар — общий;/uslugi/remont-far;16;2;2;0;7;2;0;11;topvisor, вебмастер, search console
ремонт фар красногорск;услуга;Ремонт фар — общий;/uslugi/remont-far;3;2;0;0;;0;0;;topvisor
ремонт и восстановление фар;услуга;Ремонт фар — общий;/uslugi/remont-far;19;2;5;2;9,6;2;0;16;topvisor, вебмастер, search console
восстановление пластиковых фар;услуга;Ремонт фар — общий;/uslugi/remont-far;3;2;0;0;;0;0;;topvisor
разборка фары рено логан 2;услуга;Ремонт фар — общий;/uslugi/remont-far;7;2;0;0;;0;0;;topvisor
разборка фары пассат б6;услуга;Ремонт фар — общий;/uslugi/remont-far;5;2;0;0;;0;0;;topvisor
ремонт фар в фаниполе;услуга;Ремонт фар — общий;/uslugi/remont-far;6;2;0;0;;0;0;;topvisor
сто по замене стекол на передних фарах;услуга;Ремонт фар — общий;/uslugi/remont-far;;;12;0;6,2;0;0;;вебмастер
установка фар цена;услуга;Ремонт фар — общий;/uslugi/remont-far;;;3;0;3,7;32;0;18,5;вебмастер, search console
ремонт и восстановление фар в минске;услуга;Ремонт фар — общий;/uslugi/remont-far;;;11;2;4,4;0;0;;вебмастер
установка фар;услуга;Ремонт фар — общий;/uslugi/remont-far;;;7;0;7,6;28;0;41,4;вебмастер, search console
ремонт нотбука минск;услуга;Ремонт фар — общий;/uslugi/remont-far;;;8;0;23,4;0;0;;вебмастер
коррекция фар в минске;услуга;Ремонт фар — общий;/uslugi/remont-far;;;8;4;5;0;0;;вебмастер
замена стекол фар в минске;услуга;Ремонт фар — общий;/uslugi/remont-far;;;8;1;10;0;0;;вебмастер
замена блока тмс в фаре сто;услуга;Ремонт фар — общий;/uslugi/remont-far;;;8;0;8,1;0;0;;вебмастер
реставрация фар;услуга;Ремонт фар — общий;/uslugi/remont-far;;;7;1;7,3;0;0;;вебмастер
изготовление стекол фар;услуга;Ремонт фар — общий;/uslugi/remont-far;;;0;0;;17;0;56;search console
восстановление пластика фар;услуга;Ремонт фар — общий;/uslugi/remont-far;1;1;0;0;;0;0;;topvisor
замена стекол фар пежо 307;услуга;Ремонт фар — общий;/uslugi/remont-far;5;1;0;0;;0;0;;topvisor
замена стекол фар бмв х5 е53;услуга;Ремонт фар — общий;/uslugi/remont-far;1;1;0;0;;0;0;;topvisor
замена стекол фар авто;услуга;Ремонт фар — общий;/uslugi/remont-far;1;1;0;0;;0;0;;topvisor
стек для фар;услуга;Ремонт фар — общий;/uslugi/remont-far;147;1;0;0;;0;0;;topvisor
ремонт фар бмв е60;услуга;Ремонт фар — общий;/uslugi/remont-far;1;1;0;0;;0;0;;topvisor
ремонт фары бмв е60;услуга;Ремонт фар — общий;/uslugi/remont-far;1;1;0;0;;0;0;;topvisor
восстановление фар автомобиля;услуга;Ремонт фар — общий;/uslugi/remont-far;20;0;6;0;10,2;9;0;45,2;topvisor, вебмастер, search console
ремонт автомобильной фары;услуга;Ремонт фар — общий;/uslugi/remont-far;;;6;0;5,2;0;0;;вебмастер
восстановление фар автомобиля минск;услуга;Ремонт фар — общий;/uslugi/remont-far;4;0;5;0;8,4;0;0;;topvisor, вебмастер
оптика на авто;услуга;Ремонт фар — общий;/uslugi/remont-far;;;0;0;;12;0;64,9;search console
ремонт фар опель инсигния;услуга;Ремонт фар — общий;/uslugi/remont-far;1;0;4;1;3,5;0;0;;topvisor, вебмастер
ремон фар в минске;услуга;Ремонт фар — общий;/uslugi/remont-far;;;4;0;8,8;0;0;;вебмастер
минск восстановить фару тойота;услуга;Ремонт фар — общий;/uslugi/remont-far;;;4;0;11,8;0;0;;вебмастер
ремонт фар колодищи;услуга;Ремонт фар — общий;/uslugi/remont-far;;;4;0;10,3;0;0;;вебмастер
ремонт ридера минск;услуга;Ремонт фар — общий;/uslugi/remont-far;;;4;0;20,3;0;0;;вебмастер
ремонт фар сенница;услуга;Ремонт фар — общий;/uslugi/remont-far;;;4;0;7,8;0;0;;вебмастер
e92 одна фара бьет вверх;услуга;Ремонт фар — общий;/uslugi/remont-far;;;4;0;8;0;0;;вебмастер
разбор фары минск;услуга;Ремонт фар — общий;/uslugi/remont-far;;;4;0;7,5;0;0;;вебмастер
автомобильная оптика;услуга;Ремонт фар — общий;/uslugi/remont-far;;;0;0;;10;0;48,3;search console
замена стекол фар;услуга;Ремонт фар — общий;/uslugi/remont-far;;;0;0;;9;0;11;search console
ремонт пластика фар минск;услуга;Ремонт фар — общий;/uslugi/remont-far;;;3;0;9,3;0;0;;вебмастер
ремонт фар в минске и восстановление оптики автомобилей в минске;услуга;Ремонт фар — общий;/uslugi/remont-far;;;3;0;8;0;0;;вебмастер
ремонт фар адреса;услуга;Ремонт фар — общий;/uslugi/remont-far;;;3;0;7,3;0;0;;вебмастер
ремонт фар фольксваген таос минск;услуга;Ремонт фар — общий;/uslugi/remont-far;;;3;0;9,3;0;0;;вебмастер
ремонт фар любой сложности;услуга;Ремонт фар — общий;/uslugi/remont-far;;;3;0;12;1;0;11;вебмастер, search console
цена замены стекол фар;услуга;Ремонт фар — общий;/uslugi/remont-far;;;3;0;6,3;0;0;;вебмастер
ремонт фар е 39 минск;услуга;Ремонт фар — общий;/uslugi/remont-far;;;3;0;5;0;0;;вебмастер
ремонт оптики;услуга;Ремонт фар — общий;/uslugi/remont-far;;;3;0;27,7;0;0;;вебмастер
ремонт фар автомобиля в минске;услуга;Ремонт фар — общий;/uslugi/remont-far;;;3;0;11;0;0;;вебмастер
ремонт фар vw;услуга;Ремонт фар — общий;/uslugi/remont-far;;;3;0;9;0;0;;вебмастер
доработка фары минск;услуга;Ремонт фар — общий;/uslugi/remont-far;;;3;0;7,3;0;0;;вебмастер
ремонт фар инфинити в минске;услуга;Ремонт фар — общий;/uslugi/remont-far;;;3;1;2,3;0;0;;вебмастер
ремонт фары боровляны;услуга;Ремонт фар — общий;/uslugi/remont-far;;;3;0;10;0;0;;вебмастер
настройка фар bmw минск;услуга;Ремонт фар — общий;/uslugi/remont-far;;;3;1;2,3;0;0;;вебмастер
замена фар в минске;услуга;Ремонт фар — общий;/uslugi/remont-far;;;3;0;8,3;0;0;;вебмастер
ремонт фар на бетонном переулке;услуга;Ремонт фар — общий;/uslugi/remont-far;;;3;0;11;0;0;;вебмастер
дренажные отверстия в фарах;услуга;Ремонт фар — общий;/uslugi/remont-far;;;3;1;3,7;0;0;;вебмастер
электронный восстановитель фары;услуга;Ремонт фар — общий;/uslugi/remont-far;;;3;0;6;0;0;;вебмастер
сделать фары в минске;услуга;Ремонт фар — общий;/uslugi/remont-far;;;3;0;8,3;0;0;;вебмастер
замена фар на мерседес минск;услуга;Ремонт фар — общий;/uslugi/remont-far;;;3;0;2;0;0;;вебмастер
ремонт фар тесла;услуга;Ремонт фар — общий;/uslugi/remont-far;;;3;0;7,3;0;0;;вебмастер
фары не налаживаются в чем причина;услуга;Ремонт фар — общий;/uslugi/remont-far;;;3;0;3,7;0;0;;вебмастер
ремонт фар в беларуси;услуга;Ремонт фар — общий;/uslugi/remont-far;;;3;0;5,7;0;0;;вебмастер
ремонт фар минск цена;услуга;Ремонт фар — общий;/uslugi/remont-far;;;0;0;;8;1;36,1;search console
замена фар минск;услуга;Ремонт фар — общий;/uslugi/remont-far;;;0;0;;7;0;26;search console
замена стекол на фарах;услуга;Ремонт фар — общий;/uslugi/remont-far;;;0;0;;6;0;10;search console
ремонт фар форд;услуга;Ремонт фар — общий;/uslugi/remont-far;6;0;2;0;2,5;0;0;;topvisor, вебмастер
ремонт фар в фаниполе +375291180313;услуга;Ремонт фар — общий;/uslugi/remont-far;;;2;0;10;0;0;;вебмастер
ремонт блок -фары на авто минск;услуга;Ремонт фар — общий;/uslugi/remont-far;;;2;1;10;0;0;;вебмастер
фары билэд установить минск атм;услуга;Ремонт фар — общий;/uslugi/remont-far;;;2;0;5;0;0;;вебмастер
восстановление фар и повторителей;услуга;Ремонт фар — общий;/uslugi/remont-far;;;2;1;3;0;0;;вебмастер
чистка и оклнйка фар в авто в минске;услуга;Ремонт фар — общий;/uslugi/remont-far;;;2;0;9,5;0;0;;вебмастер
ремонт фар минске;услуга;Ремонт фар — общий;/uslugi/remont-far;;;2;0;10;0;0;;вебмастер
ремонт автооптики;услуга;Ремонт фар — общий;/uslugi/remont-far;;;2;0;8,5;0;0;;вебмастер
ремонт автофар;услуга;Ремонт фар — общий;/uslugi/remont-far;;;2;0;9,5;0;0;;вебмастер
минск ремонт и рейсталинг фар авто;услуга;Ремонт фар — общий;/uslugi/remont-far;;;2;0;6,5;0;0;;вебмастер
восстановление накладок на фары byd song l;услуга;Ремонт фар — общий;/uslugi/remont-far;;;2;0;9,5;0;0;;вебмастер
рестайлинг фар белоруссия;услуга;Ремонт фар — общий;/uslugi/remont-far;;;2;0;5;0;0;;вебмастер
битая авто фара;услуга;Ремонт фар — общий;/uslugi/remont-far;;;2;0;4,5;0;0;;вебмастер
ремонт фар на жилунлвича;услуга;Ремонт фар — общий;/uslugi/remont-far;;;2;0;11;0;0;;вебмастер
отремонтировать фару на ауди g5 2018 года;услуга;Ремонт фар — общий;/uslugi/remont-far;;;2;0;9;0;0;;вебмастер
где сделать фары в беларуси быстро очень;услуга;Ремонт фар — общий;/uslugi/remont-far;;;2;0;10,5;0;0;;вебмастер
ремонт диодных фар в беларуси;услуга;Ремонт фар — общий;/uslugi/remont-far;;;2;0;9,5;0;0;;вебмастер
ремонт восстановление фар;услуга;Ремонт фар — общий;/uslugi/remont-far;;;2;0;6;0;0;;вебмастер
потерла фару сколько стоит;услуга;Ремонт фар — общий;/uslugi/remont-far;;;2;0;5,5;0;0;;вебмастер
кто в минске занимается ремонтом фар?;услуга;Ремонт фар — общий;/uslugi/remont-far;;;2;0;11;0;0;;вебмастер
ремонт фар бмв в минске;услуга;Ремонт фар — общий;/uslugi/remont-far;;;2;1;21;0;0;;вебмастер
установка фар в минске;услуга;Ремонт фар — общий;/uslugi/remont-far;;;2;0;7;0;0;;вебмастер
ремонт и замена фар;услуга;Ремонт фар — общий;/uslugi/remont-far;;;2;0;7;0;0;;вебмастер
модернизация автомобильных фар минск;услуга;Ремонт фар — общий;/uslugi/remont-far;;;2;0;8;0;0;;вебмастер
фары автопромсервис;услуга;Ремонт фар — общий;/uslugi/remont-far;;;2;0;5,5;0;0;;вебмастер
рестайлинг фар в минске;услуга;Ремонт фар — общий;/uslugi/remont-far;;;2;0;7;0;0;;вебмастер
ремонт оптики автомобиля в минске;услуга;Ремонт фар — общий;/uslugi/remont-far;;;2;0;7,5;0;0;;вебмастер
где можно запаять фару;услуга;Ремонт фар — общий;/uslugi/remont-far;;;2;0;2;0;0;;вебмастер
мир фар минск;услуга;Ремонт фар — общий;/uslugi/remont-far;;;2;0;13,5;0;0;;вебмастер
установка диодной ленты на фары в минске;услуга;Ремонт фар — общий;/uslugi/remont-far;;;2;0;9,5;0;0;;вебмастер
разборка чистка и заклейка фар в минске;услуга;Ремонт фар — общий;/uslugi/remont-far;;;2;0;10,5;0;0;;вебмастер
цены на реставрацию фара в минске;услуга;Ремонт фар — общий;/uslugi/remont-far;;;2;0;6;0;0;;вебмастер
замена галогеновых фар минск;услуга;Ремонт фар — общий;/uslugi/remont-far;;;2;1;7;0;0;;вебмастер
установка лэд оптики рено каджар минск;услуга;Ремонт фар — общий;/uslugi/remont-far;;;2;0;11;0;0;;вебмастер
ремонт фар синск;услуга;Ремонт фар — общий;/uslugi/remont-far;;;2;1;4;0;0;;вебмастер
ребилд фар в минске;услуга;Ремонт фар — общий;/uslugi/remont-far;;;2;0;4,5;0;0;;вебмастер
faraont.by ремонт фар автомобиля минск;услуга;Ремонт фар — общий;/uslugi/remont-far;;;2;0;10;0;0;;вебмастер
глазки ремонт бмв минск;услуга;Ремонт фар — общий;/uslugi/remont-far;;;2;0;5,5;0;0;;вебмастер
потрескались фары на тесле после;услуга;Ремонт фар — общий;/uslugi/remont-far;;;2;0;6,5;0;0;;вебмастер
должна ли потеть фара после ремонта;услуга;Ремонт фар — общий;/uslugi/remont-far;;;2;0;4;0;0;;вебмастер
прошивка фар audi в минске;услуга;Ремонт фар — общий;/uslugi/remont-far;;;2;0;4;0;0;;вебмастер
восстановление фар ауди а6с5 в минске цены;услуга;Ремонт фар — общий;/uslugi/remont-far;;;2;0;1,5;0;0;;вебмастер
ханят фара;услуга;Ремонт фар — общий;/uslugi/remont-far;;;2;0;7,5;0;0;;вебмастер
проблема в новой фаре;услуга;Ремонт фар — общий;/uslugi/remont-far;;;2;0;8;0;0;;вебмастер
фараон фары минск;услуга;Ремонт фар — общий;/uslugi/remont-far;;;2;0;9;0;0;;вебмастер
фара бьет вниз решение;услуга;Ремонт фар — общий;/uslugi/remont-far;;;2;0;3;0;0;;вебмастер
где в фаре находится дренаж;услуга;Ремонт фар — общий;/uslugi/remont-far;;;2;0;5;0;0;;вебмастер
замена стекол фар приора цена;услуга;Ремонт фар — общий;/uslugi/remont-far;;;2;0;1;0;0;;вебмастер
ремонт фар в чижовке;услуга;Ремонт фар — общий;/uslugi/remont-far;;;2;0;9,5;0;0;;вебмастер
замена разъема фары мерседес w203 цена;услуга;Ремонт фар — общий;/uslugi/remont-far;;;2;0;8;0;0;;вебмастер
если не работает фара пока не подвигаешь ее;услуга;Ремонт фар — общий;/uslugi/remont-far;;;2;0;7;0;0;;вебмастер
ремонт фар в колодищах;услуга;Ремонт фар — общий;/uslugi/remont-far;;;2;0;10,5;0;0;;вебмастер
ремонт фар мондео 4;услуга;Ремонт фар — общий;/uslugi/remont-far;;;2;0;7,5;0;0;;вебмастер
где находится фарах дренажные отверстия;услуга;Ремонт фар — общий;/uslugi/remont-far;;;2;0;4,5;0;0;;вебмастер
ремонт фары кайен 955;услуга;Ремонт фар — общий;/uslugi/remont-far;;;2;0;6;0;0;;вебмастер
автооптика;услуга;Ремонт фар — общий;/uslugi/remont-far;;;0;0;;5;0;38;search console
ремонт стекол фар;услуга;Ремонт фар — общий;/uslugi/remont-far;;;0;0;;5;0;11,6;search console
ремонт автомобильной оптики;услуга;Ремонт фар — общий;/uslugi/remont-far;;;0;0;;4;0;47;search console
ремонт оптики авто;услуга;Ремонт фар — общий;/uslugi/remont-far;;;0;0;;4;0;9,3;search console
ремонт установка фар;услуга;Ремонт фар — общий;/uslugi/remont-far;;;0;0;;3;1;10;search console
ремонт замена фар;услуга;Ремонт фар — общий;/uslugi/remont-far;;;0;0;;3;0;16,3;search console
ремонт пластиковых фар автомобиля;услуга;Ремонт фар — общий;/uslugi/remont-far;;;1;0;17;0;0;;вебмастер
ремонт автомобильных факна сморгоньский тракт 3;услуга;Ремонт фар — общий;/uslugi/remont-far;;;1;1;2;0;0;;вебмастер
перепиновка разъемов фар минск;услуга;Ремонт фар — общий;/uslugi/remont-far;;;1;0;11;0;0;;вебмастер
потерла фару;услуга;Ремонт фар — общий;/uslugi/remont-far;;;1;0;8;0;0;;вебмастер
ремонт фары хонда аккорд 6;услуга;Ремонт фар — общий;/uslugi/remont-far;;;1;0;9;0;0;;вебмастер
сидор славомир ремонт фар минск;услуга;Ремонт фар — общий;/uslugi/remont-far;;;1;0;8;0;0;;вебмастер
перелачивание фар стоимость;услуга;Ремонт фар — общий;/uslugi/remont-far;;;1;0;7;0;0;;вебмастер
елки палки сервис ремонт фар;услуга;Ремонт фар — общий;/uslugi/remont-far;;;1;0;9;0;0;;вебмастер
перепаковка фар;услуга;Ремонт фар — общий;/uslugi/remont-far;;;1;0;7;0;0;;вебмастер
ремонт фар колодичи;услуга;Ремонт фар — общий;/uslugi/remont-far;;;1;0;11;0;0;;вебмастер
мир фар минск время работы;услуга;Ремонт фар — общий;/uslugi/remont-far;;;1;0;8;0;0;;вебмастер
ремонт фар фулиполимер;услуга;Ремонт фар — общий;/uslugi/remont-far;;;1;0;6;0;0;;вебмастер
сколько стоит снять бампер в сервисе и поставить;услуга;Ремонт фар — общий;/uslugi/remont-far;;;1;0;11;0;0;;вебмастер
ремонт фар в фанеполе;услуга;Ремонт фар — общий;/uslugi/remont-far;;;1;0;14;0;0;;вебмастер
сколька. стоит ремонт фар;услуга;Ремонт фар — общий;/uslugi/remont-far;;;1;0;11;0;0;;вебмастер
покрытие фар лаком минск;услуга;Ремонт фар — общий;/uslugi/remont-far;;;1;0;13;0;0;;вебмастер
ремонт фур минск;услуга;Ремонт фар — общий;/uslugi/remont-far;;;1;0;14;0;0;;вебмастер
разобрать фару цена минск;услуга;Ремонт фар — общий;/uslugi/remont-far;;;1;0;8;0;0;;вебмастер
переделать фары в минске;услуга;Ремонт фар — общий;/uslugi/remont-far;;;1;0;10;0;0;;вебмастер
ремонт фар в минске со снятием;услуга;Ремонт фар — общий;/uslugi/remont-far;;;1;0;3;0;0;;вебмастер
ремонт фар шклов;услуга;Ремонт фар — общий;/uslugi/remont-far;;;1;0;10;0;0;;вебмастер
ремонт фары хендай ионик 2017г электро;услуга;Ремонт фар — общий;/uslugi/remont-far;;;1;0;6;0;0;;вебмастер
ремонт фар в минске и восстановление оптики автомобилей узнать цену в минске;услуга;Ремонт фар — общий;/uslugi/remont-far;;;1;0;6;0;0;;вебмастер
ремонт абс пластика 1см стоимость;услуга;Ремонт фар — общий;/uslugi/remont-far;;;1;0;25;0;0;;вебмастер
ремонт фар прушинского 55;услуга;Ремонт фар — общий;/uslugi/remont-far;;;1;0;11;0;0;;вебмастер
ремонт и установка двух чиповых молулей в минске в фары;услуга;Ремонт фар — общий;/uslugi/remont-far;;;1;1;4;0;0;;вебмастер
ремонт фар пежо 508 минск;услуга;Ремонт фар — общий;/uslugi/remont-far;;;1;1;4;0;0;;вебмастер
настройка и ремонт фар минск;услуга;Ремонт фар — общий;/uslugi/remont-far;;;1;0;12;0;0;;вебмастер
паяка фар минск;услуга;Ремонт фар — общий;/uslugi/remont-far;;;1;0;6;0;0;;вебмастер
переделка фар минск;услуга;Ремонт фар — общий;/uslugi/remont-far;;;1;0;5;0;0;;вебмастер
ремонт фар володько 9;услуга;Ремонт фар — общий;/uslugi/remont-far;;;1;0;7;0;0;;вебмастер
объявления на авито ремонт фар;услуга;Ремонт фар — общий;/uslugi/remont-far;;;1;0;6;0;0;;вебмастер
ремонт фары опель омега б рест;услуга;Ремонт фар — общий;/uslugi/remont-far;;;1;0;6;0;0;;вебмастер
ремонт автомобильных фар минск;услуга;Ремонт фар — общий;/uslugi/remont-far;;;1;0;6;0;0;;вебмастер
ремонт фар volvo s40;услуга;Ремонт фар — общий;/uslugi/remont-far;;;1;0;20;0;0;;вебмастер
ремонт фар5445178;услуга;Ремонт фар — общий;/uslugi/remont-far;;;1;0;10;0;0;;вебмастер
ремонт фар рэтрофит;услуга;Ремонт фар — общий;/uslugi/remont-far;;;1;0;7;0;0;;вебмастер
ремонт оптики бмв в минске;услуга;Ремонт фар — общий;/uslugi/remont-far;;;1;0;19;0;0;;вебмастер
мойка фар изнутри минск;услуга;Ремонт фар — общий;/uslugi/remont-far;;;1;0;10;0;0;;вебмастер
ремонь фар в минске;услуга;Ремонт фар — общий;/uslugi/remont-far;;;1;0;11;0;0;;вебмастер
корректіровка фар по мінску;услуга;Ремонт фар — общий;/uslugi/remont-far;;;1;0;3;0;0;;вебмастер
переделка фары минск;услуга;Ремонт фар — общий;/uslugi/remont-far;;;1;0;4;0;0;;вебмастер
ремонт оптики фар;услуга;Ремонт фар — общий;/uslugi/remont-far;11;0;0;0;;2;0;10,5;topvisor, search console
замена фары цена;услуга;Ремонт фар — общий;/uslugi/remont-far;;;0;0;;2;0;20;search console
корректировка фар минск;услуга;Ремонт фар — общий;/uslugi/remont-far;;;0;0;;2;0;68,5;search console
оптика авто;услуга;Ремонт фар — общий;/uslugi/remont-far;;;0;0;;2;0;64;search console
ремонт фар бетонный проезд;услуга;Ремонт фар — общий;/uslugi/remont-far;;;0;0;;2;0;40,5;search console
ремонт фар цены;услуга;Ремонт фар — общий;/uslugi/remont-far;;;0;0;;2;0;26;search console
техническое обслуживание фар;услуга;Ремонт фар — общий;/uslugi/remont-far;;;0;0;;2;0;8,5;search console
фары ремонт;услуга;Ремонт фар — общий;/uslugi/remont-far;;;0;0;;2;0;10;search console
восстановление стекол фар;услуга;Ремонт фар — общий;/uslugi/remont-far;;;0;0;;1;0;16;search console
все доя фар;услуга;Ремонт фар — общий;/uslugi/remont-far;;;0;0;;1;0;6;search console
замена фар;услуга;Ремонт фар — общий;/uslugi/remont-far;;;0;0;;1;0;34;search console
оптика для авто;услуга;Ремонт фар — общий;/uslugi/remont-far;;;0;0;;1;0;43;search console
ремонт авто фар;услуга;Ремонт фар — общий;/uslugi/remont-far;;;0;0;;1;0;39;search console
ремонт диодных фар;услуга;Ремонт фар — общий;/uslugi/remont-far;;;0;0;;1;0;1;search console
ремонт передних фар;услуга;Ремонт фар — общий;/uslugi/remont-far;;;0;0;;1;0;18;search console
ремонт стекол фар автомобиля;услуга;Ремонт фар — общий;/uslugi/remont-far;;;0;0;;1;0;8;search console
сколько стоит поменять фару;услуга;Ремонт фар — общий;/uslugi/remont-far;;;0;0;;1;0;8;search console
сколько стоит поменять фару на машине;услуга;Ремонт фар — общий;/uslugi/remont-far;;;0;0;;1;0;9;search console
топ фар минск;услуга;Ремонт фар — общий;/uslugi/remont-far;;;0;0;;1;0;10;search console
фар;услуга;Ремонт фар — общий;/uslugi/remont-far;;;0;0;;1;0;20;search console
фара поло седан 2018;услуга;Ремонт фар — общий;/uslugi/remont-far;;;0;0;;1;0;5;search console
фары минск;услуга;Ремонт фар — общий;/uslugi/remont-far;;;0;0;;1;0;12;search console
ремонт фар фольксваген;услуга;Ремонт фар — общий;/uslugi/remont-far;16;0;0;0;;0;0;;topvisor
ремонт задних фар;услуга;Ремонт фар — общий;/uslugi/remont-far;12;0;0;0;;0;0;;topvisor
фара рено ремонт;услуга;Ремонт фар — общий;/uslugi/remont-far;12;0;0;0;;0;0;;topvisor
ремонт фар инфинити;услуга;Ремонт фар — общий;/uslugi/remont-far;9;0;0;0;;0;0;;topvisor
ремонт фар шевроле;услуга;Ремонт фар — общий;/uslugi/remont-far;8;0;0;0;;0;0;;topvisor
ремонт фары автомобиля минск;услуга;Ремонт фар — общий;/uslugi/remont-far;8;0;0;0;;0;0;;topvisor
ремонт фар киа;услуга;Ремонт фар — общий;/uslugi/remont-far;3;0;0;0;;0;0;;topvisor
ремонт фар киа спортейдж;услуга;Ремонт фар — общий;/uslugi/remont-far;7;0;0;0;;0;0;;topvisor
ремонт фар hyundai;услуга;Ремонт фар — общий;/uslugi/remont-far;0;0;0;0;;0;0;;topvisor
ремонт фар пежо;услуга;Ремонт фар — общий;/uslugi/remont-far;7;0;0;0;;0;0;;topvisor
ремонт фары джили эмгранд;услуга;Ремонт фар — общий;/uslugi/remont-far;6;0;0;0;;0;0;;topvisor
сто ремонт фар;услуга;Ремонт фар — общий;/uslugi/remont-far;6;0;0;0;;0;0;;topvisor
ремонт фар ауди;услуга;Ремонт фар — общий;/uslugi/remont-far;5;0;0;0;;0;0;;topvisor
не горят фары ремонт;услуга;Ремонт фар — общий;/uslugi/remont-far;5;0;0;0;;0;0;;topvisor
ремонт фар вольво;услуга;Ремонт фар — общий;/uslugi/remont-far;5;0;0;0;;0;0;;topvisor
ремонт фар мицубиси;услуга;Ремонт фар — общий;/uslugi/remont-far;3;0;0;0;;0;0;;topvisor
ремонт фары аутлендер;услуга;Ремонт фар — общий;/uslugi/remont-far;3;0;0;0;;0;0;;topvisor
ремонт фары лада;услуга;Ремонт фар — общий;/uslugi/remont-far;3;0;0;0;;0;0;;topvisor
ремонт фар минск и восстановление;услуга;Ремонт фар — общий;/uslugi/remont-far;27;0;0;0;;0;0;;topvisor
восстановление оптики фар;услуга;Ремонт фар — общий;/uslugi/remont-far;9;0;0;0;;0;0;;topvisor
восстановление оптики фар минск;услуга;Ремонт фар — общий;/uslugi/remont-far;16;0;0;0;;0;0;;topvisor
ремонт фар восстановление оптики;услуга;Ремонт фар — общий;/uslugi/remont-far;16;0;0;0;;0;0;;topvisor
цена восстановления фар;услуга;Ремонт фар — общий;/uslugi/remont-far;7;0;0;0;;0;0;;topvisor
фары после восстановления;услуга;Ремонт фар — общий;/uslugi/remont-far;3;0;0;0;;0;0;;topvisor
восстановление фар бмв;услуга;Ремонт фар — общий;/uslugi/remont-far;3;0;0;0;;0;0;;topvisor
восстановление фар меган 2;услуга;Ремонт фар — общий;/uslugi/remont-far;1;0;0;0;;0;0;;topvisor
восстановление фар рено;услуга;Ремонт фар — общий;/uslugi/remont-far;1;0;0;0;;0;0;;topvisor
лак для восстановления фар;услуга;Ремонт фар — общий;/uslugi/remont-far;1;0;0;0;;0;0;;topvisor
шевроле круз восстановление фар;услуга;Ремонт фар — общий;/uslugi/remont-far;1;0;0;0;;0;0;;topvisor
замена стекол фар бмв х5;услуга;Ремонт фар — общий;/uslugi/remont-far;4;0;0;0;;0;0;;topvisor
замена стекол фар мазда 3;услуга;Ремонт фар — общий;/uslugi/remont-far;3;0;0;0;;0;0;;topvisor
замена стекол фар мазда 3 бк;услуга;Ремонт фар — общий;/uslugi/remont-far;3;0;0;0;;0;0;;topvisor
замена стекол фар е70;услуга;Ремонт фар — общий;/uslugi/remont-far;3;0;0;0;;0;0;;topvisor
начала потеть фара;услуга;Ремонт фар — общий;/uslugi/remont-far;2;0;0;0;;0;0;;topvisor
начали потеть фары;услуга;Ремонт фар — общий;/uslugi/remont-far;2;0;0;0;;0;0;;topvisor
разборка фары автомобиля;услуга;Ремонт фар — общий;/uslugi/remont-far;12;0;0;0;;0;0;;topvisor
логан разборка фар;услуга;Ремонт фар — общий;/uslugi/remont-far;7;0;0;0;;0;0;;topvisor
разборка фар рено логан;услуга;Ремонт фар — общий;/uslugi/remont-far;7;0;0;0;;0;0;;topvisor
разборка фары логан 2;услуга;Ремонт фар — общий;/uslugi/remont-far;7;0;0;0;;0;0;;topvisor
разборка фары toyota;услуга;Ремонт фар — общий;/uslugi/remont-far;6;0;0;0;;0;0;;topvisor
разборка фары опель;услуга;Ремонт фар — общий;/uslugi/remont-far;2;0;0;0;;0;0;;topvisor
разборка авто фары;услуга;Ремонт фар — общий;/uslugi/remont-far;1;0;0;0;;0;0;;topvisor
инструмент для разборки фар;услуга;Ремонт фар — общий;/uslugi/remont-far;1;0;0;0;;0;0;;topvisor
ремонт фар в борисове;услуга;Ремонт фар — общий;/uslugi/remont-far;0;0;0;0;;0;0;;topvisor
ремонт фар орша;услуга;Ремонт фар — общий;/uslugi/remont-far;0;0;0;0;;0;0;;topvisor
ремонт фар bmw;услуга;Ремонт фар — общий;/uslugi/remont-far;3;0;0;0;;0;0;;topvisor
ремонт фар bmw g30;услуга;Ремонт фар — общий;/uslugi/remont-far;0;0;0;0;;0;0;;topvisor
ремонт фар на бмв;услуга;Ремонт фар — общий;/uslugi/remont-far;0;0;0;0;;0;0;;topvisor
ремонт фары электровелосипеда;услуга;Ремонт фар — общий;/uslugi/remont-far;0;0;0;0;;0;0;;topvisor
ремонт фары бмв;услуга;Ремонт фар — общий;/uslugi/remont-far;6;0;0;0;;0;0;;topvisor
ремонт фар бмв х5 е70;услуга;Ремонт фар — общий;/uslugi/remont-far;1;0;0;0;;0;0;;topvisor
ремонт фар бмв g30;услуга;Ремонт фар — общий;/uslugi/remont-far;0;0;0;0;;0;0;;topvisor
ремонт фары bmw;услуга;Ремонт фар — общий;/uslugi/remont-far;0;0;0;0;;0;0;;topvisor
ремонт блока фар бмв ф10;услуга;Ремонт фар — общий;/uslugi/remont-far;0;0;0;0;;0;0;;topvisor
ремонт фар бмв е39;услуга;Ремонт фар — общий;/uslugi/remont-far;0;0;0;0;;0;0;;topvisor
ремонт фары мерседес;услуга;Ремонт фар — общий;/uslugi/remont-far;0;0;0;0;;0;0;;topvisor
ремонт фар борисов;услуга;Ремонт фар — общий;/uslugi/remont-far;0;0;0;0;;0;0;;topvisor
ремонт фары шкода кодиак;услуга;Ремонт фар — общий;/uslugi/remont-far;0;0;0;0;;0;0;;topvisor
ремонт фар шкода кодиак;услуга;Ремонт фар — общий;/uslugi/remont-far;0;0;0;0;;0;0;;topvisor
ремонт фары киа рио 3;услуга;Ремонт фар — общий;/uslugi/remont-far;0;0;0;0;;0;0;;topvisor
восстановление автомобильных фар. в течении 1 дня!;услуга;Ремонт фар — общий;/uslugi/remont-far;0;0;0;0;;0;0;;topvisor
восстановление фар автомобиля лаком;услуга;Ремонт фар — общий;/uslugi/remont-far;0;0;0;0;;0;0;;topvisor
восстановление фар автомобиля паром;услуга;Ремонт фар — общий;/uslugi/remont-far;0;0;0;0;;0;0;;topvisor
восстановление фар лаком;услуга;Ремонт фар — общий;/uslugi/remont-far;1;0;0;0;;0;0;;topvisor
восстановление фар лаком из баллончика;услуга;Ремонт фар — общий;/uslugi/remont-far;0;0;0;0;;0;0;;topvisor
восстановление фарфора;услуга;Ремонт фар — общий;/uslugi/remont-far;0;0;0;0;;0;0;;topvisor
восстановление завода ильича в мариуполе;услуга;Ремонт фар — общий;/uslugi/remont-far;0;0;0;0;;0;0;;topvisor
восстановление завода в капотне;услуга;Ремонт фар — общий;/uslugi/remont-far;0;0;0;0;;0;0;;topvisor
восстановление завода в мариуполе;услуга;Ремонт фар — общий;/uslugi/remont-far;0;0;0;0;;0;0;;topvisor
что привезли с собой на восстановление завода красный октябрь хозяйственные уральские строители;услуга;Ремонт фар — общий;/uslugi/remont-far;0;0;0;0;;0;0;;topvisor
замена стекол фар ваз 2109;услуга;Ремонт фар — общий;/uslugi/remont-far;0;0;0;0;;0;0;;topvisor
замена стекол фар ваз 2107;услуга;Ремонт фар — общий;/uslugi/remont-far;0;0;0;0;;0;0;;topvisor
замена стекол фар веста;услуга;Ремонт фар — общий;/uslugi/remont-far;0;0;0;0;;0;0;;topvisor
замена стекол фар киа спортейдж 3;услуга;Ремонт фар — общий;/uslugi/remont-far;0;0;0;0;;0;0;;topvisor
замена стекол фар ваз 2114 на гладкие;услуга;Ремонт фар — общий;/uslugi/remont-far;0;0;0;0;;0;0;;topvisor
замена стекол фар ваз 2114;услуга;Ремонт фар — общий;/uslugi/remont-far;0;0;0;0;;0;0;;topvisor
замена стекол фар вольво хс90;услуга;Ремонт фар — общий;/uslugi/remont-far;1;0;0;0;;0;0;;topvisor
замена стекол фар уаз патриот;услуга;Ремонт фар — общий;/uslugi/remont-far;0;0;0;0;;0;0;;topvisor
замена стекол фар шевроле лачетти седан;услуга;Ремонт фар — общий;/uslugi/remont-far;0;0;0;0;;0;0;;topvisor
вода в задней фаре;услуга;Ремонт фар — общий;/uslugi/remont-far;0;0;0;0;;0;0;;topvisor
в фаре вода как устранить;услуга;Ремонт фар — общий;/uslugi/remont-far;0;0;0;0;;0;0;;topvisor
сто «торсион» в минске. ремонт автомобиля в течение 2...;услуга;Ремонт фар — общий;/uslugi/remont-far;0;0;0;0;;0;0;;topvisor
настройка фар пассат б3;услуга;Ремонт фар — общий;/uslugi/remont-far;0;0;0;0;;0;0;;topvisor
замена фар шкода октавия а7 на led;услуга;Ремонт фар — общий;/uslugi/remont-far;0;0;0;0;;0;0;;topvisor
ремонт фар минск. оригинальные запчасти!;услуга;Ремонт фар — общий;/uslugi/remont-far;0;0;0;0;;0;0;;topvisor
мойка фар изнутри;услуга;Ремонт фар — общий;/uslugi/remont-far;0;0;0;0;;0;0;;topvisor
мойка фар изнутри без разборки;услуга;Ремонт фар — общий;/uslugi/remont-far;0;0;0;0;;0;0;;topvisor
разборка фар;услуга;Ремонт фар — общий;/uslugi/remont-far;45;0;0;0;;0;0;;topvisor
разборка фары;услуга;Ремонт фар — общий;/uslugi/remont-far;45;0;0;0;;0;0;;topvisor
разборка фары ваз 2107;услуга;Ремонт фар — общий;/uslugi/remont-far;0;0;0;0;;0;0;;topvisor
разборка фары уаз патриот;услуга;Ремонт фар — общий;/uslugi/remont-far;0;0;0;0;;0;0;;topvisor
разборка фары опель астра h;услуга;Ремонт фар — общий;/uslugi/remont-far;0;0;0;0;;0;0;;topvisor
разборка фары форд фокус 3;услуга;Ремонт фар — общий;/uslugi/remont-far;0;0;0;0;;0;0;;topvisor
разборка фары ваз 2110;услуга;Ремонт фар — общий;/uslugi/remont-far;0;0;0;0;;0;0;;topvisor
разборка фары шевроле круз;услуга;Ремонт фар — общий;/uslugi/remont-far;0;0;0;0;;0;0;;topvisor
разборка фары киа рио 3;услуга;Ремонт фар — общий;/uslugi/remont-far;0;0;0;0;;0;0;;topvisor
разборка фары лада веста;услуга;Ремонт фар — общий;/uslugi/remont-far;0;0;0;0;;0;0;;topvisor
разборка фартука 16к20;услуга;Ремонт фар — общий;/uslugi/remont-far;0;0;0;0;;0;0;;topvisor
разборка фар форд фокус 3;услуга;Ремонт фар — общий;/uslugi/remont-far;0;0;0;0;;0;0;;topvisor
разборка фары ваз 2110 бош;услуга;Ремонт фар — общий;/uslugi/remont-far;0;0;0;0;;0;0;;topvisor
разбор фар ваз 2110;услуга;Ремонт фар — общий;/uslugi/remont-far;0;0;0;0;;0;0;;topvisor
ретрофит минск;услуга;Ретрофит;/uslugi/uluchshenie-kachestva-sveta;;;91;0;8,2;149;0;7,5;вебмастер, search console
retrofit minsk;услуга;Ретрофит;/uslugi/uluchshenie-kachestva-sveta;;;0;0;;57;0;7,4;search console
ретрофит фар;услуга;Ретрофит;/uslugi/uluchshenie-kachestva-sveta;2;1;2;0;7,5;43;2;6,6;topvisor, вебмастер, search console
ретрофит фары;услуга;Ретрофит;/uslugi/uluchshenie-kachestva-sveta;2;1;0;0;;0;0;;topvisor
ретрофит фар обучение;услуга;Ретрофит;/uslugi/uluchshenie-kachestva-sveta;1;1;0;0;;0;0;;topvisor
обучение ретрофит фар;услуга;Ретрофит;/uslugi/uluchshenie-kachestva-sveta;1;1;0;0;;0;0;;topvisor
ретро фит;услуга;Ретрофит;/uslugi/uluchshenie-kachestva-sveta;;;0;0;;16;0;10,3;search console
retrofit минск;услуга;Ретрофит;/uslugi/uluchshenie-kachestva-sveta;;;0;0;;10;0;7,5;search console
ретрофит;услуга;Ретрофит;/uslugi/uluchshenie-kachestva-sveta;;;0;0;;5;0;30,4;search console
retrofit;услуга;Ретрофит;/uslugi/uluchshenie-kachestva-sveta;;;0;0;;1;0;4;search console
ретрофит фар что это;услуга;Ретрофит;/uslugi/uluchshenie-kachestva-sveta;0;0;0;0;;0;0;;topvisor
ретрофит фар что это такое;услуга;Ретрофит;/uslugi/uluchshenie-kachestva-sveta;0;0;0;0;;0;0;;topvisor
ретрофит фар во владимире;услуга;Ретрофит;/uslugi/uluchshenie-kachestva-sveta;0;0;0;0;;0;0;;topvisor
ретрофит фар это;услуга;Ретрофит;/uslugi/uluchshenie-kachestva-sveta;0;0;0;0;;0;0;;topvisor
opel astra j тюнинг фары минск;услуга;Тюнинг, антихром, переделки;/uslugi/uluchshenie-kachestva-sveta;13;13;0;0;;0;0;;topvisor
тюнинг фар в минске;услуга;Тюнинг, антихром, переделки;/uslugi/uluchshenie-kachestva-sveta;19;11;25;8;7,9;0;0;;topvisor, вебмастер
фольксваген тигуан 2014 фары тюнинг;услуга;Тюнинг, антихром, переделки;/uslugi/uluchshenie-kachestva-sveta;7;7;0;0;;0;0;;topvisor
тюнинг фар ауди а4 б5;услуга;Тюнинг, антихром, переделки;/uslugi/uluchshenie-kachestva-sveta;8;4;0;0;;0;0;;topvisor
тюнинг фары киа рио 3;услуга;Тюнинг, антихром, переделки;/uslugi/uluchshenie-kachestva-sveta;3;3;0;0;;0;0;;topvisor
тюнинг фар киа рио 3;услуга;Тюнинг, антихром, переделки;/uslugi/uluchshenie-kachestva-sveta;3;3;0;0;;0;0;;topvisor
киа рио 3 тюнинг фар;услуга;Тюнинг, антихром, переделки;/uslugi/uluchshenie-kachestva-sveta;3;3;0;0;;0;0;;topvisor
тюнинг фар цена;услуга;Тюнинг, антихром, переделки;/uslugi/uluchshenie-kachestva-sveta;;;2;0;5,5;45;0;40,1;вебмастер, search console
тюнинг фар минск;услуга;Тюнинг, антихром, переделки;/uslugi/uluchshenie-kachestva-sveta;37;1;13;0;10;6;0;43,5;topvisor, вебмастер, search console
тюнинг фар;услуга;Тюнинг, антихром, переделки;/uslugi/uluchshenie-kachestva-sveta;222;2;5;0;8,5;2;0;71;topvisor, вебмастер, search console
передний фара тюнинг;услуга;Тюнинг, антихром, переделки;/uslugi/uluchshenie-kachestva-sveta;11;1;0;0;;0;0;;topvisor
тюнинг фар т4;услуга;Тюнинг, антихром, переделки;/uslugi/uluchshenie-kachestva-sveta;6;1;0;0;;0;0;;topvisor
покраска маски фар в черный;услуга;Тюнинг, антихром, переделки;/uslugi/uluchshenie-kachestva-sveta;6;1;0;0;;0;0;;topvisor
переделка английских фар;услуга;Тюнинг, антихром, переделки;/uslugi/uluchshenie-kachestva-sveta;5;1;0;0;;0;0;;topvisor
тюнинг фар авто в минске;услуга;Тюнинг, антихром, переделки;/uslugi/uluchshenie-kachestva-sveta;;;4;0;7,3;0;0;;вебмастер
ремонт ангельских глазок бмв g02 минск;услуга;Тюнинг, антихром, переделки;/uslugi/uluchshenie-kachestva-sveta;;;3;0;6;0;0;;вебмастер
тюнинг света минск;услуга;Тюнинг, антихром, переделки;/uslugi/uluchshenie-kachestva-sveta;;;2;0;4,5;0;0;;вебмастер
покраска авто в минске цены;услуга;Тюнинг, антихром, переделки;/uslugi/uluchshenie-kachestva-sveta;;;2;2;3;0;0;;вебмастер
тюнинг фар график работы;услуга;Тюнинг, антихром, переделки;/uslugi/uluchshenie-kachestva-sveta;;;2;0;10,5;0;0;;вебмастер
тюнинг оптики автомобиля cbao;услуга;Тюнинг, антихром, переделки;/uslugi/uluchshenie-kachestva-sveta;;;2;0;3;0;0;;вебмастер
тюнинг фар хонда цивик 5д минск;услуга;Тюнинг, антихром, переделки;/uslugi/uluchshenie-kachestva-sveta;;;2;1;5,5;0;0;;вебмастер
атом-тюнинг бай;услуга;Тюнинг, антихром, переделки;/uslugi/uluchshenie-kachestva-sveta;;;2;0;9,5;0;0;;вебмастер
ремонт и тюнинг фар минск;услуга;Тюнинг, антихром, переделки;/uslugi/uluchshenie-kachestva-sveta;;;2;0;7;0;0;;вебмастер
покраска маск фар в минске;услуга;Тюнинг, антихром, переделки;/uslugi/uluchshenie-kachestva-sveta;;;1;1;14;0;0;;вебмастер
минсмк тюнинг фар;услуга;Тюнинг, антихром, переделки;/uslugi/uluchshenie-kachestva-sveta;;;1;0;8;0;0;;вебмастер
покраска автомобиля в минске;услуга;Тюнинг, антихром, переделки;/uslugi/uluchshenie-kachestva-sveta;;;1;1;2;0;0;;вебмастер
ремонт ангельских глазок бмв минск;услуга;Тюнинг, антихром, переделки;/uslugi/uluchshenie-kachestva-sveta;;;1;0;10;0;0;;вебмастер
автосвет тюнинг;услуга;Тюнинг, антихром, переделки;/uslugi/uluchshenie-kachestva-sveta;;;0;0;;1;0;42;search console
светотюнинг авто;услуга;Тюнинг, антихром, переделки;/uslugi/uluchshenie-kachestva-sveta;;;0;0;;1;0;82;search console
тюнинг автосвета;услуга;Тюнинг, антихром, переделки;/uslugi/uluchshenie-kachestva-sveta;;;0;0;;1;0;9;search console
тюнинг света авто;услуга;Тюнинг, антихром, переделки;/uslugi/uluchshenie-kachestva-sveta;;;0;0;;1;0;9;search console
тюнинг фар цены;услуга;Тюнинг, антихром, переделки;/uslugi/uluchshenie-kachestva-sveta;;;0;0;;1;0;21;search console
фары тюнинг фольксваген;услуга;Тюнинг, антихром, переделки;/uslugi/uluchshenie-kachestva-sveta;26;0;0;0;;0;0;;topvisor
тюнинг фар ауди;услуга;Тюнинг, антихром, переделки;/uslugi/uluchshenie-kachestva-sveta;16;0;0;0;;0;0;;topvisor
фары тюнинг astra;услуга;Тюнинг, антихром, переделки;/uslugi/uluchshenie-kachestva-sveta;16;0;0;0;;0;0;;topvisor
opel astra j тюнинг фар;услуга;Тюнинг, антихром, переделки;/uslugi/uluchshenie-kachestva-sveta;13;0;0;0;;0;0;;topvisor
тюнинг фары astra j;услуга;Тюнинг, антихром, переделки;/uslugi/uluchshenie-kachestva-sveta;13;0;0;0;;0;0;;topvisor
фары тюнинг opel;услуга;Тюнинг, антихром, переделки;/uslugi/uluchshenie-kachestva-sveta;13;0;0;0;;0;0;;topvisor
тюнинг б5 фары;услуга;Тюнинг, антихром, переделки;/uslugi/uluchshenie-kachestva-sveta;12;0;0;0;;0;0;;topvisor
тюнинг фар бмв;услуга;Тюнинг, антихром, переделки;/uslugi/uluchshenie-kachestva-sveta;10;0;0;0;;0;0;;topvisor
тюнинг фары ауди а4;услуга;Тюнинг, антихром, переделки;/uslugi/uluchshenie-kachestva-sveta;10;0;0;0;;0;0;;topvisor
тюнинг фар гольф;услуга;Тюнинг, антихром, переделки;/uslugi/uluchshenie-kachestva-sveta;9;0;0;0;;0;0;;topvisor
тюнинг фары а4 б5;услуга;Тюнинг, антихром, переделки;/uslugi/uluchshenie-kachestva-sveta;8;0;0;0;;0;0;;topvisor
тюнинг фар тигуан;услуга;Тюнинг, антихром, переделки;/uslugi/uluchshenie-kachestva-sveta;7;0;0;0;;0;0;;topvisor
тюнинг фар форд;услуга;Тюнинг, антихром, переделки;/uslugi/uluchshenie-kachestva-sveta;7;0;0;0;;0;0;;topvisor
тюнинг фар на б4;услуга;Тюнинг, антихром, переделки;/uslugi/uluchshenie-kachestva-sveta;7;0;0;0;;0;0;;topvisor
тюнинг фар опель;услуга;Тюнинг, антихром, переделки;/uslugi/uluchshenie-kachestva-sveta;7;0;0;0;;0;0;;topvisor
тюнинг фар киа;услуга;Тюнинг, антихром, переделки;/uslugi/uluchshenie-kachestva-sveta;6;0;0;0;;0;0;;topvisor
фары тюнинг пассат;услуга;Тюнинг, антихром, переделки;/uslugi/uluchshenie-kachestva-sveta;6;0;0;0;;0;0;;topvisor
тюнинг фар ангельские глазки;услуга;Тюнинг, антихром, переделки;/uslugi/uluchshenie-kachestva-sveta;5;0;0;0;;0;0;;topvisor
фары тюнинг рено;услуга;Тюнинг, антихром, переделки;/uslugi/uluchshenie-kachestva-sveta;5;0;0;0;;0;0;;topvisor
фары гольф 4 тюнинг;услуга;Тюнинг, антихром, переделки;/uslugi/uluchshenie-kachestva-sveta;5;0;0;0;;0;0;;topvisor
тюнинг фар опель астра;услуга;Тюнинг, антихром, переделки;/uslugi/uluchshenie-kachestva-sveta;5;0;0;0;;0;0;;topvisor
фары тюнинг астра;услуга;Тюнинг, антихром, переделки;/uslugi/uluchshenie-kachestva-sveta;5;0;0;0;;0;0;;topvisor
тюнинг фар бмв е39;услуга;Тюнинг, антихром, переделки;/uslugi/uluchshenie-kachestva-sveta;5;0;0;0;;0;0;;topvisor
тюнинг фары е39;услуга;Тюнинг, антихром, переделки;/uslugi/uluchshenie-kachestva-sveta;5;0;0;0;;0;0;;topvisor
тюнинг фар пежо;услуга;Тюнинг, антихром, переделки;/uslugi/uluchshenie-kachestva-sveta;4;0;0;0;;0;0;;topvisor
фары пежо 307 тюнинг;услуга;Тюнинг, антихром, переделки;/uslugi/uluchshenie-kachestva-sveta;4;0;0;0;;0;0;;topvisor
фары тюнинг 307;услуга;Тюнинг, антихром, переделки;/uslugi/uluchshenie-kachestva-sveta;4;0;0;0;;0;0;;topvisor
тюнинг фар тойота;услуга;Тюнинг, антихром, переделки;/uslugi/uluchshenie-kachestva-sveta;4;0;0;0;;0;0;;topvisor
тюнинг фар а6;услуга;Тюнинг, антихром, переделки;/uslugi/uluchshenie-kachestva-sveta;4;0;0;0;;0;0;;topvisor
тюнинг фары ауди а6;услуга;Тюнинг, антихром, переделки;/uslugi/uluchshenie-kachestva-sveta;4;0;0;0;;0;0;;topvisor
тюнинг фар цивик;услуга;Тюнинг, антихром, переделки;/uslugi/uluchshenie-kachestva-sveta;4;0;0;0;;0;0;;topvisor
фары тюнинг хонда цивик;услуга;Тюнинг, антихром, переделки;/uslugi/uluchshenie-kachestva-sveta;4;0;0;0;;0;0;;topvisor
фары хонда тюнинг;услуга;Тюнинг, антихром, переделки;/uslugi/uluchshenie-kachestva-sveta;4;0;0;0;;0;0;;topvisor
рио 3 фара тюнинг;услуга;Тюнинг, антихром, переделки;/uslugi/uluchshenie-kachestva-sveta;3;0;0;0;;0;0;;topvisor
тюнинг реснички на фары;услуга;Тюнинг, антихром, переделки;/uslugi/uluchshenie-kachestva-sveta;3;0;0;0;;0;0;;topvisor
тюнинг фар jeep;услуга;Тюнинг, антихром, переделки;/uslugi/uluchshenie-kachestva-sveta;3;0;0;0;;0;0;;topvisor
антихром фар;услуга;Тюнинг, антихром, переделки;/uslugi/uluchshenie-kachestva-sveta;0;0;0;0;;0;0;;topvisor
антихром фары;услуга;Тюнинг, антихром, переделки;/uslugi/uluchshenie-kachestva-sveta;0;0;0;0;;0;0;;topvisor
антихром на фары;услуга;Тюнинг, антихром, переделки;/uslugi/uluchshenie-kachestva-sveta;0;0;0;0;;0;0;;topvisor
фары антихром;услуга;Тюнинг, антихром, переделки;/uslugi/uluchshenie-kachestva-sveta;0;0;0;0;;0;0;;topvisor
тюнинг фары бмв е39;услуга;Тюнинг, антихром, переделки;/uslugi/uluchshenie-kachestva-sveta;5;0;0;0;;0;0;;topvisor
тюнинг фары ауди 80 б4;услуга;Тюнинг, антихром, переделки;/uslugi/uluchshenie-kachestva-sveta;1;0;0;0;;0;0;;topvisor
фары ауди 80 б4 тюнинг;услуга;Тюнинг, антихром, переделки;/uslugi/uluchshenie-kachestva-sveta;1;0;0;0;;0;0;;topvisor
тюнинг фар рено меган 2;услуга;Тюнинг, антихром, переделки;/uslugi/uluchshenie-kachestva-sveta;0;0;0;0;;0;0;;topvisor
тюнинг фары рено меган 2;услуга;Тюнинг, антихром, переделки;/uslugi/uluchshenie-kachestva-sveta;0;0;0;0;;0;0;;topvisor
фары рено меган 2 рестайлинг тюнинг;услуга;Тюнинг, антихром, переделки;/uslugi/uluchshenie-kachestva-sveta;0;0;0;0;;0;0;;topvisor
тюнинг фары пассат б4;услуга;Тюнинг, антихром, переделки;/uslugi/uluchshenie-kachestva-sveta;0;0;0;0;;0;0;;topvisor
тюнинг фары на пассат б4;услуга;Тюнинг, антихром, переделки;/uslugi/uluchshenie-kachestva-sveta;0;0;0;0;;0;0;;topvisor
фары пассат б4 тюнинг;услуга;Тюнинг, антихром, переделки;/uslugi/uluchshenie-kachestva-sveta;0;0;0;0;;0;0;;topvisor
пассат б4 тюнинг фар;услуга;Тюнинг, антихром, переделки;/uslugi/uluchshenie-kachestva-sveta;0;0;0;0;;0;0;;topvisor
тюнинг фары киа рио 3 дорестайл;услуга;Тюнинг, антихром, переделки;/uslugi/uluchshenie-kachestva-sveta;0;0;0;0;;0;0;;topvisor
тюнинг фары киа рио 3 рестайлинг;услуга;Тюнинг, антихром, переделки;/uslugi/uluchshenie-kachestva-sveta;0;0;0;0;;0;0;;topvisor
тюнинг фар киа рио 3 дорестайл;услуга;Тюнинг, антихром, переделки;/uslugi/uluchshenie-kachestva-sveta;0;0;0;0;;0;0;;topvisor
тюнинг фары на киа рио 3;услуга;Тюнинг, антихром, переделки;/uslugi/uluchshenie-kachestva-sveta;0;0;0;0;;0;0;;topvisor
задние фары киа рио 3 тюнинг;услуга;Тюнинг, антихром, переделки;/uslugi/uluchshenie-kachestva-sveta;0;0;0;0;;0;0;;topvisor
фары на киа рио 3 тюнинг;услуга;Тюнинг, антихром, переделки;/uslugi/uluchshenie-kachestva-sveta;0;0;0;0;;0;0;;topvisor
тюнинг фары мазда 6 gg;услуга;Тюнинг, антихром, переделки;/uslugi/uluchshenie-kachestva-sveta;0;0;0;0;;0;0;;topvisor
фары мазда 6 gg тюнинг;услуга;Тюнинг, антихром, переделки;/uslugi/uluchshenie-kachestva-sveta;0;0;0;0;;0;0;;topvisor
тюнинг фар мазда 6 gg;услуга;Тюнинг, антихром, переделки;/uslugi/uluchshenie-kachestva-sveta;0;0;0;0;;0;0;;topvisor
покраска масок фар;услуга;Тюнинг, антихром, переделки;/uslugi/uluchshenie-kachestva-sveta;0;0;0;0;;0;0;;topvisor
покраска масок фар в черный матовый;услуга;Тюнинг, антихром, переделки;/uslugi/uluchshenie-kachestva-sveta;0;0;0;0;;0;0;;topvisor
покраска масок фар шкода октавия а5;услуга;Тюнинг, антихром, переделки;/uslugi/uluchshenie-kachestva-sveta;0;0;0;0;;0;0;;topvisor
покраска масок фар в черный;услуга;Тюнинг, антихром, переделки;/uslugi/uluchshenie-kachestva-sveta;0;0;0;0;;0;0;;topvisor
покраска масок фар в черный глянец;услуга;Тюнинг, антихром, переделки;/uslugi/uluchshenie-kachestva-sveta;0;0;0;0;;0;0;;topvisor
покраска масок фар в черный ваз 2114;услуга;Тюнинг, антихром, переделки;/uslugi/uluchshenie-kachestva-sveta;0;0;0;0;;0;0;;topvisor
покраска маски фары в черный;услуга;Тюнинг, антихром, переделки;/uslugi/uluchshenie-kachestva-sveta;0;0;0;0;;0;0;;topvisor
покраска фары изнутри в черный;услуга;Тюнинг, антихром, переделки;/uslugi/uluchshenie-kachestva-sveta;0;0;0;0;;0;0;;topvisor
покраска масок фар приора;услуга;Тюнинг, антихром, переделки;/uslugi/uluchshenie-kachestva-sveta;0;0;0;0;;0;0;;topvisor
покраска маски фары в черный приора;услуга;Тюнинг, антихром, переделки;/uslugi/uluchshenie-kachestva-sveta;0;0;0;0;;0;0;;topvisor
покраска фары лаком;услуга;Тюнинг, антихром, переделки;/uslugi/uluchshenie-kachestva-sveta;0;0;0;0;;0;0;;topvisor
покраска фар лаком из баллончика своими;услуга;Тюнинг, антихром, переделки;/uslugi/uluchshenie-kachestva-sveta;0;0;0;0;;0;0;;topvisor
покраска фар лаком;услуга;Тюнинг, антихром, переделки;/uslugi/uluchshenie-kachestva-sveta;0;0;0;0;;0;0;;topvisor
автосвет минск;услуга;Улучшение света — общее;/uslugi/uluchshenie-kachestva-sveta;20;16;0;0;;124;2;14,7;topvisor, search console
автосвет;услуга;Улучшение света — общее;/uslugi/uluchshenie-kachestva-sveta;214;14;0;0;;2;0;13,5;topvisor, search console
ремонт дальнего света фар киа спортейдж;услуга;Улучшение света — общее;/uslugi/uluchshenie-kachestva-sveta;5;5;0;0;;0;0;;topvisor
дооснащение mini минск;услуга;Улучшение света — общее;/uslugi/uluchshenie-kachestva-sveta;;;20;0;6,5;0;0;;вебмастер
автосвет донецк днр установка;услуга;Улучшение света — общее;/uslugi/uluchshenie-kachestva-sveta;2;2;0;0;;0;0;;topvisor
автосвет бай;услуга;Улучшение света — общее;/uslugi/uluchshenie-kachestva-sveta;2;2;0;0;;0;0;;topvisor
автосвет в минске;услуга;Улучшение света — общее;/uslugi/uluchshenie-kachestva-sveta;1;1;0;0;;0;0;;topvisor
ремонт световой сигнализации;услуга;Улучшение света — общее;/uslugi/uluchshenie-kachestva-sveta;;;0;0;;15;0;57,5;search console
замена света на авто;услуга;Улучшение света — общее;/uslugi/uluchshenie-kachestva-sveta;;;5;1;11,8;0;0;;вебмастер
улучшения света фар в минске цена;услуга;Улучшение света — общее;/uslugi/uluchshenie-kachestva-sveta;;;4;1;3;0;0;;вебмастер
улучшить свет фар;услуга;Улучшение света — общее;/uslugi/uluchshenie-kachestva-sveta;;;0;0;;9;0;16,7;search console
переделка дальнего света киа мохав в минске;услуга;Улучшение света — общее;/uslugi/uluchshenie-kachestva-sveta;;;3;0;9,5;0;0;;вебмастер
плохой свет ситроен с3;услуга;Улучшение света — общее;/uslugi/uluchshenie-kachestva-sveta;;;3;0;6;0;0;;вебмастер
улучшение света фар;услуга;Улучшение света — общее;/uslugi/uluchshenie-kachestva-sveta;;;3;1;6,7;4;0;14,5;вебмастер, search console
где сделать головной свет автомобиля в минске;услуга;Улучшение света — общее;/uslugi/uluchshenie-kachestva-sveta;;;2;2;9,5;0;0;;вебмастер
новый свет в фары минск;услуга;Улучшение света — общее;/uslugi/uluchshenie-kachestva-sveta;;;2;0;8;0;0;;вебмастер
в минске поставить в автомобиль светодидный свет;услуга;Улучшение света — общее;/uslugi/uluchshenie-kachestva-sveta;;;2;1;8;0;0;;вебмастер
автосвет ремонт фар;услуга;Улучшение света — общее;/uslugi/uluchshenie-kachestva-sveta;;;2;0;4;0;0;;вебмастер
пересвет фар под европу цены минск;услуга;Улучшение света — общее;/uslugi/uluchshenie-kachestva-sveta;;;2;0;4;0;0;;вебмастер
стара загора 42 автосвет;услуга;Улучшение света — общее;/uslugi/uluchshenie-kachestva-sveta;;;2;0;9;0;0;;вебмастер
пересвет фар минск;услуга;Улучшение света — общее;/uslugi/uluchshenie-kachestva-sveta;;;2;0;5,5;0;0;;вебмастер
сколько стоит замена светодиода в фаре;услуга;Улучшение света — общее;/uslugi/uluchshenie-kachestva-sveta;;;2;0;6;0;0;;вебмастер
сделать хороший свет фар на пассат б5 в минске;услуга;Улучшение света — общее;/uslugi/uluchshenie-kachestva-sveta;;;2;0;11;0;0;;вебмастер
замена света фар в минске;услуга;Улучшение света — общее;/uslugi/uluchshenie-kachestva-sveta;;;2;0;7,5;0;0;;вебмастер
техническое обслуживание (свет /звук);услуга;Улучшение света — общее;/uslugi/uluchshenie-kachestva-sveta;;;2;0;9;0;0;;вебмастер
замена световых элементов в автомобиле в минске;услуга;Улучшение света — общее;/uslugi/uluchshenie-kachestva-sveta;;;2;0;11;0;0;;вебмастер
может ли светить криво фара из за колпачка;услуга;Улучшение света — общее;/uslugi/uluchshenie-kachestva-sveta;;;2;0;8,5;0;0;;вебмастер
сделать свет фар в минске;услуга;Улучшение света — общее;/uslugi/uluchshenie-kachestva-sveta;;;2;1;3,5;0;0;;вебмастер
ремонт светодиодных автомобильных фар;услуга;Улучшение света — общее;/uslugi/uluchshenie-kachestva-sveta;;;2;0;9;0;0;;вебмастер
карта автосвет;услуга;Улучшение света — общее;/uslugi/uluchshenie-kachestva-sveta;;;2;0;4;0;0;;вебмастер
пересвет на gms в минске;услуга;Улучшение света — общее;/uslugi/uluchshenie-kachestva-sveta;;;2;0;5;0;0;;вебмастер
стоит ли делать свет на машине;услуга;Улучшение света — общее;/uslugi/uluchshenie-kachestva-sveta;;;2;0;4,5;0;0;;вебмастер
фара не светит в машине причины;услуга;Улучшение света — общее;/uslugi/uluchshenie-kachestva-sveta;;;2;0;4,5;0;0;;вебмастер
дополнительный свет для авто в белоруссии;услуга;Улучшение света — общее;/uslugi/uluchshenie-kachestva-sveta;;;2;1;45;0;0;;вебмастер
установка b led на автомобиль;услуга;Улучшение света — общее;/uslugi/uluchshenie-kachestva-sveta;;;2;0;4,5;0;0;;вебмастер
свет авто;услуга;Улучшение света — общее;/uslugi/uluchshenie-kachestva-sveta;;;0;0;;3;0;9,3;search console
установка света на авто;услуга;Улучшение света — общее;/uslugi/uluchshenie-kachestva-sveta;;;0;0;;3;0;10,3;search console
свет фар автомобиля минск;услуга;Улучшение света — общее;/uslugi/uluchshenie-kachestva-sveta;;;1;0;8;0;0;;вебмастер
ремонт-замена неисправных световых приборов;услуга;Улучшение света — общее;/uslugi/uluchshenie-kachestva-sveta;;;1;0;8;0;0;;вебмастер
сервис по автосвету в минске;услуга;Улучшение света — общее;/uslugi/uluchshenie-kachestva-sveta;;;1;0;7;0;0;;вебмастер
кастом-студии автосвета;услуга;Улучшение света — общее;/uslugi/uluchshenie-kachestva-sveta;;;1;0;8;0;0;;вебмастер
ремонт света хонда топик;услуга;Улучшение света — общее;/uslugi/uluchshenie-kachestva-sveta;;;1;0;10;0;0;;вебмастер
сервис автосвет;услуга;Улучшение света — общее;/uslugi/uluchshenie-kachestva-sveta;;;1;0;5;0;0;;вебмастер
ремонт света салона в малиновке на фольксваген джетта 2000 года;услуга;Улучшение света — общее;/uslugi/uluchshenie-kachestva-sveta;;;1;0;2;0;0;;вебмастер
автосвет — ремонт фар;услуга;Улучшение света — общее;/uslugi/uluchshenie-kachestva-sveta;;;1;0;6;0;0;;вебмастер
установка автосвета;услуга;Улучшение света — общее;/uslugi/uluchshenie-kachestva-sveta;3;0;0;0;;2;1;6;topvisor, search console
ремонт света на авто;услуга;Улучшение света — общее;/uslugi/uluchshenie-kachestva-sveta;;;0;0;;2;0;11,5;search console
авто свет;услуга;Улучшение света — общее;/uslugi/uluchshenie-kachestva-sveta;;;0;0;;1;0;2;search console
автомобильный свет;услуга;Улучшение света — общее;/uslugi/uluchshenie-kachestva-sveta;;;0;0;;1;0;21;search console
замена света в авто;услуга;Улучшение света — общее;/uslugi/uluchshenie-kachestva-sveta;;;0;0;;1;0;2;search console
лучший свет ремонт фар;услуга;Улучшение света — общее;/uslugi/uluchshenie-kachestva-sveta;;;0;0;;1;0;48;search console
мастерская автосвета;услуга;Улучшение света — общее;/uslugi/uluchshenie-kachestva-sveta;;;0;0;;1;0;1;search console
переделка японских фар на европейский свет цена;услуга;Улучшение света — общее;/uslugi/uluchshenie-kachestva-sveta;;;0;0;;1;0;4;search console
ремонт автосвета;услуга;Улучшение света — общее;/uslugi/uluchshenie-kachestva-sveta;;;0;0;;1;0;9;search console
свет в автомобиле;услуга;Улучшение света — общее;/uslugi/uluchshenie-kachestva-sveta;;;0;0;;1;0;9;search console
улучшить свет;услуга;Улучшение света — общее;/uslugi/uluchshenie-kachestva-sveta;;;0;0;;1;0;2;search console
установка светодиодов в фары;услуга;Улучшение света — общее;/uslugi/uluchshenie-kachestva-sveta;;;0;0;;1;0;59;search console
хороший свет;услуга;Улучшение света — общее;/uslugi/uluchshenie-kachestva-sveta;;;0;0;;1;0;5;search console
свет ремонт фар;услуга;Улучшение света — общее;/uslugi/uluchshenie-kachestva-sveta;6;0;0;0;;0;0;;topvisor
дальний свет ремонт фар;услуга;Улучшение света — общее;/uslugi/uluchshenie-kachestva-sveta;5;0;0;0;;0;0;;topvisor
автосвет toyota;услуга;Улучшение света — общее;/uslugi/uluchshenie-kachestva-sveta;11;0;0;0;;0;0;;topvisor
автосвет как работает;услуга;Улучшение света — общее;/uslugi/uluchshenie-kachestva-sveta;10;0;0;0;;0;0;;topvisor
автосвет хонда;услуга;Улучшение света — общее;/uslugi/uluchshenie-kachestva-sveta;10;0;0;0;;0;0;;topvisor
автосвет 3;услуга;Улучшение света — общее;/uslugi/uluchshenie-kachestva-sveta;10;0;0;0;;0;0;;topvisor
автосвет круз;услуга;Улучшение света — общее;/uslugi/uluchshenie-kachestva-sveta;9;0;0;0;;0;0;;topvisor
автосвет шевроле круз;услуга;Улучшение света — общее;/uslugi/uluchshenie-kachestva-sveta;9;0;0;0;;0;0;;topvisor
включи автосвет;услуга;Улучшение света — общее;/uslugi/uluchshenie-kachestva-sveta;6;0;0;0;;0;0;;topvisor
автосвет 1;услуга;Улучшение света — общее;/uslugi/uluchshenie-kachestva-sveta;6;0;0;0;;0;0;;topvisor
автосвет фрунзе;услуга;Улучшение света — общее;/uslugi/uluchshenie-kachestva-sveta;6;0;0;0;;0;0;;topvisor
автосвет 21;услуга;Улучшение света — общее;/uslugi/uluchshenie-kachestva-sveta;5;0;0;0;;0;0;;topvisor
лаборатория автосвета;услуга;Улучшение света — общее;/uslugi/uluchshenie-kachestva-sveta;5;0;0;0;;0;0;;topvisor
автосвет 26;услуга;Улучшение света — общее;/uslugi/uluchshenie-kachestva-sveta;4;0;0;0;;0;0;;topvisor
студия автосвета;услуга;Улучшение света — общее;/uslugi/uluchshenie-kachestva-sveta;3;0;0;0;;0;0;;topvisor
автосвет дальний;услуга;Улучшение света — общее;/uslugi/uluchshenie-kachestva-sveta;3;0;0;0;;0;0;;topvisor
ближайший автосвет;услуга;Улучшение света — общее;/uslugi/uluchshenie-kachestva-sveta;3;0;0;0;;0;0;;topvisor
автосвет ауди;услуга;Улучшение света — общее;/uslugi/uluchshenie-kachestva-sveta;2;0;0;0;;0;0;;topvisor
автосвет днр;услуга;Улучшение света — общее;/uslugi/uluchshenie-kachestva-sveta;2;0;0;0;;0;0;;topvisor
автосвет днр установка;услуга;Улучшение света — общее;/uslugi/uluchshenie-kachestva-sveta;2;0;0;0;;0;0;;topvisor
автосвет донецк;услуга;Улучшение света — общее;/uslugi/uluchshenie-kachestva-sveta;2;0;0;0;;0;0;;topvisor
автосвет донецк днр;услуга;Улучшение света — общее;/uslugi/uluchshenie-kachestva-sveta;2;0;0;0;;0;0;;topvisor
левая фара плохо светит;услуга;Улучшение света — общее;/uslugi/uluchshenie-kachestva-sveta;1;0;0;0;;0;0;;topvisor
плохо светит правая фара;услуга;Улучшение света — общее;/uslugi/uluchshenie-kachestva-sveta;1;0;0;0;;0;0;;topvisor
автосвет слуцк;услуга;Улучшение света — общее;/uslugi/uluchshenie-kachestva-sveta;0;0;0;0;;0;0;;topvisor
автосвет солигорск;услуга;Улучшение света — общее;/uslugi/uluchshenie-kachestva-sveta;0;0;0;0;;0;0;;topvisor
плохо светят фары;услуга;Улучшение света — общее;/uslugi/uluchshenie-kachestva-sveta;7;0;0;0;;0;0;;topvisor
плохо светят фары киа рио 3;услуга;Улучшение света — общее;/uslugi/uluchshenie-kachestva-sveta;0;0;0;0;;0;0;;topvisor
плохо светят фары на дэу нексия;услуга;Улучшение света — общее;/uslugi/uluchshenie-kachestva-sveta;0;0;0;0;;0;0;;topvisor
плохо светят фары ваз 2114;услуга;Улучшение света — общее;/uslugi/uluchshenie-kachestva-sveta;0;0;0;0;;0;0;;topvisor
плохо светят фары нива шевроле;услуга;Улучшение света — общее;/uslugi/uluchshenie-kachestva-sveta;0;0;0;0;;0;0;;topvisor
плохо светят фары на гранте;услуга;Улучшение света — общее;/uslugi/uluchshenie-kachestva-sveta;0;0;0;0;;0;0;;topvisor
плохо светят фары калина 1;услуга;Улучшение света — общее;/uslugi/uluchshenie-kachestva-sveta;0;0;0;0;;0;0;;topvisor
плохо светят фары хендай солярис;услуга;Улучшение света — общее;/uslugi/uluchshenie-kachestva-sveta;0;0;0;0;;0;0;;topvisor
плохо светят фары ваз 2110;услуга;Улучшение света — общее;/uslugi/uluchshenie-kachestva-sveta;0;0;0;0;;0;0;;topvisor
установка билед модулей;услуга;Bi-LED и линзы;/uslugi/uluchshenie-kachestva-sveta/ustanovka-biled-moduley-minsk;45;0;11;0;7,3;178;3;7,7;topvisor, вебмастер, search console
установка би лед модулей минск;услуга;Bi-LED и линзы;/uslugi/uluchshenie-kachestva-sveta/ustanovka-biled-moduley-minsk;;;0;0;;166;14;8,8;search console
установка би лед модулей в минске;услуга;Bi-LED и линзы;/uslugi/uluchshenie-kachestva-sveta/ustanovka-biled-moduley-minsk;;;56;6;7,1;0;0;;вебмастер
установка билед модулей минск;услуга;Bi-LED и линзы;/uslugi/uluchshenie-kachestva-sveta/ustanovka-biled-moduley-minsk;5;5;35;4;5,8;126;7;8,3;topvisor, вебмастер, search console
установка линз в фары genesis gv80;услуга;Bi-LED и линзы;/uslugi/uluchshenie-kachestva-sveta/ustanovka-biled-moduley-minsk;7;7;0;0;;0;0;;topvisor
установка би лед модулей;услуга;Bi-LED и линзы;/uslugi/uluchshenie-kachestva-sveta/ustanovka-biled-moduley-minsk;;;5;0;9,4;112;4;7,4;вебмастер, search console
установка билед модулей в фары;услуга;Bi-LED и линзы;/uslugi/uluchshenie-kachestva-sveta/ustanovka-biled-moduley-minsk;15;6;11;0;7,8;0;0;;topvisor, вебмастер
установка линз в фары;услуга;Bi-LED и линзы;/uslugi/uluchshenie-kachestva-sveta/ustanovka-biled-moduley-minsk;87;6;3;0;9;1;0;67;topvisor, вебмастер, search console
установка линз в фары минск;услуга;Bi-LED и линзы;/uslugi/uluchshenie-kachestva-sveta/ustanovka-biled-moduley-minsk;12;5;11;3;8;1;0;5;topvisor, вебмастер, search console
установка билед линз в фары лансер 9;услуга;Bi-LED и линзы;/uslugi/uluchshenie-kachestva-sveta/ustanovka-biled-moduley-minsk;5;5;0;0;;0;0;;topvisor
замена линз в фарах тойота авенсис т250;услуга;Bi-LED и линзы;/uslugi/uluchshenie-kachestva-sveta/ustanovka-biled-moduley-minsk;6;5;0;0;;0;0;;topvisor
установка би лед модулей в минске цена;услуга;Bi-LED и линзы;/uslugi/uluchshenie-kachestva-sveta/ustanovka-biled-moduley-minsk;;;26;4;5,5;0;0;;вебмастер
установка би лед линз;услуга;Bi-LED и линзы;/uslugi/uluchshenie-kachestva-sveta/ustanovka-biled-moduley-minsk;77;4;0;0;;0;0;;topvisor
установка линз в фары минск цена;услуга;Bi-LED и линзы;/uslugi/uluchshenie-kachestva-sveta/ustanovka-biled-moduley-minsk;4;4;0;0;;0;0;;topvisor
установка bi led модулей в минске;услуга;Bi-LED и линзы;/uslugi/uluchshenie-kachestva-sveta/ustanovka-biled-moduley-minsk;;;22;2;5,2;0;0;;вебмастер
установка лед линз в фары;услуга;Bi-LED и линзы;/uslugi/uluchshenie-kachestva-sveta/ustanovka-biled-moduley-minsk;55;3;0;0;;0;0;;topvisor
установка лед модулей;услуга;Bi-LED и линзы;/uslugi/uluchshenie-kachestva-sveta/ustanovka-biled-moduley-minsk;;;0;0;;43;2;8,3;search console
установка bi led линз;услуга;Bi-LED и линзы;/uslugi/uluchshenie-kachestva-sveta/ustanovka-biled-moduley-minsk;25;2;3;0;10;0;0;;topvisor, вебмастер
установка би лед линз в фары;услуга;Bi-LED и линзы;/uslugi/uluchshenie-kachestva-sveta/ustanovka-biled-moduley-minsk;46;2;0;0;;0;0;;topvisor
установка билед линз в фары;услуга;Bi-LED и линзы;/uslugi/uluchshenie-kachestva-sveta/ustanovka-biled-moduley-minsk;14;2;0;0;;0;0;;topvisor
установка линз в фары череповец;услуга;Bi-LED и линзы;/uslugi/uluchshenie-kachestva-sveta/ustanovka-biled-moduley-minsk;2;2;0;0;;0;0;;topvisor
установка линз в фары шкода октавия а7;услуга;Bi-LED и линзы;/uslugi/uluchshenie-kachestva-sveta/ustanovka-biled-moduley-minsk;2;2;0;0;;0;0;;topvisor
установка bi led минск;услуга;Bi-LED и линзы;/uslugi/uluchshenie-kachestva-sveta/ustanovka-biled-moduley-minsk;;;0;0;;31;3;9,1;search console
установка линз в фары цена;услуга;Bi-LED и линзы;/uslugi/uluchshenie-kachestva-sveta/ustanovka-biled-moduley-minsk;4;0;2;0;6,5;19;0;67,9;topvisor, вебмастер, search console
установка мини линз h4 в фары;услуга;Bi-LED и линзы;/uslugi/uluchshenie-kachestva-sveta/ustanovka-biled-moduley-minsk;2;1;0;0;;0;0;;topvisor
стоимость установки би лед линз в фары;услуга;Bi-LED и линзы;/uslugi/uluchshenie-kachestva-sveta/ustanovka-biled-moduley-minsk;1;1;2;1;9,5;0;0;;topvisor, вебмастер
установка линз под гайку в фару;услуга;Bi-LED и линзы;/uslugi/uluchshenie-kachestva-sveta/ustanovka-biled-moduley-minsk;1;1;0;0;;0;0;;topvisor
сколько стоит замена линз в фарах;услуга;Bi-LED и линзы;/uslugi/uluchshenie-kachestva-sveta/ustanovka-biled-moduley-minsk;1;1;2;0;10;0;0;;topvisor, вебмастер
замена линз в фарах;услуга;Bi-LED и линзы;/uslugi/uluchshenie-kachestva-sveta/ustanovka-biled-moduley-minsk;37;1;3;0;8;1;0;15;topvisor, вебмастер, search console
установка линз в автомобиль минск;услуга;Bi-LED и линзы;/uslugi/uluchshenie-kachestva-sveta/ustanovka-biled-moduley-minsk;;;6;0;9,3;0;0;;вебмастер
установка билед минск;услуга;Bi-LED и линзы;/uslugi/uluchshenie-kachestva-sveta/ustanovka-biled-moduley-minsk;;;6;0;5;0;0;;вебмастер
установка билед;услуга;Bi-LED и линзы;/uslugi/uluchshenie-kachestva-sveta/ustanovka-biled-moduley-minsk;;;6;0;9;8;0;13,4;вебмастер, search console
установка билет модулей;услуга;Bi-LED и линзы;/uslugi/uluchshenie-kachestva-sveta/ustanovka-biled-moduley-minsk;;;6;1;8,2;0;0;;вебмастер
установка модулей в фары в минске цена;услуга;Bi-LED и линзы;/uslugi/uluchshenie-kachestva-sveta/ustanovka-biled-moduley-minsk;;;6;0;9,8;0;0;;вебмастер
установка би-лед в минске;услуга;Bi-LED и линзы;/uslugi/uluchshenie-kachestva-sveta/ustanovka-biled-moduley-minsk;;;6;1;7,7;0;0;;вебмастер
билед модули установка минск;услуга;Bi-LED и линзы;/uslugi/uluchshenie-kachestva-sveta/ustanovka-biled-moduley-minsk;;;6;0;3,7;0;0;;вебмастер
замена линз фар;услуга;Bi-LED и линзы;/uslugi/uluchshenie-kachestva-sveta/ustanovka-biled-moduley-minsk;;;5;0;7,8;2;0;73,5;вебмастер, search console
би лед модули в фары установка;услуга;Bi-LED и линзы;/uslugi/uluchshenie-kachestva-sveta/ustanovka-biled-moduley-minsk;;;5;0;6,2;0;0;;вебмастер
установка bilet модулей минск;услуга;Bi-LED и линзы;/uslugi/uluchshenie-kachestva-sveta/ustanovka-biled-moduley-minsk;;;4;1;1,5;0;0;;вебмастер
установка билед модулей минск дешево;услуга;Bi-LED и линзы;/uslugi/uluchshenie-kachestva-sveta/ustanovka-biled-moduley-minsk;;;4;0;6;0;0;;вебмастер
установка линз в фары беларусь;услуга;Bi-LED и линзы;/uslugi/uluchshenie-kachestva-sveta/ustanovka-biled-moduley-minsk;;;4;0;13;0;0;;вебмастер
установка билед модулей в фары в минске;услуга;Bi-LED и линзы;/uslugi/uluchshenie-kachestva-sveta/ustanovka-biled-moduley-minsk;;;4;1;4;0;0;;вебмастер
установка biled;услуга;Bi-LED и линзы;/uslugi/uluchshenie-kachestva-sveta/ustanovka-biled-moduley-minsk;;;4;0;11,7;0;0;;вебмастер
замена линз в фарах ауди ку 5 2010 года выпуска в минске;услуга;Bi-LED и линзы;/uslugi/uluchshenie-kachestva-sveta/ustanovka-biled-moduley-minsk;;;4;0;7,3;0;0;;вебмастер
установка би лед модулей бмв е 46;услуга;Bi-LED и линзы;/uslugi/uluchshenie-kachestva-sveta/ustanovka-biled-moduley-minsk;;;4;0;9,5;0;0;;вебмастер
установка лед модулей в фары минск;услуга;Bi-LED и линзы;/uslugi/uluchshenie-kachestva-sveta/ustanovka-biled-moduley-minsk;;;4;0;7,5;0;0;;вебмастер
замена линз в фарах цена;услуга;Bi-LED и линзы;/uslugi/uluchshenie-kachestva-sveta/ustanovka-biled-moduley-minsk;3;0;3;0;8,3;3;0;50,3;topvisor, вебмастер, search console
билед модули установить минск;услуга;Bi-LED и линзы;/uslugi/uluchshenie-kachestva-sveta/ustanovka-biled-moduley-minsk;;;3;0;3,3;0;0;;вебмастер
би лед модули установка на вито беларусь;услуга;Bi-LED и линзы;/uslugi/uluchshenie-kachestva-sveta/ustanovka-biled-moduley-minsk;;;3;1;8,3;0;0;;вебмастер
установка би лед модулей ситроен с5 1г;услуга;Bi-LED и линзы;/uslugi/uluchshenie-kachestva-sveta/ustanovka-biled-moduley-minsk;;;3;0;9,7;0;0;;вебмастер
установка модулейбилед в минске;услуга;Bi-LED и линзы;/uslugi/uluchshenie-kachestva-sveta/ustanovka-biled-moduley-minsk;;;3;0;2;0;0;;вебмастер
билед модули 3 0 дюйма отдельно дальний свет установить в минске цена;услуга;Bi-LED и линзы;/uslugi/uluchshenie-kachestva-sveta/ustanovka-biled-moduley-minsk;;;3;0;5;0;0;;вебмастер
би лед модули в фары установка в минске;услуга;Bi-LED и линзы;/uslugi/uluchshenie-kachestva-sveta/ustanovka-biled-moduley-minsk;;;3;0;6,3;0;0;;вебмастер
установка билед модулей в ямаху р6 98-02;услуга;Bi-LED и линзы;/uslugi/uluchshenie-kachestva-sveta/ustanovka-biled-moduley-minsk;;;3;0;9,7;0;0;;вебмастер
установка би лед модулей bmw e84 в минске;услуга;Bi-LED и линзы;/uslugi/uluchshenie-kachestva-sveta/ustanovka-biled-moduley-minsk;;;3;0;7;0;0;;вебмастер
установка bi led у минске цена;услуга;Bi-LED и линзы;/uslugi/uluchshenie-kachestva-sveta/ustanovka-biled-moduley-minsk;;;3;0;8,3;0;0;;вебмастер
в минске установка билед модулей ауди а4 в8 2009;услуга;Bi-LED и линзы;/uslugi/uluchshenie-kachestva-sveta/ustanovka-biled-moduley-minsk;;;3;0;1,3;0;0;;вебмастер
установка билед опель;услуга;Bi-LED и линзы;/uslugi/uluchshenie-kachestva-sveta/ustanovka-biled-moduley-minsk;;;3;0;4,7;0;0;;вебмастер
установка би лед модулей пассат б4;услуга;Bi-LED и линзы;/uslugi/uluchshenie-kachestva-sveta/ustanovka-biled-moduley-minsk;;;3;1;11;0;0;;вебмастер
установка biled линз mazda 6 gh;услуга;Bi-LED и линзы;/uslugi/uluchshenie-kachestva-sveta/ustanovka-biled-moduley-minsk;;;3;0;5,3;0;0;;вебмастер
установка билед модулей (линз) в фары;услуга;Bi-LED и линзы;/uslugi/uluchshenie-kachestva-sveta/ustanovka-biled-moduley-minsk;;;3;0;11,7;0;0;;вебмастер
замена линз в фарах минск;услуга;Bi-LED и линзы;/uslugi/uluchshenie-kachestva-sveta/ustanovka-biled-moduley-minsk;;;3;0;6,3;0;0;;вебмастер
замена штатных линз на би лед фиат пунто 2 2002 год выпуска;услуга;Bi-LED и линзы;/uslugi/uluchshenie-kachestva-sveta/ustanovka-biled-moduley-minsk;;;3;2;3;0;0;;вебмастер
сколько стоит установка би лед на мерседес спринтер 907;услуга;Bi-LED и линзы;/uslugi/uluchshenie-kachestva-sveta/ustanovka-biled-moduley-minsk;;;3;0;10;0;0;;вебмастер
установка билед модулей рено гранд сценик 3;услуга;Bi-LED и линзы;/uslugi/uluchshenie-kachestva-sveta/ustanovka-biled-moduley-minsk;;;3;0;9,3;0;0;;вебмастер
установка билед линз в фары в минске;услуга;Bi-LED и линзы;/uslugi/uluchshenie-kachestva-sveta/ustanovka-biled-moduley-minsk;;;3;0;11,3;0;0;;вебмастер
шкода а5 замена линзы фар в минске;услуга;Bi-LED и линзы;/uslugi/uluchshenie-kachestva-sveta/ustanovka-biled-moduley-minsk;;;3;1;3,7;0;0;;вебмастер
установка би лед модулей в рено меган 3;услуга;Bi-LED и линзы;/uslugi/uluchshenie-kachestva-sveta/ustanovka-biled-moduley-minsk;;;3;0;3;0;0;;вебмастер
ремонт би лед модулей;услуга;Bi-LED и линзы;/uslugi/uluchshenie-kachestva-sveta/ustanovka-biled-moduley-minsk;;;3;0;3,3;0;0;;вебмастер
установка линз в авто;услуга;Bi-LED и линзы;/uslugi/uluchshenie-kachestva-sveta/ustanovka-biled-moduley-minsk;;;3;1;5,3;0;0;;вебмастер
установка би лед;услуга;Bi-LED и линзы;/uslugi/uluchshenie-kachestva-sveta/ustanovka-biled-moduley-minsk;;;0;0;;7;1;16,7;search console
установка bi-led модулей;услуга;Bi-LED и линзы;/uslugi/uluchshenie-kachestva-sveta/ustanovka-biled-moduley-minsk;;;0;0;;6;0;15,5;search console
ремонт фар модуляторов;услуга;Bi-LED и линзы;/uslugi/uluchshenie-kachestva-sveta/ustanovka-biled-moduley-minsk;;;2;0;10;0;0;;вебмастер
поставить билед модули в минске;услуга;Bi-LED и линзы;/uslugi/uluchshenie-kachestva-sveta/ustanovka-biled-moduley-minsk;;;2;2;4;0;0;;вебмастер
установка лед модулей в фары в минске;услуга;Bi-LED и линзы;/uslugi/uluchshenie-kachestva-sveta/ustanovka-biled-moduley-minsk;;;2;0;9;0;0;;вебмастер
настройка фар линз минск;услуга;Bi-LED и линзы;/uslugi/uluchshenie-kachestva-sveta/ustanovka-biled-moduley-minsk;;;2;0;8,5;0;0;;вебмастер
установка би лед модуль на бмв х5 е70 в минске;услуга;Bi-LED и линзы;/uslugi/uluchshenie-kachestva-sveta/ustanovka-biled-moduley-minsk;;;2;0;8;0;0;;вебмастер
шевроле вольт 1 установка билед модуль;услуга;Bi-LED и линзы;/uslugi/uluchshenie-kachestva-sveta/ustanovka-biled-moduley-minsk;;;2;0;9,5;0;0;;вебмастер
замена линз фар в минске;услуга;Bi-LED и линзы;/uslugi/uluchshenie-kachestva-sveta/ustanovka-biled-moduley-minsk;;;2;0;5,5;0;0;;вебмастер
ремонт би лед модулей в минске;услуга;Bi-LED и линзы;/uslugi/uluchshenie-kachestva-sveta/ustanovka-biled-moduley-minsk;;;2;1;5,5;0;0;;вебмастер
замена оптики бмв г 0 5 на лазерной в минске;услуга;Bi-LED и линзы;/uslugi/uluchshenie-kachestva-sveta/ustanovka-biled-moduley-minsk;;;2;0;12,5;0;0;;вебмастер
замена линз и света в фарах в минске;услуга;Bi-LED и линзы;/uslugi/uluchshenie-kachestva-sveta/ustanovka-biled-moduley-minsk;;;2;0;5,5;0;0;;вебмастер
установка беледов модули в минске;услуга;Bi-LED и линзы;/uslugi/uluchshenie-kachestva-sveta/ustanovka-biled-moduley-minsk;;;2;1;7;0;0;;вебмастер
установить установить линзованные лампочки на автомобиль хово;услуга;Bi-LED и линзы;/uslugi/uluchshenie-kachestva-sveta/ustanovka-biled-moduley-minsk;;;2;0;10,5;0;0;;вебмастер
установки bi led минск;услуга;Bi-LED и линзы;/uslugi/uluchshenie-kachestva-sveta/ustanovka-biled-moduley-minsk;;;2;0;9;0;0;;вебмастер
установка билед модулей узда;услуга;Bi-LED и линзы;/uslugi/uluchshenie-kachestva-sveta/ustanovka-biled-moduley-minsk;;;2;0;5,5;0;0;;вебмастер
установка bi led dodge challenger минск;услуга;Bi-LED и линзы;/uslugi/uluchshenie-kachestva-sveta/ustanovka-biled-moduley-minsk;;;2;1;6;0;0;;вебмастер
установка bi led модулей;услуга;Bi-LED и линзы;/uslugi/uluchshenie-kachestva-sveta/ustanovka-biled-moduley-minsk;;;2;0;11;2;0;7;вебмастер, search console
установка билед модулей citroen jumper;услуга;Bi-LED и линзы;/uslugi/uluchshenie-kachestva-sveta/ustanovka-biled-moduley-minsk;;;2;0;9,5;0;0;;вебмастер
заменить в тигуан 2023 года лэд-фары на би-лед в рб;услуга;Bi-LED и линзы;/uslugi/uluchshenie-kachestva-sveta/ustanovka-biled-moduley-minsk;;;2;0;6;0;0;;вебмастер
установка линз в фары минск цена с установкой;услуга;Bi-LED и линзы;/uslugi/uluchshenie-kachestva-sveta/ustanovka-biled-moduley-minsk;;;2;0;11;0;0;;вебмастер
установка bi-led линз;услуга;Bi-LED и линзы;/uslugi/uluchshenie-kachestva-sveta/ustanovka-biled-moduley-minsk;;;2;0;11;0;0;;вебмастер
установка билет модуль в минске;услуга;Bi-LED и линзы;/uslugi/uluchshenie-kachestva-sveta/ustanovka-biled-moduley-minsk;;;2;1;3,5;0;0;;вебмастер
установка би лед модулей bmw в минске;услуга;Bi-LED и линзы;/uslugi/uluchshenie-kachestva-sveta/ustanovka-biled-moduley-minsk;;;2;0;7;0;0;;вебмастер
форд галакси 1 установить би лед линзы в фары в минске;услуга;Bi-LED и линзы;/uslugi/uluchshenie-kachestva-sveta/ustanovka-biled-moduley-minsk;;;2;0;8,5;0;0;;вебмастер
би лед линзы установка в минске;услуга;Bi-LED и линзы;/uslugi/uluchshenie-kachestva-sveta/ustanovka-biled-moduley-minsk;;;2;0;6;0;0;;вебмастер
шкода октавия установка би лед модулей беларусь;услуга;Bi-LED и линзы;/uslugi/uluchshenie-kachestva-sveta/ustanovka-biled-moduley-minsk;;;2;0;7,5;0;0;;вебмастер
intelligent light system mercedes установка би лед модулей;услуга;Bi-LED и линзы;/uslugi/uluchshenie-kachestva-sveta/ustanovka-biled-moduley-minsk;;;2;0;5,5;0;0;;вебмастер
работы по ремонту светодиодных модулей;услуга;Bi-LED и линзы;/uslugi/uluchshenie-kachestva-sveta/ustanovka-biled-moduley-minsk;;;2;0;3;0;0;;вебмастер
установить би-линзы ситроен с5;услуга;Bi-LED и линзы;/uslugi/uluchshenie-kachestva-sveta/ustanovka-biled-moduley-minsk;;;2;1;2,5;0;0;;вебмастер
замена штатных линз на би лед мазда 6 gg;услуга;Bi-LED и линзы;/uslugi/uluchshenie-kachestva-sveta/ustanovka-biled-moduley-minsk;;;2;0;6,5;0;0;;вебмастер
установка линз в фару минск;услуга;Bi-LED и линзы;/uslugi/uluchshenie-kachestva-sveta/ustanovka-biled-moduley-minsk;;;2;1;4,5;0;0;;вебмастер
infiniti ex35 2008 год установка билед модулей;услуга;Bi-LED и линзы;/uslugi/uluchshenie-kachestva-sveta/ustanovka-biled-moduley-minsk;;;2;0;6,5;0;0;;вебмастер
установка линз в фары белджи х70;услуга;Bi-LED и линзы;/uslugi/uluchshenie-kachestva-sveta/ustanovka-biled-moduley-minsk;;;2;0;8;0;0;;вебмастер
установка би-лед модулей на джип грант чероки;услуга;Bi-LED и линзы;/uslugi/uluchshenie-kachestva-sveta/ustanovka-biled-moduley-minsk;;;2;0;10,5;0;0;;вебмастер
установка билэд модулей;услуга;Bi-LED и линзы;/uslugi/uluchshenie-kachestva-sveta/ustanovka-biled-moduley-minsk;;;2;0;7,5;0;0;;вебмастер
установка biled модулей;услуга;Bi-LED и линзы;/uslugi/uluchshenie-kachestva-sveta/ustanovka-biled-moduley-minsk;;;2;0;7,5;0;0;;вебмастер
лансер 10 установка билед;услуга;Bi-LED и линзы;/uslugi/uluchshenie-kachestva-sveta/ustanovka-biled-moduley-minsk;;;2;0;4;0;0;;вебмастер
сколько стоит установить билед модули в фару;услуга;Bi-LED и линзы;/uslugi/uluchshenie-kachestva-sveta/ustanovka-biled-moduley-minsk;;;2;0;8,5;0;0;;вебмастер
установка билед модулей volkswagen tiguan 2011;услуга;Bi-LED и линзы;/uslugi/uluchshenie-kachestva-sveta/ustanovka-biled-moduley-minsk;;;2;0;11,5;0;0;;вебмастер
установка биледа в минске;услуга;Bi-LED и линзы;/uslugi/uluchshenie-kachestva-sveta/ustanovka-biled-moduley-minsk;;;2;0;4;0;0;;вебмастер
опель астра н установка линз;услуга;Bi-LED и линзы;/uslugi/uluchshenie-kachestva-sveta/ustanovka-biled-moduley-minsk;;;2;0;4,5;0;0;;вебмастер
установка би лед модулей в минске фаниполь;услуга;Bi-LED и линзы;/uslugi/uluchshenie-kachestva-sveta/ustanovka-biled-moduley-minsk;;;2;0;6;0;0;;вебмастер
установка bi led;услуга;Bi-LED и линзы;/uslugi/uluchshenie-kachestva-sveta/ustanovka-biled-moduley-minsk;;;0;0;;4;0;13,8;search console
установка би лед модулей минск цена;услуга;Bi-LED и линзы;/uslugi/uluchshenie-kachestva-sveta/ustanovka-biled-moduley-minsk;;;0;0;;4;0;6;search console
би лед модули установка;услуга;Bi-LED и линзы;/uslugi/uluchshenie-kachestva-sveta/ustanovka-biled-moduley-minsk;;;0;0;;3;0;9;search console
установка led модулей в фары;услуга;Bi-LED и линзы;/uslugi/uluchshenie-kachestva-sveta/ustanovka-biled-moduley-minsk;;;0;0;;3;0;11,3;search console
установка билед линз минск;услуга;Bi-LED и линзы;/uslugi/uluchshenie-kachestva-sveta/ustanovka-biled-moduley-minsk;;;1;1;12;0;0;;вебмастер
скания р420 установка линз;услуга;Bi-LED и линзы;/uslugi/uluchshenie-kachestva-sveta/ustanovka-biled-moduley-minsk;;;1;0;13;0;0;;вебмастер
установка би лед модулей в минске партизанский район цена;услуга;Bi-LED и линзы;/uslugi/uluchshenie-kachestva-sveta/ustanovka-biled-moduley-minsk;;;1;1;7;0;0;;вебмастер
подскажите где в минске хорошо устанавливают билед модули?;услуга;Bi-LED и линзы;/uslugi/uluchshenie-kachestva-sveta/ustanovka-biled-moduley-minsk;;;1;1;1;0;0;;вебмастер
ремонт фар установка линз;услуга;Bi-LED и линзы;/uslugi/uluchshenie-kachestva-sveta/ustanovka-biled-moduley-minsk;;;1;0;6;0;0;;вебмастер
замена линз фиат мареа;услуга;Bi-LED и линзы;/uslugi/uluchshenie-kachestva-sveta/ustanovka-biled-moduley-minsk;;;1;0;10;0;0;;вебмастер
поставить би лед модели полоцк новополоцк;услуга;Bi-LED и линзы;/uslugi/uluchshenie-kachestva-sveta/ustanovka-biled-moduley-minsk;;;1;0;24;0;0;;вебмастер
замена головного света на билед модули в минске;услуга;Bi-LED и линзы;/uslugi/uluchshenie-kachestva-sveta/ustanovka-biled-moduley-minsk;;;1;1;5;0;0;;вебмастер
малибу 22 года 1.5 замена линз на фарах;услуга;Bi-LED и линзы;/uslugi/uluchshenie-kachestva-sveta/ustanovka-biled-moduley-minsk;;;1;0;6;0;0;;вебмастер
установка лед модулей в фары;услуга;Bi-LED и линзы;/uslugi/uluchshenie-kachestva-sveta/ustanovka-biled-moduley-minsk;;;0;0;;2;0;2,5;search console
би лед установка;услуга;Bi-LED и линзы;/uslugi/uluchshenie-kachestva-sveta/ustanovka-biled-moduley-minsk;;;0;0;;1;0;11;search console
ремонт линзованных фар;услуга;Bi-LED и линзы;/uslugi/uluchshenie-kachestva-sveta/ustanovka-biled-moduley-minsk;;;0;0;;1;0;12;search console
сколько стоит установка би лед модулей;услуга;Bi-LED и линзы;/uslugi/uluchshenie-kachestva-sveta/ustanovka-biled-moduley-minsk;;;0;0;;1;0;11;search console
установка би-лед линз минск цена;услуга;Bi-LED и линзы;/uslugi/uluchshenie-kachestva-sveta/ustanovka-biled-moduley-minsk;;;0;0;;1;0;13;search console
восстановление линз в фарах;услуга;Bi-LED и линзы;/uslugi/uluchshenie-kachestva-sveta/ustanovka-biled-moduley-minsk;1;0;0;0;;0;0;;topvisor
би лед линзы установить;услуга;Bi-LED и линзы;/uslugi/uluchshenie-kachestva-sveta/ustanovka-biled-moduley-minsk;18;0;0;0;;0;0;;topvisor
поставить би лед линзы;услуга;Bi-LED и линзы;/uslugi/uluchshenie-kachestva-sveta/ustanovka-biled-moduley-minsk;9;0;0;0;;0;0;;topvisor
замена би лед линз;услуга;Bi-LED и линзы;/uslugi/uluchshenie-kachestva-sveta/ustanovka-biled-moduley-minsk;5;0;0;0;;0;0;;topvisor
установка би лед линз киа рио;услуга;Bi-LED и линзы;/uslugi/uluchshenie-kachestva-sveta/ustanovka-biled-moduley-minsk;5;0;0;0;;0;0;;topvisor
би лед линзы в авто установка;услуга;Bi-LED и линзы;/uslugi/uluchshenie-kachestva-sveta/ustanovka-biled-moduley-minsk;3;0;0;0;;0;0;;topvisor
би лед линзы поставить в фары;услуга;Bi-LED и линзы;/uslugi/uluchshenie-kachestva-sveta/ustanovka-biled-moduley-minsk;3;0;0;0;;0;0;;topvisor
замена bi led линзы;услуга;Bi-LED и линзы;/uslugi/uluchshenie-kachestva-sveta/ustanovka-biled-moduley-minsk;1;0;0;0;;0;0;;topvisor
билед модули минск;услуга;Bi-LED и линзы;/uslugi/uluchshenie-kachestva-sveta/ustanovka-biled-moduley-minsk;24;0;0;0;;0;0;;topvisor
установить билед модули;услуга;Bi-LED и линзы;/uslugi/uluchshenie-kachestva-sveta/ustanovka-biled-moduley-minsk;6;0;0;0;;0;0;;topvisor
установка би линз в фары;услуга;Bi-LED и линзы;/uslugi/uluchshenie-kachestva-sveta/ustanovka-biled-moduley-minsk;23;0;0;0;;0;0;;topvisor
рамки для установки линзы в фару;услуга;Bi-LED и линзы;/uslugi/uluchshenie-kachestva-sveta/ustanovka-biled-moduley-minsk;5;0;0;0;;0;0;;topvisor
установка линз в фары форд;услуга;Bi-LED и линзы;/uslugi/uluchshenie-kachestva-sveta/ustanovka-biled-moduley-minsk;5;0;0;0;;0;0;;topvisor
установка линз в фары лансер 9;услуга;Bi-LED и линзы;/uslugi/uluchshenie-kachestva-sveta/ustanovka-biled-moduley-minsk;5;0;0;0;;0;0;;topvisor
установка линз в фары авто;услуга;Bi-LED и линзы;/uslugi/uluchshenie-kachestva-sveta/ustanovka-biled-moduley-minsk;3;0;0;0;;0;0;;topvisor
установка линз в фары шкода;услуга;Bi-LED и линзы;/uslugi/uluchshenie-kachestva-sveta/ustanovka-biled-moduley-minsk;3;0;0;0;;0;0;;topvisor
установка 2 линзы в фары;услуга;Bi-LED и линзы;/uslugi/uluchshenie-kachestva-sveta/ustanovka-biled-moduley-minsk;2;0;0;0;;0;0;;topvisor
установка линз в фары октавия а7;услуга;Bi-LED и линзы;/uslugi/uluchshenie-kachestva-sveta/ustanovka-biled-moduley-minsk;2;0;0;0;;0;0;;topvisor
установка линз в фары фокус 2;услуга;Bi-LED и линзы;/uslugi/uluchshenie-kachestva-sveta/ustanovka-biled-moduley-minsk;2;0;0;0;;0;0;;topvisor
установка линз в фары форд фокус;услуга;Bi-LED и линзы;/uslugi/uluchshenie-kachestva-sveta/ustanovka-biled-moduley-minsk;2;0;0;0;;0;0;;topvisor
установка линз в фары форд фокус 2;услуга;Bi-LED и линзы;/uslugi/uluchshenie-kachestva-sveta/ustanovka-biled-moduley-minsk;2;0;0;0;;0;0;;topvisor
установка линз в фары шкода октавия;услуга;Bi-LED и линзы;/uslugi/uluchshenie-kachestva-sveta/ustanovka-biled-moduley-minsk;2;0;0;0;;0;0;;topvisor
установка линз в фару h4;услуга;Bi-LED и линзы;/uslugi/uluchshenie-kachestva-sveta/ustanovka-biled-moduley-minsk;2;0;0;0;;0;0;;topvisor
установка мини линз в фары;услуга;Bi-LED и линзы;/uslugi/uluchshenie-kachestva-sveta/ustanovka-biled-moduley-minsk;2;0;0;0;;0;0;;topvisor
установка линз в фары пассат б5;услуга;Bi-LED и линзы;/uslugi/uluchshenie-kachestva-sveta/ustanovka-biled-moduley-minsk;2;0;0;0;;0;0;;topvisor
установка линз в фары веста;услуга;Bi-LED и линзы;/uslugi/uluchshenie-kachestva-sveta/ustanovka-biled-moduley-minsk;1;0;0;0;;0;0;;topvisor
установка линз в фары лада веста;услуга;Bi-LED и линзы;/uslugi/uluchshenie-kachestva-sveta/ustanovka-biled-moduley-minsk;1;0;0;0;;0;0;;topvisor
установка линз в фары пассат б6;услуга;Bi-LED и линзы;/uslugi/uluchshenie-kachestva-sveta/ustanovka-biled-moduley-minsk;1;0;0;0;;0;0;;topvisor
установка линзы в фары лада;услуга;Bi-LED и линзы;/uslugi/uluchshenie-kachestva-sveta/ustanovka-biled-moduley-minsk;1;0;0;0;;0;0;;topvisor
стоимость установки лед линз в фары;услуга;Bi-LED и линзы;/uslugi/uluchshenie-kachestva-sveta/ustanovka-biled-moduley-minsk;1;0;0;0;;0;0;;topvisor
стоимость установки линз в фары;услуга;Bi-LED и линзы;/uslugi/uluchshenie-kachestva-sveta/ustanovka-biled-moduley-minsk;1;0;0;0;;0;0;;topvisor
установка линз в фары тойота;услуга;Bi-LED и линзы;/uslugi/uluchshenie-kachestva-sveta/ustanovka-biled-moduley-minsk;1;0;0;0;;0;0;;topvisor
установка линз в фары тойота королла;услуга;Bi-LED и линзы;/uslugi/uluchshenie-kachestva-sveta/ustanovka-biled-moduley-minsk;1;0;0;0;;0;0;;topvisor
замена линз в фарах тойота;услуга;Bi-LED и линзы;/uslugi/uluchshenie-kachestva-sveta/ustanovka-biled-moduley-minsk;6;0;0;0;;0;0;;topvisor
замена линз в фаре ауди;услуга;Bi-LED и линзы;/uslugi/uluchshenie-kachestva-sveta/ustanovka-biled-moduley-minsk;2;0;0;0;;0;0;;topvisor
разборка линзы фары;услуга;Bi-LED и линзы;/uslugi/uluchshenie-kachestva-sveta/ustanovka-biled-moduley-minsk;5;0;0;0;;0;0;;topvisor
установка би лед линз в фары солярис 1;услуга;Bi-LED и линзы;/uslugi/uluchshenie-kachestva-sveta/ustanovka-biled-moduley-minsk;0;0;0;0;;0;0;;topvisor
би-лед линзы в авто установка;услуга;Bi-LED и линзы;/uslugi/uluchshenie-kachestva-sveta/ustanovka-biled-moduley-minsk;3;0;0;0;;0;0;;topvisor
би-лед линзы в авто цена;услуга;Bi-LED и линзы;/uslugi/uluchshenie-kachestva-sveta/ustanovka-biled-moduley-minsk;0;0;0;0;;0;0;;topvisor
установка линз в фары хонда цивик 4д;услуга;Bi-LED и линзы;/uslugi/uluchshenie-kachestva-sveta/ustanovka-biled-moduley-minsk;0;0;0;0;;0;0;;topvisor
установка би лед линз в фары хонда цивик 4д;услуга;Bi-LED и линзы;/uslugi/uluchshenie-kachestva-sveta/ustanovka-biled-moduley-minsk;0;0;0;0;;0;0;;topvisor
установка линз в фары шевроле лачетти седан;услуга;Bi-LED и линзы;/uslugi/uluchshenie-kachestva-sveta/ustanovka-biled-moduley-minsk;0;0;0;0;;0;0;;topvisor
установка линз в фары ваз 2110;услуга;Bi-LED и линзы;/uslugi/uluchshenie-kachestva-sveta/ustanovka-biled-moduley-minsk;0;0;0;0;;0;0;;topvisor
установка линз в фары ваз 2110 bosch;услуга;Bi-LED и линзы;/uslugi/uluchshenie-kachestva-sveta/ustanovka-biled-moduley-minsk;0;0;0;0;;0;0;;topvisor
установка би лед линз в фары ваз 2110 бош;услуга;Bi-LED и линзы;/uslugi/uluchshenie-kachestva-sveta/ustanovka-biled-moduley-minsk;0;0;0;0;;0;0;;topvisor
установка мини линз h4 в фары ваз 2110;услуга;Bi-LED и линзы;/uslugi/uluchshenie-kachestva-sveta/ustanovka-biled-moduley-minsk;0;0;0;0;;0;0;;topvisor
установка линз в фары бош ваз 2110;услуга;Bi-LED и линзы;/uslugi/uluchshenie-kachestva-sveta/ustanovka-biled-moduley-minsk;0;0;0;0;;0;0;;topvisor
установка би лед линз в фары ваз 2110;услуга;Bi-LED и линзы;/uslugi/uluchshenie-kachestva-sveta/ustanovka-biled-moduley-minsk;0;0;0;0;;0;0;;topvisor
установка линз в фары ланос;услуга;Bi-LED и линзы;/uslugi/uluchshenie-kachestva-sveta/ustanovka-biled-moduley-minsk;0;0;0;0;;0;0;;topvisor
установка линз в фары ауди 80 б4;услуга;Bi-LED и линзы;/uslugi/uluchshenie-kachestva-sveta/ustanovka-biled-moduley-minsk;0;0;0;0;;0;0;;topvisor
установка линз в фары калина 1;услуга;Bi-LED и линзы;/uslugi/uluchshenie-kachestva-sveta/ustanovka-biled-moduley-minsk;0;0;0;0;;0;0;;topvisor
установка линз в фары лада калина 1;услуга;Bi-LED и линзы;/uslugi/uluchshenie-kachestva-sveta/ustanovka-biled-moduley-minsk;0;0;0;0;;0;0;;topvisor
установка мини линз h7 в фары калина 1;услуга;Bi-LED и линзы;/uslugi/uluchshenie-kachestva-sveta/ustanovka-biled-moduley-minsk;0;0;0;0;;0;0;;topvisor
установка би лед линз в фары лада калина 1;услуга;Bi-LED и линзы;/uslugi/uluchshenie-kachestva-sveta/ustanovka-biled-moduley-minsk;0;0;0;0;;0;0;;topvisor
установка би лед линз в фары калина 1;услуга;Bi-LED и линзы;/uslugi/uluchshenie-kachestva-sveta/ustanovka-biled-moduley-minsk;0;0;0;0;;0;0;;topvisor
установка линз в фары даф 105;услуга;Bi-LED и линзы;/uslugi/uluchshenie-kachestva-sveta/ustanovka-biled-moduley-minsk;0;0;0;0;;0;0;;topvisor
установка би лед линз в фары даф 105;услуга;Bi-LED и линзы;/uslugi/uluchshenie-kachestva-sveta/ustanovka-biled-moduley-minsk;0;0;0;0;;0;0;;topvisor
замена ксенона на би лед линзы;услуга;Bi-LED и линзы;/uslugi/uluchshenie-kachestva-sveta/ustanovka-biled-moduley-minsk;0;0;0;0;;0;0;;topvisor
замена bi led линз в фарах;услуга;Bi-LED и линзы;/uslugi/uluchshenie-kachestva-sveta/ustanovka-biled-moduley-minsk;0;0;0;0;;0;0;;topvisor
замена линз в фарах киа сид jd;услуга;Bi-LED и линзы;/uslugi/uluchshenie-kachestva-sveta/ustanovka-biled-moduley-minsk;0;0;0;0;;0;0;;topvisor
замена линз в фарах митсубиси асх;услуга;Bi-LED и линзы;/uslugi/uluchshenie-kachestva-sveta/ustanovka-biled-moduley-minsk;0;0;0;0;;0;0;;topvisor
замена линз в фарах джили эмгранд ес7;услуга;Bi-LED и линзы;/uslugi/uluchshenie-kachestva-sveta/ustanovka-biled-moduley-minsk;0;0;0;0;;0;0;;topvisor
замена линз в фарах красноярск;услуга;Bi-LED и линзы;/uslugi/uluchshenie-kachestva-sveta/ustanovka-biled-moduley-minsk;0;0;0;0;;0;0;;topvisor
быстрая замена линз в фарах красноярск;услуга;Bi-LED и линзы;/uslugi/uluchshenie-kachestva-sveta/ustanovka-biled-moduley-minsk;0;0;0;0;;0;0;;topvisor
замена линз в фарах пассат б6;услуга;Bi-LED и линзы;/uslugi/uluchshenie-kachestva-sveta/ustanovka-biled-moduley-minsk;0;0;0;0;;0;0;;topvisor
замена линз в фарах хонда срв 3;услуга;Bi-LED и линзы;/uslugi/uluchshenie-kachestva-sveta/ustanovka-biled-moduley-minsk;0;0;0;0;;0;0;;topvisor
замена линз в фарах хендай i30;услуга;Bi-LED и линзы;/uslugi/uluchshenie-kachestva-sveta/ustanovka-biled-moduley-minsk;0;0;0;0;;0;0;;topvisor
замена линз в фарах форд мондео 4;услуга;Bi-LED и линзы;/uslugi/uluchshenie-kachestva-sveta/ustanovka-biled-moduley-minsk;0;0;0;0;;0;0;;topvisor
установка светодиодных ламп в фары;услуга;LED-лампы;/uslugi/uluchshenie-kachestva-sveta;5;4;0;0;;0;0;;topvisor
замена автоламп;услуга;LED-лампы;/uslugi/uluchshenie-kachestva-sveta;;;7;0;8,6;0;0;;вебмастер
где в минске установить в авто ледлампы;услуга;LED-лампы;/uslugi/uluchshenie-kachestva-sveta;;;3;0;3,7;0;0;;вебмастер
установка светодиодных ламп на автомобиль минск;услуга;LED-лампы;/uslugi/uluchshenie-kachestva-sveta;;;3;1;3;0;0;;вебмастер
замена лампы вспышки цена минск;услуга;LED-лампы;/uslugi/uluchshenie-kachestva-sveta;;;3;0;21;0;0;;вебмастер
является ли замена лампочки в фаре ближнего света гарантийным случаем белджи в белоруссии;услуга;LED-лампы;/uslugi/uluchshenie-kachestva-sveta;;;3;0;2,3;0;0;;вебмастер
замена лампочки автосвета на seat altai;услуга;LED-лампы;/uslugi/uluchshenie-kachestva-sveta;;;3;0;5;0;0;;вебмастер
минск установка светодиодной лампы;услуга;LED-лампы;/uslugi/uluchshenie-kachestva-sveta;;;2;0;9,5;0;0;;вебмастер
установка светодиодных лампочек в фары авто в минске;услуга;LED-лампы;/uslugi/uluchshenie-kachestva-sveta;;;2;0;4,5;0;0;;вебмастер
установка led ламп минск;услуга;LED-лампы;/uslugi/uluchshenie-kachestva-sveta;;;2;1;5,5;0;0;;вебмастер
замена лампочек ближнего света в минске;услуга;LED-лампы;/uslugi/uluchshenie-kachestva-sveta;;;2;0;7;0;0;;вебмастер
сто в минске замена лампочек в фарах;услуга;LED-лампы;/uslugi/uluchshenie-kachestva-sveta;;;2;0;10;0;0;;вебмастер
светодиодные лампы поставить минск;услуга;LED-лампы;/uslugi/uluchshenie-kachestva-sveta;;;2;0;8;0;0;;вебмастер
установкасетодидных лампочек в фары авто в минске;услуга;LED-лампы;/uslugi/uluchshenie-kachestva-sveta;;;2;0;7;0;0;;вебмастер
установка led ламп минск авто;услуга;LED-лампы;/uslugi/uluchshenie-kachestva-sveta;;;2;1;7;0;0;;вебмастер
установка лед ламп в фары минск;услуга;LED-лампы;/uslugi/uluchshenie-kachestva-sveta;;;2;1;5;0;0;;вебмастер
установка лед ламп в фары;услуга;LED-лампы;/uslugi/uluchshenie-kachestva-sveta;;;2;0;14;0;0;;вебмастер
замена ламп в фарах шевроле малибу 9;услуга;LED-лампы;/uslugi/uluchshenie-kachestva-sveta;;;2;0;12;0;0;;вебмастер
установка ларных ламп в фары;услуга;LED-лампы;/uslugi/uluchshenie-kachestva-sveta;;;2;1;6,5;0;0;;вебмастер
замена ламп;услуга;LED-лампы;/uslugi/uluchshenie-kachestva-sveta;;;2;0;14;0;0;;вебмастер
заменить лампы ближнего света минск;услуга;LED-лампы;/uslugi/uluchshenie-kachestva-sveta;;;2;0;9,5;0;0;;вебмастер
замена лампочки в фарах в минске;услуга;LED-лампы;/uslugi/uluchshenie-kachestva-sveta;;;1;0;9;0;0;;вебмастер
замена лампы ближнего света минск;услуга;LED-лампы;/uslugi/uluchshenie-kachestva-sveta;;;1;0;7;0;0;;вебмастер
замена бел лед лампочек в фарах в минске;услуга;LED-лампы;/uslugi/uluchshenie-kachestva-sveta;;;1;0;10;0;0;;вебмастер
замена лампочки в фарах в минске с выездом на дом;услуга;LED-лампы;/uslugi/uluchshenie-kachestva-sveta;;;1;0;5;0;0;;вебмастер
замена беллед лампочек в фарах в минске;услуга;LED-лампы;/uslugi/uluchshenie-kachestva-sveta;;;1;0;8;0;0;;вебмастер
замена лампочки в фаре минск;услуга;LED-лампы;/uslugi/uluchshenie-kachestva-sveta;;;0;0;;1;0;3;search console
поставить светодиодные лампы в фары;услуга;LED-лампы;/uslugi/uluchshenie-kachestva-sveta;2;0;0;0;;0;0;;topvisor
led лампа минск;услуга;LED-лампы;/uslugi/uluchshenie-kachestva-sveta;42;0;0;0;;0;0;;topvisor
замена led лампы;услуга;LED-лампы;/uslugi/uluchshenie-kachestva-sveta;19;0;0;0;;0;0;;topvisor
установка led ламп;услуга;LED-лампы;/uslugi/uluchshenie-kachestva-sveta;19;0;0;0;;0;0;;topvisor
бронирование фар пленкой плюсы и минусы отзывы владельцев;вопрос → статья;Бронирование и оклейка;/stati/…;0;0;0;0;;0;0;;topvisor
как сделать лучше свет в опель астра j билед фары;вопрос → статья;ДХО, LED и адаптивные фары;/stati/…;;;2;0;5,5;0;0;;вебмастер
какие лед лампы подходят на форд фокус 3;вопрос → статья;ДХО, LED и адаптивные фары;/stati/…;0;0;0;0;;0;0;;topvisor
можно ли заменить стекло в фарах глк х204 в минске;вопрос → статья;Замена стекла фары;/stati/…;;;1;1;9;0;0;;вебмастер
почему потеет фара;вопрос → статья;Запотевание и герметизация;/stati/…;15;5;0;0;;1;0;73;topvisor, search console
потеет фара изнутри что делать;вопрос → статья;Запотевание и герметизация;/stati/…;4;2;0;0;;0;0;;topvisor
потеют фары изнутри что делать;вопрос → статья;Запотевание и герметизация;/stati/…;4;2;0;0;;0;0;;topvisor
что делать если потеет фара автомобиля изнутри;вопрос → статья;Запотевание и герметизация;/stati/…;2;1;0;0;;0;0;;topvisor
почему потеют новые фары;вопрос → статья;Запотевание и герметизация;/stati/…;1;1;0;0;;0;0;;topvisor
сильно потеет фара что делать;вопрос → статья;Запотевание и герметизация;/stati/…;1;1;0;0;;0;0;;topvisor
что делать если после переклейки стекла на фаре потеет фара;вопрос → статья;Запотевание и герметизация;/stati/…;;;3;1;3,7;0;0;;вебмастер
кжм торрес на новой машине запотевают фары почему и как устранить;вопрос → статья;Запотевание и герметизация;/stati/…;;;3;0;9,3;0;0;;вебмастер
почему фары после мойки мутнеют но не потеют;вопрос → статья;Запотевание и герметизация;/stati/…;;;2;0;7,5;0;0;;вебмастер
что делать если после замены стекол в фарах фары потеют;вопрос → статья;Запотевание и герметизация;/stati/…;;;2;0;6,5;0;0;;вебмастер
почему потеют стекла фар шкода октавия а7;вопрос → статья;Запотевание и герметизация;/stati/…;;;2;0;6;0;0;;вебмастер
есть ли разница между запотеванием и дымкой в фарах до ремонта вообще влаги не было;вопрос → статья;Запотевание и герметизация;/stati/…;;;2;0;4;0;0;;вебмастер
почему запотевает стекло фары ниссан кашкай задняя часть;вопрос → статья;Запотевание и герметизация;/stati/…;;;2;0;9,5;0;0;;вебмастер
почему потеют фары изнутри как устранить;вопрос → статья;Запотевание и герметизация;/stati/…;;;2;0;11;0;0;;вебмастер
как убрать запотевание фар;вопрос → статья;Запотевание и герметизация;/stati/…;;;0;0;;1;0;68;search console
как убрать запотевание фары;вопрос → статья;Запотевание и герметизация;/stati/…;1;0;0;0;;0;0;;topvisor
как устранить запотевание фар;вопрос → статья;Запотевание и герметизация;/stati/…;1;0;0;0;;0;0;;topvisor
как устранить запотевание фар автомобиля;вопрос → статья;Запотевание и герметизация;/stati/…;1;0;0;0;;0;0;;topvisor
потеет фара что делать;вопрос → статья;Запотевание и герметизация;/stati/…;7;0;0;0;;0;0;;topvisor
потеет фара автомобиля что делать;вопрос → статья;Запотевание и герметизация;/stati/…;2;0;0;0;;0;0;;topvisor
почему потеют фары в дождь;вопрос → статья;Запотевание и герметизация;/stati/…;1;0;0;0;;0;0;;topvisor
вода в фаре что делать;вопрос → статья;Запотевание и герметизация;/stati/…;1;0;0;0;;0;0;;topvisor
как исправить запотевание фары изнутри что делать;вопрос → статья;Запотевание и герметизация;/stati/…;0;0;0;0;;0;0;;topvisor
запотевание фары автомобиля что делать;вопрос → статья;Запотевание и герметизация;/stati/…;0;0;0;0;;0;0;;topvisor
потеют фары приора что делать;вопрос → статья;Запотевание и герметизация;/stati/…;0;0;0;0;;0;0;;topvisor
потеют фары приора что делать и как исправить;вопрос → статья;Запотевание и герметизация;/stati/…;0;0;0;0;;0;0;;topvisor
потеют фары на приоре изнутри что делать;вопрос → статья;Запотевание и герметизация;/stati/…;0;0;0;0;;0;0;;topvisor
почему потеют фары приора;вопрос → статья;Запотевание и герметизация;/stati/…;0;0;0;0;;0;0;;topvisor
потеют фары хендай солярис что делать;вопрос → статья;Запотевание и герметизация;/stati/…;0;0;0;0;;0;0;;topvisor
почему потеют фары на приоре изнутри и что делать;вопрос → статья;Запотевание и герметизация;/stati/…;0;0;0;0;;0;0;;topvisor
почему потеют фары автомобиля изнутри и что делать;вопрос → статья;Запотевание и герметизация;/stati/…;0;0;0;0;;0;0;;topvisor
что делать если потеют фары на машине изнутри;вопрос → статья;Запотевание и герметизация;/stati/…;0;0;0;0;;0;0;;topvisor
потеют фары калина 1 изнутри что делать;вопрос → статья;Запотевание и герметизация;/stati/…;0;0;0;0;;0;0;;topvisor
почему потеют фары автомобиля изнутри и что делать на хендай;вопрос → статья;Запотевание и герметизация;/stati/…;0;0;0;0;;0;0;;topvisor
потеют новые фары изнутри что делать;вопрос → статья;Запотевание и герметизация;/stati/…;0;0;0;0;;0;0;;topvisor
вода в фаре причины и что делать;вопрос → статья;Запотевание и герметизация;/stati/…;0;0;0;0;;0;0;;topvisor
замена ксенона на светодиодные лампы штраф;вопрос → статья;Ксенон;/stati/…;0;0;0;0;;0;0;;topvisor
на сколько хватает полировки фар;вопрос → статья;Полировка и восстановление прозрачности;/stati/…;;;24;0;5,3;1;0;10;вебмастер, search console
полировка фар сколько;вопрос → статья;Полировка и восстановление прозрачности;/stati/…;13;0;19;0;9,2;0;0;;topvisor, вебмастер
сколько раз можно полировать фары;вопрос → статья;Полировка и восстановление прозрачности;/stati/…;;;15;0;9,2;0;0;;вебмастер
сколько раз можно полировать фары автомобиля;вопрос → статья;Полировка и восстановление прозрачности;/stati/…;;;8;0;10,1;0;0;;вебмастер
сколько держится полировка фар;вопрос → статья;Полировка и восстановление прозрачности;/stati/…;;;8;0;4,1;0;0;;вебмастер
полировка фар на сколько хватает;вопрос → статья;Полировка и восстановление прозрачности;/stati/…;;;7;0;6,6;0;0;;вебмастер
на сколько хватит полировки фар;вопрос → статья;Полировка и восстановление прозрачности;/stati/…;;;6;1;4,7;0;0;;вебмастер
как долго держится полировка фар;вопрос → статья;Полировка и восстановление прозрачности;/stati/…;;;2;0;5,5;0;0;;вебмастер
сколько держится прозрачность фары после полировки;вопрос → статья;Полировка и восстановление прозрачности;/stati/…;;;2;0;3;0;0;;вебмастер
сколько раз можно полировать фару;вопрос → статья;Полировка и восстановление прозрачности;/stati/…;;;2;0;8;0;0;;вебмастер
разница света после полировки фар;вопрос → статья;Полировка и восстановление прозрачности;/stati/…;;;2;0;8,5;0;0;;вебмастер
залачил фары, через сколько можно полировать;вопрос → статья;Полировка и восстановление прозрачности;/stati/…;;;2;0;9;0;0;;вебмастер
почему при полировки фар все равно остается мутность;вопрос → статья;Полировка и восстановление прозрачности;/stati/…;;;2;0;5,5;0;0;;вебмастер
полировка фар отзывы;вопрос → статья;Полировка и восстановление прозрачности;/stati/…;10;0;0;0;;1;0;37;topvisor, search console
на сколько хватает химической полировки фар;вопрос → статья;Полировка и восстановление прозрачности;/stati/…;;;0;0;;1;0;9;search console
сколько времени занимает полировка фар;вопрос → статья;Полировка и восстановление прозрачности;/stati/…;;;0;0;;1;0;11;search console
как правильно отрегулировать свет фар на белджи х50+;вопрос → статья;Регулировка фар;/stati/…;;;2;0;9;0;0;;вебмастер
после мойки запотела фара изнутри что делать;вопрос → статья;Ремонт фар — общий;/stati/…;;;37;12;4;0;0;;вебмастер
как проверить фару на герметичность;вопрос → статья;Ремонт фар — общий;/stati/…;;;19;0;9,3;0;0;;вебмастер
запотела фара изнутри что делать;вопрос → статья;Ремонт фар — общий;/stati/…;;;13;0;8,6;0;0;;вебмастер
фара горит но ничего не видно почему;вопрос → статья;Ремонт фар — общий;/stati/…;;;11;0;3,3;0;0;;вебмастер
как проверить герметичность фары;вопрос → статья;Ремонт фар — общий;/stati/…;;;9;0;10;0;0;;вебмастер
сколько по времени полируют фары;вопрос → статья;Ремонт фар — общий;/stati/…;;;7;0;8,1;0;0;;вебмастер
как проверить фару на герметичность в домашних;вопрос → статья;Ремонт фар — общий;/stati/…;;;5;0;5,8;0;0;;вебмастер
как проверить фару на работоспособность;вопрос → статья;Ремонт фар — общий;/stati/…;;;5;0;7,8;0;0;;вебмастер
фара запотела изнутри что делать;вопрос → статья;Ремонт фар — общий;/stati/…;;;4;0;11,8;0;0;;вебмастер
сколько по времени полируется фары передние?;вопрос → статья;Ремонт фар — общий;/stati/…;;;3;0;7,7;0;0;;вебмастер
запотела фара изнутри что делать мазда чита;вопрос → статья;Ремонт фар — общий;/stati/…;;;3;0;3,7;0;0;;вебмастер
как проверить герметичность фары автомобиля;вопрос → статья;Ремонт фар — общий;/stati/…;;;3;0;9;0;0;;вебмастер
ремонт фар в минске отзывы;вопрос → статья;Ремонт фар — общий;/stati/…;;;2;0;5;0;0;;вебмастер
зачем полируют фары;вопрос → статья;Ремонт фар — общий;/stati/…;;;2;0;8;0;0;;вебмастер
как прочистить дренаж фары;вопрос → статья;Ремонт фар — общий;/stati/…;;;2;0;7;0;0;;вебмастер
как открыть просушить фару лексус ис 3;вопрос → статья;Ремонт фар — общий;/stati/…;;;2;0;10,5;0;0;;вебмастер
как проверить герметичность фар;вопрос → статья;Ремонт фар — общий;/stati/…;;;2;0;8,5;0;0;;вебмастер
как просушить передние фары lexus rx200t;вопрос → статья;Ремонт фар — общий;/stati/…;;;2;0;7,5;0;0;;вебмастер
сколько полируются фары;вопрос → статья;Ремонт фар — общий;/stati/…;;;2;0;3;0;0;;вебмастер
ремонт фар - отзывы;вопрос → статья;Ремонт фар — общий;/stati/…;;;1;1;7;0;0;;вебмастер
ремонт фар, минск отзывы;вопрос → статья;Ремонт фар — общий;/stati/…;;;0;0;;1;0;16;search console
запотела фара изнутри что делать приора;вопрос → статья;Ремонт фар — общий;/stati/…;0;0;0;0;;0;0;;topvisor
запотела фара изнутри что делать гранта;вопрос → статья;Ремонт фар — общий;/stati/…;0;0;0;0;;0;0;;topvisor
запотела фара изнутри что делать видео;вопрос → статья;Ремонт фар — общий;/stati/…;0;0;0;0;;0;0;;topvisor
почему в фаре вода;вопрос → статья;Ремонт фар — общий;/stati/…;0;0;0;0;;0;0;;topvisor
что делать если в фаре вода;вопрос → статья;Ремонт фар — общий;/stati/…;1;0;0;0;;0;0;;topvisor
что такое ретрофит фар;вопрос → статья;Ретрофит;/stati/…;0;0;21;3;11,3;0;0;;topvisor, вебмастер
ретрофит минск отзывы;вопрос → статья;Ретрофит;/stati/…;;;0;0;;2;0;13;search console
как покрасить фары лаком из баллончика;вопрос → статья;Тюнинг, антихром, переделки;/stati/…;0;0;0;0;;0;0;;topvisor
как покрасить фары лаком;вопрос → статья;Тюнинг, антихром, переделки;/stati/…;0;0;0;0;;0;0;;topvisor
автосвет брестская ул 26 отзывы;вопрос → статья;Улучшение света — общее;/stati/…;4;4;0;0;;0;0;;topvisor
плохо светят фары что делать;вопрос → статья;Улучшение света — общее;/stati/…;3;2;0;0;;0;0;;topvisor
как улучшить свет фар;вопрос → статья;Улучшение света — общее;/stati/…;;;0;0;;16;0;9,1;search console
почему одна фара светит ярче чем другая;вопрос → статья;Улучшение света — общее;/stati/…;;;5;0;4,6;0;0;;вебмастер
почему одна фара светит тускло;вопрос → статья;Улучшение света — общее;/stati/…;;;3;0;7;0;0;;вебмастер
почему фары светят галкой;вопрос → статья;Улучшение света — общее;/stati/…;;;2;0;3,5;0;0;;вебмастер
можно ли фары сами притемнять если не меняется свет;вопрос → статья;Улучшение света — общее;/stati/…;;;2;0;7;0;0;;вебмастер
если по фаре бьешь свет появляется что делать;вопрос → статья;Улучшение света — общее;/stati/…;;;2;0;3;0;0;;вебмастер
как правильно должны светить би лэд на трассе;вопрос → статья;Улучшение света — общее;/stati/…;;;2;0;9,5;0;0;;вебмастер
как сделать ярче свет у белджи х50;вопрос → статья;Улучшение света — общее;/stati/…;;;2;1;3;0;0;;вебмастер
как должна выглядеть правильная световая граница на форах;вопрос → статья;Улучшение света — общее;/stati/…;;;2;0;7,5;0;0;;вебмастер
почему слабо светит и моргает левая фара;вопрос → статья;Улучшение света — общее;/stati/…;;;2;0;7;0;0;;вебмастер
что делать если фара светит одна выше другая ниже;вопрос → статья;Улучшение света — общее;/stati/…;;;2;0;3,5;0;0;;вебмастер
фары светят пятнами почему;вопрос → статья;Улучшение света — общее;/stati/…;;;2;0;3;0;0;;вебмастер
почему не работает подсветка на фарах;вопрос → статья;Улучшение света — общее;/stati/…;;;0;0;;2;0;8;search console
как светят галогеновые фары;вопрос → статья;Улучшение света — общее;/stati/…;;;0;0;;1;0;10;search console
автосвет отзывы;вопрос → статья;Улучшение света — общее;/stati/…;4;0;0;0;;0;0;;topvisor
почему плохо светят фары;вопрос → статья;Улучшение света — общее;/stati/…;1;0;0;0;;0;0;;topvisor
что делать если фары плохо светят на авто;вопрос → статья;Улучшение света — общее;/stati/…;0;0;0;0;;0;0;;topvisor
что делать если фары плохо светят;вопрос → статья;Улучшение света — общее;/stati/…;1;0;0;0;;0;0;;topvisor
почему плохо светят фары калина 1;вопрос → статья;Улучшение света — общее;/stati/…;0;0;0;0;;0;0;;topvisor
рено логан 2 какие модули лед ламп с линзой поставить в фары без разборки фар;вопрос → статья;Bi-LED и линзы;/stati/…;;;4;0;5,3;0;0;;вебмастер
можно ли в рб установить билэд линзы;вопрос → статья;Bi-LED и линзы;/stati/…;;;1;0;10;0;0;;вебмастер
как установить би лед линзы в фары;вопрос → статья;Bi-LED и линзы;/stati/…;14;0;0;0;;0;0;;topvisor
как правильно установить би лед линзы;вопрос → статья;Bi-LED и линзы;/stati/…;10;0;0;0;;0;0;;topvisor
установка линз в фары какие;вопрос → статья;Bi-LED и линзы;/stati/…;2;0;0;0;;0;0;;topvisor
как поставить bi led линзы в фары;вопрос → статья;Bi-LED и линзы;/stati/…;0;0;0;0;;0;0;;topvisor
можно ли поставить ксенон в линзованные фары;вопрос → статья;Bi-LED и линзы;/stati/…;0;0;0;0;;0;0;;topvisor
замена ксенона на би лед линзы законно или нет;вопрос → статья;Bi-LED и линзы;/stati/…;0;0;0;0;;0;0;;topvisor
как поставить светодиодные лампы в фары ваз 2110;вопрос → статья;LED-лампы;/stati/…;0;0;0;0;;0;0;;topvisor
какие лед лампы поставить на весту в ближний свет h7;вопрос → статья;LED-лампы;/stati/…;0;0;0;0;;0;0;;topvisor
как поставить лед лампы на приору в ближний свет h7;вопрос → статья;LED-лампы;/stati/…;0;0;0;0;;0;0;;topvisor
как установить лед лампы в ближний свет h7;вопрос → статья;LED-лампы;/stati/…;0;0;0;0;;0;0;;topvisor
какие лед лампы поставить на форд фокус 3;вопрос → статья;LED-лампы;/stati/…;0;0;0;0;;0;0;;topvisor
прайм авто минск;бренд Prime Auto;Бренд;/;;;21;13;1,7;1096;135;1,3;вебмастер, search console
prime auto;бренд Prime Auto;Бренд;/;;;6;2;1,3;435;39;1,9;вебмастер, search console
прайм авто;бренд Prime Auto;Бренд;/;;;45;12;1,7;403;83;1,7;вебмастер, search console
"""prime auto"" ny";бренд Prime Auto;Бренд;/;;;132;0;11,6;0;0;;вебмастер
брилевский тупик 5;бренд Prime Auto;Бренд;/;;;73;0;6,3;300;2;9,2;вебмастер, search console
праймавто;бренд Prime Auto;Бренд;/;;;1;0;1;84;15;3,3;вебмастер, search console
брилевский тупик 55;бренд Prime Auto;Бренд;/;;;23;0;7,7;0;0;;вебмастер
primeauto;бренд Prime Auto;Бренд;/;;;0;0;;44;7;6,2;search console
автопрайм;бренд Prime Auto;Бренд;/;;;14;0;6,9;0;0;;вебмастер
prime-auto;бренд Prime Auto;Бренд;/;;;0;0;;37;7;1,5;search console
prime avto;бренд Prime Auto;Бренд;/;;;0;0;;32;9;4,1;search console
авто прайм;бренд Prime Auto;Бренд;/;;;1;0;4;22;0;5,9;вебмастер, search console
прайм сервис;бренд Prime Auto;Бренд;/;;;0;0;;22;0;13,5;search console
полировка фар в минске prime-auto.by;бренд Prime Auto;Бренд;/;;;8;2;3;0;0;;вебмастер
прима авто;бренд Prime Auto;Бренд;/;;;3;0;3;19;1;6,4;вебмастер, search console
регулировка света фар в минске prime-auto.by;бренд Prime Auto;Бренд;/;;;7;2;2,6;0;0;;вебмастер
брилевский тупик;бренд Prime Auto;Бренд;/;;;7;0;10;0;0;;вебмастер
тупик брилевский 5;бренд Prime Auto;Бренд;/;;;6;0;6;0;0;;вебмастер
prime auto minsk;бренд Prime Auto;Бренд;/;;;6;2;1,5;0;0;;вебмастер
праймлб;бренд Prime Auto;Бренд;/;;;0;0;;14;0;11;search console
брилевский тупик, 5;бренд Prime Auto;Бренд;/;;;5;0;4,7;0;0;;вебмастер
беларусь, минск, брилевский тупик, 5;бренд Prime Auto;Бренд;/;;;5;0;7;0;0;;вебмастер
auto prime отзывы беларусь;бренд Prime Auto;Бренд;/;;;5;1;3,2;0;0;;вебмастер
прим авто;бренд Prime Auto;Бренд;/;;;0;0;;13;5;2,8;search console
регулировка фар в минске prime-auto.by;бренд Prime Auto;Бренд;/;;;4;1;3,3;0;0;;вебмастер
правда брилевский тупик, 5 отзывы;бренд Prime Auto;Бренд;/;;;4;0;10;0;0;;вебмастер
минск брилевский тупик 5 прайм авто;бренд Prime Auto;Бренд;/;;;4;0;1,5;0;0;;вебмастер
прайм авто брилевский тупик, 5, минск отзывы;бренд Prime Auto;Бренд;/;;;4;0;3;0;0;;вебмастер
примавто минск;бренд Prime Auto;Бренд;/;;;4;0;2,3;0;0;;вебмастер
минск брилевский тупик 5 правда;бренд Prime Auto;Бренд;/;;;4;1;8,5;0;0;;вебмастер
prime motors;бренд Prime Auto;Бренд;/;;;0;0;;10;0;7,3;search console
коррекция фар в минске prime-auto.by;бренд Prime Auto;Бренд;/;;;3;1;3;0;0;;вебмастер
prime auto отзывы;бренд Prime Auto;Бренд;/;;;3;0;3;0;0;;вебмастер
прайм авто брилевский тупик, 5;бренд Prime Auto;Бренд;/;;;3;1;1,7;0;0;;вебмастер
полировка фар минск цена prime-auto.by;бренд Prime Auto;Бренд;/;;;3;1;2,3;0;0;;вебмастер
брилевский;бренд Prime Auto;Бренд;/;;;3;0;8,3;0;0;;вебмастер
primauto;бренд Prime Auto;Бренд;/;;;3;0;3;2;0;12,5;вебмастер, search console
ремонт фар брилевский тупик;бренд Prime Auto;Бренд;/;;;3;1;1,3;0;0;;вебмастер
праймавто гомель;бренд Prime Auto;Бренд;/;;;3;0;5,7;0;0;;вебмастер
праймавто минск;бренд Prime Auto;Бренд;/;;;3;1;3;0;0;;вебмастер
примавто;бренд Prime Auto;Бренд;/;;;3;0;4;7;1;9,9;вебмастер, search console
auto prime;бренд Prime Auto;Бренд;/;;;3;0;1;8;2;4,9;вебмастер, search console
ооо прайм авто;бренд Prime Auto;Бренд;/;;;3;0;1;0;0;;вебмастер
праймавтосолюшн;бренд Prime Auto;Бренд;/;;;3;0;4,7;0;0;;вебмастер
прайм авто брилевский тупик, 5, минск цены;бренд Prime Auto;Бренд;/;;;3;1;1,7;0;0;;вебмастер
брилевский тупик 5 на карте минск;бренд Prime Auto;Бренд;/;;;3;0;6;0;0;;вебмастер
сто на брилевской;бренд Prime Auto;Бренд;/;;;3;0;10;0;0;;вебмастер
prime минск;бренд Prime Auto;Бренд;/;;;0;0;;8;0;15,6;search console
primewheelsby;бренд Prime Auto;Бренд;/;;;0;0;;6;1;2;search console
prime auto care;бренд Prime Auto;Бренд;/;;;0;0;;6;0;5,3;search console
prime service;бренд Prime Auto;Бренд;/;;;0;0;;6;0;14,7;search console
минск, брилевский тупик 5, корпус 6 - 7,;бренд Prime Auto;Бренд;/;;;2;0;8;0;0;;вебмастер
брилевский тупик, 5, склад 3/3;бренд Prime Auto;Бренд;/;;;2;0;8;0;0;;вебмастер
брилевский тупик, 55;бренд Prime Auto;Бренд;/;;;2;0;9,5;0;0;;вебмастер
восстановление отражателей фар в минске prime-auto.by;бренд Prime Auto;Бренд;/;;;2;1;3;0;0;;вебмастер
аликоста брилевский тупик, 5 фото;бренд Prime Auto;Бренд;/;;;2;0;8;0;0;;вебмастер
брилеускиц тупик 5;бренд Prime Auto;Бренд;/;;;2;0;11;0;0;;вебмастер
установка линз в фары минск prime-auto.by;бренд Prime Auto;Бренд;/;;;2;1;1,5;0;0;;вебмастер
брилевский тупик 5, корпус 6 - 7;бренд Prime Auto;Бренд;/;;;2;0;11,5;0;0;;вебмастер
primeavto;бренд Prime Auto;Бренд;/;;;2;1;24;3;0;8,7;вебмастер, search console
prime auto.by;бренд Prime Auto;Бренд;/;;;2;0;1;0;0;;вебмастер
правда брилевский тупик, 5 фото;бренд Prime Auto;Бренд;/;;;2;0;10,5;0;0;;вебмастер
auto prime prime беларусь;бренд Prime Auto;Бренд;/;;;2;0;5,5;0;0;;вебмастер
брилевский тупик 55а на карте минска;бренд Prime Auto;Бренд;/;;;2;0;10,5;0;0;;вебмастер
брилевский тупик 5 +375 44 452 58 48 +375 33 302 45 04;бренд Prime Auto;Бренд;/;;;2;0;7;0;0;;вебмастер
праймавто барановичи;бренд Prime Auto;Бренд;/;;;2;0;6;0;0;;вебмастер
prime cars;бренд Prime Auto;Бренд;/;;;0;0;;5;0;6,2;search console
прайм свет;бренд Prime Auto;Бренд;/;;;0;0;;4;1;13,8;search console
autoprime;бренд Prime Auto;Бренд;/;;;0;0;;4;0;3;search console
prim auto;бренд Prime Auto;Бренд;/;;;0;0;;4;0;7;search console
прайм машина;бренд Prime Auto;Бренд;/;;;0;0;;4;0;4;search console
prime auto detailing;бренд Prime Auto;Бренд;/;;;0;0;;3;1;5,7;search console
авто prime;бренд Prime Auto;Бренд;/;;;0;0;;3;1;2;search console
primewheels.by;бренд Prime Auto;Бренд;/;;;0;0;;3;0;6,3;search console
prome auto;бренд Prime Auto;Бренд;/;;;0;0;;3;0;5,7;search console
оптика на брилевской;бренд Prime Auto;Бренд;/;;;1;0;6;0;0;;вебмастер
минск брилевский тупик ремонт фар;бренд Prime Auto;Бренд;/;;;1;0;1;0;0;;вебмастер
праймавто черниговская ул., 25а фото;бренд Prime Auto;Бренд;/;;;1;0;12;0;0;;вебмастер
прайм авто гомель;бренд Prime Auto;Бренд;/;;;1;0;4;0;0;;вебмастер
прайм тех авто;бренд Prime Auto;Бренд;/;;;1;0;8;0;0;;вебмастер
прайм авто шевченко;бренд Prime Auto;Бренд;/;;;1;0;8;0;0;;вебмастер
праймавто черниговская ул., 25а;бренд Prime Auto;Бренд;/;;;1;0;9;0;0;;вебмастер
минск, брилевский тупик;бренд Prime Auto;Бренд;/;;;1;0;10;0;0;;вебмастер
правда брилевский тупик, 5;бренд Prime Auto;Бренд;/;;;1;0;10;0;0;;вебмастер
прайм авто ооо;бренд Prime Auto;Бренд;/;;;1;0;3;0;0;;вебмастер
prime auto.;бренд Prime Auto;Бренд;/;;;0;0;;2;1;3,5;search console
prime;бренд Prime Auto;Бренд;/;;;0;0;;2;0;6,5;search console
prime automotive;бренд Prime Auto;Бренд;/;;;0;0;;2;0;2;search console
prime servis;бренд Prime Auto;Бренд;/;;;0;0;;2;0;3;search console
прайм автосалон;бренд Prime Auto;Бренд;/;;;0;0;;1;1;5;search console
auto prim;бренд Prime Auto;Бренд;/;;;0;0;;1;0;2;search console
prime auto group;бренд Prime Auto;Бренд;/;;;0;0;;1;0;3;search console
prime auto parts;бренд Prime Auto;Бренд;/;;;0;0;;1;0;8;search console
prime car;бренд Prime Auto;Бренд;/;;;0;0;;1;0;5;search console
prime parts;бренд Prime Auto;Бренд;/;;;0;0;;1;0;12;search console
prime star;бренд Prime Auto;Бренд;/;;;0;0;;1;0;39;search console
prime компания;бренд Prime Auto;Бренд;/;;;0;0;;1;0;1;search console
primer servis;бренд Prime Auto;Бренд;/;;;0;0;;1;0;9;search console
а прайм;бренд Prime Auto;Бренд;/;;;0;0;;1;0;10;search console
автосалон прайм;бренд Prime Auto;Бренд;/;;;0;0;;1;0;9;search console
компания prime;бренд Prime Auto;Бренд;/;;;0;0;;1;0;9;search console
ооо прайм сервис;бренд Prime Auto;Бренд;/;;;0;0;;1;0;10;search console
прайм моторс;бренд Prime Auto;Бренд;/;;;0;0;;1;0;9;search console
прайм моторс гараж;бренд Prime Auto;Бренд;/;;;0;0;;1;0;3;search console
прайм оптика;бренд Prime Auto;Бренд;/;;;0;0;;1;0;1;search console
прайм-сервис;бренд Prime Auto;Бренд;/;;;0;0;;1;0;11;search console
прайма цит;бренд Prime Auto;Бренд;/;;;0;0;;1;0;8;search console
купить пленку для оклейки фар минск;товар → vdf.by;Бронирование и оклейка;vdf.by;9;5;0;0;;0;0;;topvisor
купить пленку для оклейки фар;товар → vdf.by;Бронирование и оклейка;vdf.by;12;1;0;0;;0;0;;topvisor
купить пленку для оклейки фар автомобиля броня;товар → vdf.by;Бронирование и оклейка;vdf.by;1;1;0;0;;0;0;;topvisor
пленка для оклейки фар автомобиля купить;товар → vdf.by;Бронирование и оклейка;vdf.by;1;0;0;0;;0;0;;topvisor
противотуманные фары и задние противотуманные фонари могут быть включены одновременно ответ пдд;товар → vdf.by;Задние фонари;vdf.by;1;1;0;0;;0;0;;topvisor
фонари автосвет;товар → vdf.by;Задние фонари;vdf.by;4;0;0;0;;0;0;;topvisor
противотуманные фары и задние противотуманные фонари могут быть включены одновременно билет;товар → vdf.by;Задние фонари;vdf.by;0;0;0;0;;0;0;;topvisor
противотуманные фары и задние противотуманные фонари могут быть включены одновременно билет пдд;товар → vdf.by;Задние фонари;vdf.by;0;0;0;0;;0;0;;topvisor
купить стекла на авенсис на фары;товар → vdf.by;Замена стекла фары;vdf.by;27;25;0;0;;0;0;;topvisor
купить стекло фары на тойота авенсис;товар → vdf.by;Замена стекла фары;vdf.by;25;25;0;0;;0;0;;topvisor
гладкие стекла фар;товар → vdf.by;Замена стекла фары;vdf.by;57;9;0;0;;0;0;;topvisor
стекла фар;товар → vdf.by;Замена стекла фары;vdf.by;1233;6;0;0;;0;0;;topvisor
стекло фары;товар → vdf.by;Замена стекла фары;vdf.by;2390;6;0;0;;0;0;;topvisor
стекло фар ситроен;товар → vdf.by;Замена стекла фары;vdf.by;23;5;0;0;;0;0;;topvisor
купить стекло фары;товар → vdf.by;Замена стекла фары;vdf.by;332;4;0;0;;0;0;;topvisor
стекло фары пежо 406;товар → vdf.by;Замена стекла фары;vdf.by;2;2;0;0;;0;0;;topvisor
стекло фары ауди 80 б3;товар → vdf.by;Замена стекла фары;vdf.by;4;2;0;0;;0;0;;topvisor
стекло фары даф 105;товар → vdf.by;Замена стекла фары;vdf.by;3;2;0;0;;0;0;;topvisor
стекла фар купить минск;товар → vdf.by;Замена стекла фары;vdf.by;49;1;0;0;;0;0;;topvisor
стекло фары gmc terrain;товар → vdf.by;Замена стекла фары;vdf.by;6;1;0;0;;0;0;;topvisor
стекло фары daf 105;товар → vdf.by;Замена стекла фары;vdf.by;1;1;0;0;;0;0;;topvisor
стекло фары киа к5;товар → vdf.by;Замена стекла фары;vdf.by;6;1;0;0;;0;0;;topvisor
стекло фары опель астра h;товар → vdf.by;Замена стекла фары;vdf.by;3;1;0;0;;0;0;;topvisor
стекло на фары опель астра h;товар → vdf.by;Замена стекла фары;vdf.by;1;1;0;0;;0;0;;topvisor
будет ли трещина на стекле фары в будущем протекать;товар → vdf.by;Замена стекла фары;vdf.by;;;2;0;3,5;0;0;;вебмастер
стекла фар рено;товар → vdf.by;Замена стекла фары;vdf.by;72;0;0;0;;0;0;;topvisor
стекло фара правая;товар → vdf.by;Замена стекла фары;vdf.by;55;0;0;0;;0;0;;topvisor
стекло передней фары;товар → vdf.by;Замена стекла фары;vdf.by;53;0;0;0;;0;0;;topvisor
стекла фар фольксваген;товар → vdf.by;Замена стекла фары;vdf.by;50;0;0;0;;0;0;;topvisor
стекла фар тойота;товар → vdf.by;Замена стекла фары;vdf.by;44;0;0;0;;0;0;;topvisor
стекло линзы фары;товар → vdf.by;Замена стекла фары;vdf.by;43;0;0;0;;0;0;;topvisor
стекла фар мерседес;товар → vdf.by;Замена стекла фары;vdf.by;42;0;0;0;;0;0;;topvisor
стекло фары ауди;товар → vdf.by;Замена стекла фары;vdf.by;42;0;0;0;;0;0;;topvisor
стекло фары бмв;товар → vdf.by;Замена стекла фары;vdf.by;40;0;0;0;;0;0;;topvisor
стекла фар пежо;товар → vdf.by;Замена стекла фары;vdf.by;38;0;0;0;;0;0;;topvisor
стекло фары рестайлинг;товар → vdf.by;Замена стекла фары;vdf.by;37;0;0;0;;0;0;;topvisor
стекло левой фары;товар → vdf.by;Замена стекла фары;vdf.by;37;0;0;0;;0;0;;topvisor
стекла фар опель;товар → vdf.by;Замена стекла фары;vdf.by;37;0;0;0;;0;0;;topvisor
стекло фар правое купить;товар → vdf.by;Замена стекла фары;vdf.by;36;0;0;0;;0;0;;topvisor
стекла фар рено купить;товар → vdf.by;Замена стекла фары;vdf.by;33;0;0;0;;0;0;;topvisor
стекло фары пассат;товар → vdf.by;Замена стекла фары;vdf.by;32;0;0;0;;0;0;;topvisor
купить стекла на передние фары;товар → vdf.by;Замена стекла фары;vdf.by;32;0;0;0;;0;0;;topvisor
стекло фар форд;товар → vdf.by;Замена стекла фары;vdf.by;32;0;0;0;;0;0;;topvisor
фары стекла вольво;товар → vdf.by;Замена стекла фары;vdf.by;30;0;0;0;;0;0;;topvisor
купить стекло фары фольксваген;товар → vdf.by;Замена стекла фары;vdf.by;30;0;0;0;;0;0;;topvisor
стекло фары т4;товар → vdf.by;Замена стекла фары;vdf.by;29;0;0;0;;0;0;;topvisor
стекло под фару;товар → vdf.by;Замена стекла фары;vdf.by;27;0;0;0;;0;0;;topvisor
стекло фары авенсис;товар → vdf.by;Замена стекла фары;vdf.by;27;0;0;0;;0;0;;topvisor
стекла фар киа;товар → vdf.by;Замена стекла фары;vdf.by;26;0;0;0;;0;0;;topvisor
стекло фары логан;товар → vdf.by;Замена стекла фары;vdf.by;26;0;0;0;;0;0;;topvisor
стекла фар тойота купить;товар → vdf.by;Замена стекла фары;vdf.by;26;0;0;0;;0;0;;topvisor
стекло на заднюю фару;товар → vdf.by;Замена стекла фары;vdf.by;25;0;0;0;;0;0;;topvisor
стекло фары тойота авенсис;товар → vdf.by;Замена стекла фары;vdf.by;25;0;0;0;;0;0;;topvisor
купить стекло задней фары;товар → vdf.by;Замена стекла фары;vdf.by;3;0;0;0;;0;0;;topvisor
стекло фары рено логан;товар → vdf.by;Замена стекла фары;vdf.by;24;0;0;0;;0;0;;topvisor
стекла фар под линзы;товар → vdf.by;Замена стекла фары;vdf.by;23;0;0;0;;0;0;;topvisor
стекла фар kia;товар → vdf.by;Замена стекла фары;vdf.by;22;0;0;0;;0;0;;topvisor
стекло фары рено премиум;товар → vdf.by;Замена стекла фары;vdf.by;22;0;0;0;;0;0;;topvisor
стекло противотуманной фары;товар → vdf.by;Замена стекла фары;vdf.by;22;0;0;0;;0;0;;topvisor
заднее правое стекло на заднюю фару;товар → vdf.by;Замена стекла фары;vdf.by;21;0;0;0;;0;0;;topvisor
купить стекла фар рено логан;товар → vdf.by;Замена стекла фары;vdf.by;21;0;0;0;;0;0;;topvisor
купить стекло задняя правая фара;товар → vdf.by;Замена стекла фары;vdf.by;21;0;0;0;;0;0;;topvisor
стекло задней фары логан;товар → vdf.by;Замена стекла фары;vdf.by;21;0;0;0;;0;0;;topvisor
стекло задней фары логан 2;товар → vdf.by;Замена стекла фары;vdf.by;21;0;0;0;;0;0;;topvisor
стекло фары пассат б3;товар → vdf.by;Замена стекла фары;vdf.by;1;0;0;0;;0;0;;topvisor
стекло фары пассат б3 гладкое;товар → vdf.by;Замена стекла фары;vdf.by;0;0;0;0;;0;0;;topvisor
стекло фары пассат б3 гладкое купить;товар → vdf.by;Замена стекла фары;vdf.by;0;0;0;0;;0;0;;topvisor
гладкие стекла на фары пассат б3;товар → vdf.by;Замена стекла фары;vdf.by;0;0;0;0;;0;0;;topvisor
стекло фары passat b3;товар → vdf.by;Замена стекла фары;vdf.by;1;0;0;0;;0;0;;topvisor
стекло фары пежо 406 рестайлинг;товар → vdf.by;Замена стекла фары;vdf.by;0;0;0;0;;0;0;;topvisor
стекло фары ауди 80 б3 гладкие;товар → vdf.by;Замена стекла фары;vdf.by;0;0;0;0;;0;0;;topvisor
гладкие стекла на фары ауди 80 б3 купить;товар → vdf.by;Замена стекла фары;vdf.by;0;0;0;0;;0;0;;topvisor
гладкие стекла на фары ауди 80 б3;товар → vdf.by;Замена стекла фары;vdf.by;0;0;0;0;;0;0;;topvisor
купить стекло на фары gmc terrain;товар → vdf.by;Замена стекла фары;vdf.by;0;0;0;0;;0;0;;topvisor
стекло фары шевроле эквинокс;товар → vdf.by;Замена стекла фары;vdf.by;3;0;0;0;;0;0;;topvisor
стекло фары пежо 806;товар → vdf.by;Замена стекла фары;vdf.by;3;0;0;0;;0;0;;topvisor
стекло фары даф 105 артикул;товар → vdf.by;Замена стекла фары;vdf.by;0;0;0;0;;0;0;;topvisor
даф 105 стекло фары купить;товар → vdf.by;Замена стекла фары;vdf.by;0;0;0;0;;0;0;;topvisor
стекло фары кия к5;товар → vdf.by;Замена стекла фары;vdf.by;0;0;0;0;;0;0;;topvisor
стекло фары опель астра h gtc;товар → vdf.by;Замена стекла фары;vdf.by;0;0;0;0;;0;0;;topvisor
стекло для фары опель астра h;товар → vdf.by;Замена стекла фары;vdf.by;0;0;0;0;;0;0;;topvisor
стекло задней фары опель астра h;товар → vdf.by;Замена стекла фары;vdf.by;0;0;0;0;;0;0;;topvisor
стекло фары опель астра н;товар → vdf.by;Замена стекла фары;vdf.by;0;0;0;0;;0;0;;topvisor
стекло фары opel astra h;товар → vdf.by;Замена стекла фары;vdf.by;1;0;0;0;;0;0;;topvisor
набор ремонта крепления фары рено сценик 2;товар → vdf.by;Корпус и крепления;vdf.by;7;7;0;0;;0;0;;topvisor
пайка фар;товар → vdf.by;Корпус и крепления;vdf.by;;;0;0;;5;0;9,6;search console
сломалось крепление фары;товар → vdf.by;Корпус и крепления;vdf.by;1;0;0;0;;0;0;;topvisor
блок розжига ксенона рено лагуна 2;товар → vdf.by;Ксенон;vdf.by;14;10;0;0;;0;0;;topvisor
блок розжига ксенона kia ceed jd;товар → vdf.by;Ксенон;vdf.by;7;7;0;0;;0;0;;topvisor
блок розжига ксенона;товар → vdf.by;Ксенон;vdf.by;117;5;0;0;;0;0;;topvisor
блок розжига ксенона купить;товар → vdf.by;Ксенон;vdf.by;22;5;0;0;;0;0;;topvisor
купить блок розжига для ксенона;товар → vdf.by;Ксенон;vdf.by;23;5;0;0;;0;0;;topvisor
блоки розжига для ксенона купить;товар → vdf.by;Ксенон;vdf.by;8;5;0;0;;0;0;;topvisor
купить блоки розжига для ксенона;товар → vdf.by;Ксенон;vdf.by;8;5;0;0;;0;0;;topvisor
блок розжига ксенона с5;товар → vdf.by;Ксенон;vdf.by;13;3;0;0;;0;0;;topvisor
блок розжига ксенона опель инсигния;товар → vdf.by;Ксенон;vdf.by;5;3;0;0;;0;0;;topvisor
блок розжига ксенона мерседес 211;товар → vdf.by;Ксенон;vdf.by;3;3;0;0;;0;0;;topvisor
блок розжига ксенона туарег;товар → vdf.by;Ксенон;vdf.by;2;2;0;0;;0;0;;topvisor
блок розжига ксенона сколько вольт на выходе;товар → vdf.by;Ксенон;vdf.by;1;1;0;0;;0;0;;topvisor
ауди а6 с6 блок розжига ксенона;товар → vdf.by;Ксенон;vdf.by;1;1;0;0;;0;0;;topvisor
блок розжига ксенона мерседес 210;товар → vdf.by;Ксенон;vdf.by;1;1;0;0;;0;0;;topvisor
ксеноновые фары улица центральная 4к;товар → vdf.by;Ксенон;vdf.by;1;1;0;0;;0;0;;topvisor
4к ксеноновые фары улица центральная;товар → vdf.by;Ксенон;vdf.by;1;1;0;0;;0;0;;topvisor
ксенон в фарах;товар → vdf.by;Ксенон;vdf.by;17;0;0;0;;0;0;;topvisor
лампочки в фары ксенон;товар → vdf.by;Ксенон;vdf.by;6;0;0;0;;0;0;;topvisor
ксенон в фары купить;товар → vdf.by;Ксенон;vdf.by;5;0;0;0;;0;0;;topvisor
лампа в фару ксенон;товар → vdf.by;Ксенон;vdf.by;1;0;0;0;;0;0;;topvisor
можно ли ксенон в фары;товар → vdf.by;Ксенон;vdf.by;1;0;0;0;;0;0;;topvisor
можно ли ставить ксенон в фары;товар → vdf.by;Ксенон;vdf.by;1;0;0;0;;0;0;;topvisor
можно ставить ксенон в фары;товар → vdf.by;Ксенон;vdf.by;1;0;0;0;;0;0;;topvisor
блок розжига ксенона лагуна 2;товар → vdf.by;Ксенон;vdf.by;14;0;0;0;;0;0;;topvisor
kia ceed блок розжига ксенон;товар → vdf.by;Ксенон;vdf.by;7;0;0;0;;0;0;;topvisor
блок розжига ксенона инсигния;товар → vdf.by;Ксенон;vdf.by;7;0;0;0;;0;0;;topvisor
блок розжига ксенона мерседес;товар → vdf.by;Ксенон;vdf.by;7;0;0;0;;0;0;;topvisor
блок розжига ксенона опель;товар → vdf.by;Ксенон;vdf.by;5;0;0;0;;0;0;;topvisor
блок розжига ксенона ситроен;товар → vdf.by;Ксенон;vdf.by;5;0;0;0;;0;0;;topvisor
блок розжига ксенона bmw;товар → vdf.by;Ксенон;vdf.by;3;0;0;0;;0;0;;topvisor
блок розжига фары ксенон;товар → vdf.by;Ксенон;vdf.by;3;0;0;0;;0;0;;topvisor
блок розжига ксенона сузуки гранд витара;товар → vdf.by;Ксенон;vdf.by;2;0;0;0;;0;0;;topvisor
блок розжига ксенона il trade;товар → vdf.by;Ксенон;vdf.by;2;0;0;0;;0;0;;topvisor
блок розжига ксенона honda;товар → vdf.by;Ксенон;vdf.by;2;0;0;0;;0;0;;topvisor
блок розжига ксенона мазда;товар → vdf.by;Ксенон;vdf.by;1;0;0;0;;0;0;;topvisor
блок розжига ксенона мазда сх7;товар → vdf.by;Ксенон;vdf.by;1;0;0;0;;0;0;;topvisor
блок розжига ксенона хонда;товар → vdf.by;Ксенон;vdf.by;1;0;0;0;;0;0;;topvisor
блок розжига ксенона е39;товар → vdf.by;Ксенон;vdf.by;1;0;0;0;;0;0;;topvisor
блок розжига ксенона сколько вольт;товар → vdf.by;Ксенон;vdf.by;1;0;0;0;;0;0;;topvisor
китайские блоки розжига ксенона;товар → vdf.by;Ксенон;vdf.by;1;0;0;0;;0;0;;topvisor
блок розжига ксенон тойота;товар → vdf.by;Ксенон;vdf.by;1;0;0;0;;0;0;;topvisor
блок розжига ксенона авенсис;товар → vdf.by;Ксенон;vdf.by;1;0;0;0;;0;0;;topvisor
блок розжига ксенона ауди;товар → vdf.by;Ксенон;vdf.by;1;0;0;0;;0;0;;topvisor
блок розжига ксенона ауди а6;товар → vdf.by;Ксенон;vdf.by;1;0;0;0;;0;0;;topvisor
led лампы ксенон;товар → vdf.by;Ксенон;vdf.by;18;0;0;0;;0;0;;topvisor
ксенон в фары;товар → vdf.by;Ксенон;vdf.by;17;0;0;0;;0;0;;topvisor
ксенон в фары легально в 2026;товар → vdf.by;Ксенон;vdf.by;0;0;0;0;;0;0;;topvisor
в какие фары можно ставить ксенон;товар → vdf.by;Ксенон;vdf.by;0;0;0;0;;0;0;;topvisor
на какие фары можно ставить ксенон;товар → vdf.by;Ксенон;vdf.by;0;0;0;0;;0;0;;topvisor
можно ли устанавливать ксенон в фары;товар → vdf.by;Ксенон;vdf.by;0;0;0;0;;0;0;;topvisor
ксеноновые фары опель астра h;товар → vdf.by;Ксенон;vdf.by;0;0;0;0;;0;0;;topvisor
ксеноновые фары запрещены или нет;товар → vdf.by;Ксенон;vdf.by;0;0;0;0;;0;0;;topvisor
ксеноновые фары на ваз 2114;товар → vdf.by;Ксенон;vdf.by;0;0;0;0;;0;0;;topvisor
ксеноновые фары форд фокус 3;товар → vdf.by;Ксенон;vdf.by;0;0;0;0;;0;0;;topvisor
штатный ксенон форд фокус 3;товар → vdf.by;Ксенон;vdf.by;0;0;0;0;;0;0;;topvisor
ксеноновые фары поло седан;товар → vdf.by;Ксенон;vdf.by;0;0;0;0;;0;0;;topvisor
блок розжига ксенона митсубиси паджеро 4 купить;товар → vdf.by;Ксенон;vdf.by;0;0;0;0;;0;0;;topvisor
блок розжига ксенона ниссан кашкай j10 купить;товар → vdf.by;Ксенон;vdf.by;0;0;0;0;;0;0;;topvisor
блок розжига для ксенона d2s купить;товар → vdf.by;Ксенон;vdf.by;7;0;0;0;;0;0;;topvisor
блок розжига ксенона ниссан патфайндер r51 купить;товар → vdf.by;Ксенон;vdf.by;0;0;0;0;;0;0;;topvisor
купить блок розжига на ксенон;товар → vdf.by;Ксенон;vdf.by;0;0;0;0;;0;0;;topvisor
блок розжига ксенона хонда аккорд 7;товар → vdf.by;Ксенон;vdf.by;0;0;0;0;;0;0;;topvisor
блок розжига ксенона мазда 6 gg;товар → vdf.by;Ксенон;vdf.by;0;0;0;0;;0;0;;topvisor
блок розжига ксенона d2s;товар → vdf.by;Ксенон;vdf.by;7;0;0;0;;0;0;;topvisor
блок розжига для ксенона d2s;товар → vdf.by;Ксенон;vdf.by;0;0;0;0;;0;0;;topvisor
блоки розжига для ксенона d2s;товар → vdf.by;Ксенон;vdf.by;0;0;0;0;;0;0;;topvisor
блок розжига ксенона пассат б6;товар → vdf.by;Ксенон;vdf.by;0;0;0;0;;0;0;;topvisor
блок розжига ксенона паджеро 4;товар → vdf.by;Ксенон;vdf.by;0;0;0;0;;0;0;;topvisor
блок розжига на паджеро 4;товар → vdf.by;Ксенон;vdf.by;0;0;0;0;;0;0;;topvisor
блок розжига для ксенона паджеро 4;товар → vdf.by;Ксенон;vdf.by;0;0;0;0;;0;0;;topvisor
где находится блок розжига ксенона на паджеро 4;товар → vdf.by;Ксенон;vdf.by;0;0;0;0;;0;0;;topvisor
блок розжига ксенона вольво хс90;товар → vdf.by;Ксенон;vdf.by;0;0;0;0;;0;0;;topvisor
паста для полировки фар;товар → vdf.by;Полировка и восстановление прозрачности;vdf.by;36;6;0;0;;0;0;;topvisor
набор для полировки фар;товар → vdf.by;Полировка и восстановление прозрачности;vdf.by;15;6;0;0;;0;0;;topvisor
купить пасту для полировки фар;товар → vdf.by;Полировка и восстановление прозрачности;vdf.by;12;3;0;0;;0;0;;topvisor
полировка фар купить;товар → vdf.by;Полировка и восстановление прозрачности;vdf.by;42;2;0;0;;0;0;;topvisor
купить полировку для фар автомобиля;товар → vdf.by;Полировка и восстановление прозрачности;vdf.by;17;2;0;0;;0;0;;topvisor
паста для полировки фар автомобиля купить;товар → vdf.by;Полировка и восстановление прозрачности;vdf.by;7;2;0;0;;0;0;;topvisor
лак для фар после полировки купить;товар → vdf.by;Полировка и восстановление прозрачности;vdf.by;6;2;0;0;;0;0;;topvisor
паста для полировки фар автомобиля;товар → vdf.by;Полировка и восстановление прозрачности;vdf.by;8;0;0;0;;0;0;;topvisor
комплект для полировки фар;товар → vdf.by;Полировка и восстановление прозрачности;vdf.by;6;0;0;0;;0;0;;topvisor
полировка фар в минске. от 150 р. за комплект.;товар → vdf.by;Полировка и восстановление прозрачности;vdf.by;0;0;0;0;;0;0;;topvisor
противотуманные фары;товар → vdf.by;ПТФ;vdf.by;2036;22;0;0;;0;0;;topvisor
купить противотуманные фары;товар → vdf.by;ПТФ;vdf.by;247;8;0;0;;0;0;;topvisor
противотуманные фары купить;товар → vdf.by;ПТФ;vdf.by;436;8;0;0;;0;0;;topvisor
кнопка противотуманных фар;товар → vdf.by;ПТФ;vdf.by;81;3;0;0;;0;0;;topvisor
купить противотуманки на пежо 406 рестайлинг;товар → vdf.by;ПТФ;vdf.by;3;3;0;0;;0;0;;topvisor
передние противотуманные фары;товар → vdf.by;ПТФ;vdf.by;128;2;0;0;;0;0;;topvisor
противотуманные фары пежо 406 рестайлинг купить;товар → vdf.by;ПТФ;vdf.by;2;2;0;0;;0;0;;topvisor
противотуманные фары ауди а4 б6;товар → vdf.by;ПТФ;vdf.by;9;2;0;0;;0;0;;topvisor
би лед линзы в противотуманные фары;товар → vdf.by;ПТФ;vdf.by;2;1;0;0;;0;0;;topvisor
задние противотуманные фары;товар → vdf.by;ПТФ;vdf.by;79;1;0;0;;0;0;;topvisor
рамка противотуманной фары;товар → vdf.by;ПТФ;vdf.by;88;1;0;0;;0;0;;topvisor
светодиодные противотуманные фары;товар → vdf.by;ПТФ;vdf.by;43;1;0;0;;0;0;;topvisor
противотуманные фары купить на озон;товар → vdf.by;ПТФ;vdf.by;24;1;0;0;;0;0;;topvisor
противотуманные фары рено сценик 1;товар → vdf.by;ПТФ;vdf.by;38;1;0;0;;0;0;;topvisor
противотуманные фары ситроен ксара пикассо;товар → vdf.by;ПТФ;vdf.by;3;1;0;0;;0;0;;topvisor
противотуманные фары опель зафира а;товар → vdf.by;ПТФ;vdf.by;2;1;0;0;;0;0;;topvisor
купить противотуманки на опель зафира а;товар → vdf.by;ПТФ;vdf.by;1;1;0;0;;0;0;;topvisor
bi led линзы птф;товар → vdf.by;ПТФ;vdf.by;1;0;0;0;;0;0;;topvisor
светодиодные лампы в противотуманные фары;товар → vdf.by;ПТФ;vdf.by;4;0;0;0;;0;0;;topvisor
купить светодиодные лампы в противотуманные фары;товар → vdf.by;ПТФ;vdf.by;1;0;0;0;;0;0;;topvisor
светодиодная лампа hb4 в противотуманные фары;товар → vdf.by;ПТФ;vdf.by;1;0;0;0;;0;0;;topvisor
светодиодные лампы в противотуманные фары h11;товар → vdf.by;ПТФ;vdf.by;1;0;0;0;;0;0;;topvisor
противотуманные фары лет;товар → vdf.by;ПТФ;vdf.by;172;0;0;0;;0;0;;topvisor
противотуманные фары 2;товар → vdf.by;ПТФ;vdf.by;156;0;0;0;;0;0;;topvisor
противотуманная фара какие;товар → vdf.by;ПТФ;vdf.by;107;0;0;0;;0;0;;topvisor
фара противотуманная рено;товар → vdf.by;ПТФ;vdf.by;106;0;0;0;;0;0;;topvisor
фара противотуманная рестайлинг;товар → vdf.by;ПТФ;vdf.by;100;0;0;0;;0;0;;topvisor
противотуманные 4 фары;товар → vdf.by;ПТФ;vdf.by;92;0;0;0;;0;0;;topvisor
свет противотуманных фар;товар → vdf.by;ПТФ;vdf.by;89;0;0;0;;0;0;;topvisor
включение противотуманных фар;товар → vdf.by;ПТФ;vdf.by;84;0;0;0;;0;0;;topvisor
противотуманные фары тойота;товар → vdf.by;ПТФ;vdf.by;83;0;0;0;;0;0;;topvisor
противотуманные фары ближний свет;товар → vdf.by;ПТФ;vdf.by;76;0;0;0;;0;0;;topvisor
противотуманная фара форд;товар → vdf.by;ПТФ;vdf.by;68;0;0;0;;0;0;;topvisor
купить противотуманную фару рено;товар → vdf.by;ПТФ;vdf.by;76;0;0;0;;0;0;;topvisor
кнопка включения противотуманных фар;товар → vdf.by;ПТФ;vdf.by;65;0;0;0;;0;0;;topvisor
комплект противотуманных фар;товар → vdf.by;ПТФ;vdf.by;64;0;0;0;;0;0;;topvisor
лампа противотуманной фары;товар → vdf.by;ПТФ;vdf.by;80;0;0;0;;0;0;;topvisor
противотуманные фары фольксвагена;товар → vdf.by;ПТФ;vdf.by;61;0;0;0;;0;0;;topvisor
правая противотуманная фара;товар → vdf.by;ПТФ;vdf.by;33;0;0;0;;0;0;;topvisor
купить комплект противотуманных фар;товар → vdf.by;ПТФ;vdf.by;57;0;0;0;;0;0;;topvisor
включение передних противотуманных фар;товар → vdf.by;ПТФ;vdf.by;55;0;0;0;;0;0;;topvisor
противотуманные фары королла;товар → vdf.by;ПТФ;vdf.by;55;0;0;0;;0;0;;topvisor
противотуманные фары тойота королла;товар → vdf.by;ПТФ;vdf.by;51;0;0;0;;0;0;;topvisor
лампочки в противотуманные фары;товар → vdf.by;ПТФ;vdf.by;34;0;0;0;;0;0;;topvisor
кнопка включения передних противотуманных фар;товар → vdf.by;ПТФ;vdf.by;50;0;0;0;;0;0;;topvisor
кнопка передних противотуманных фар;товар → vdf.by;ПТФ;vdf.by;50;0;0;0;;0;0;;topvisor
противотуманные фары бмв;товар → vdf.by;ПТФ;vdf.by;49;0;0;0;;0;0;;topvisor
накладка противотуманной фары;товар → vdf.by;ПТФ;vdf.by;49;0;0;0;;0;0;;topvisor
рено меган противотуманные фары;товар → vdf.by;ПТФ;vdf.by;48;0;0;0;;0;0;;topvisor
кнопка включения противотуманных фар тойота;товар → vdf.by;ПТФ;vdf.by;47;0;0;0;;0;0;;topvisor
кнопка включения противотуманных фар тойота королла;товар → vdf.by;ПТФ;vdf.by;47;0;0;0;;0;0;;topvisor
кнопка противотуманных фар тойота;товар → vdf.by;ПТФ;vdf.by;47;0;0;0;;0;0;;topvisor
кнопка противотуманных фар тойота королла;товар → vdf.by;ПТФ;vdf.by;47;0;0;0;;0;0;;topvisor
передние противотуманные фары тойота;товар → vdf.by;ПТФ;vdf.by;47;0;0;0;;0;0;;topvisor
фара противотуманная королла е110;товар → vdf.by;ПТФ;vdf.by;47;0;0;0;;0;0;;topvisor
противотуманные фары какой свет;товар → vdf.by;ПТФ;vdf.by;45;0;0;0;;0;0;;topvisor
противотуманные фары 3 в 1;товар → vdf.by;ПТФ;vdf.by;44;0;0;0;;0;0;;topvisor
купить противотуманные фары минск;товар → vdf.by;ПТФ;vdf.by;43;0;0;0;;0;0;;topvisor
рамка фары противотуманной купить;товар → vdf.by;ПТФ;vdf.by;42;0;0;0;;0;0;;topvisor
противотуманные фары опель мерива а;товар → vdf.by;ПТФ;vdf.by;2;0;0;0;;0;0;;topvisor
противотуманные фары купить в беларуси;товар → vdf.by;ПТФ;vdf.by;1;0;0;0;;0;0;;topvisor
противотуманные фары купить на авито;товар → vdf.by;ПТФ;vdf.by;0;0;0;0;;0;0;;topvisor
противотуманные фары купить на wildberries;товар → vdf.by;ПТФ;vdf.by;0;0;0;0;;0;0;;topvisor
противотуманные фары купить в красноярске;товар → vdf.by;ПТФ;vdf.by;0;0;0;0;;0;0;;topvisor
противотуманные фары митсубиси делика купить;товар → vdf.by;ПТФ;vdf.by;0;0;0;0;;0;0;;topvisor
фольксваген пассат б4 противотуманные фары купить;товар → vdf.by;ПТФ;vdf.by;0;0;0;0;;0;0;;topvisor
противотуманные фары рено сценик 1 рестайлинг купить;товар → vdf.by;ПТФ;vdf.by;1;0;0;0;;0;0;;topvisor
противотуманные фары рено сценик 1 рестайлинг;товар → vdf.by;ПТФ;vdf.by;1;0;0;0;;0;0;;topvisor
противотуманки на рено сценик 1;товар → vdf.by;ПТФ;vdf.by;0;0;0;0;;0;0;;topvisor
противотуманные фары опель астра g;товар → vdf.by;ПТФ;vdf.by;2;0;0;0;;0;0;;topvisor
противотуманные фары на опель астра g;товар → vdf.by;ПТФ;vdf.by;2;0;0;0;;0;0;;topvisor
предохранитель на противотуманные фары опель астра h;товар → vdf.by;ПТФ;vdf.by;0;0;0;0;;0;0;;topvisor
противотуманные фары опель астра j gtc;товар → vdf.by;ПТФ;vdf.by;0;0;0;0;;0;0;;topvisor
противотуманные фары опель астра h gtc;товар → vdf.by;ПТФ;vdf.by;0;0;0;0;;0;0;;topvisor
билед модули с размытой стг;товар → vdf.by;Регулировка фар;vdf.by;7;7;0;0;;0;0;;topvisor
купить корректор фар ниссан примера п11;товар → vdf.by;Регулировка фар;vdf.by;7;7;0;0;;0;0;;topvisor
корректор фар уаз патриот;товар → vdf.by;Регулировка фар;vdf.by;7;5;0;0;;0;0;;topvisor
корректор фар опель омега;товар → vdf.by;Регулировка фар;vdf.by;7;5;0;0;;0;0;;topvisor
корректор фар;товар → vdf.by;Регулировка фар;vdf.by;426;3;0;0;;0;0;;topvisor
корректор фар нива;товар → vdf.by;Регулировка фар;vdf.by;9;3;0;0;;0;0;;topvisor
как работает корректор фар;товар → vdf.by;Регулировка фар;vdf.by;7;2;0;0;;0;0;;topvisor
не работает корректор фар нива 21214;товар → vdf.by;Регулировка фар;vdf.by;2;2;0;0;;0;0;;topvisor
би лед линзы с мягкой стг;товар → vdf.by;Регулировка фар;vdf.by;3;1;0;0;;0;0;;topvisor
корректор фар ауди а4 б6;товар → vdf.by;Регулировка фар;vdf.by;15;1;0;0;;0;0;;topvisor
корректор фар мазда 6 gh;товар → vdf.by;Регулировка фар;vdf.by;13;1;0;0;;0;0;;topvisor
корректор фар пассат б5;товар → vdf.by;Регулировка фар;vdf.by;3;1;0;0;;0;0;;topvisor
корректор фары пассат б5;товар → vdf.by;Регулировка фар;vdf.by;3;1;0;0;;0;0;;topvisor
корректор фар гольф 3;товар → vdf.by;Регулировка фар;vdf.by;5;1;0;0;;0;0;;topvisor
стг би лед линз;товар → vdf.by;Регулировка фар;vdf.by;3;0;0;0;;0;0;;topvisor
билед модули стг;товар → vdf.by;Регулировка фар;vdf.by;7;0;0;0;;0;0;;topvisor
купить корректор фар;товар → vdf.by;Регулировка фар;vdf.by;46;0;0;0;;0;0;;topvisor
датчик корректора фар;товар → vdf.by;Регулировка фар;vdf.by;29;0;0;0;;0;0;;topvisor
корректор фар ауди;товар → vdf.by;Регулировка фар;vdf.by;28;0;0;0;;0;0;;topvisor
корректор фар 4;товар → vdf.by;Регулировка фар;vdf.by;23;0;0;0;;0;0;;topvisor
корректор фар рено;товар → vdf.by;Регулировка фар;vdf.by;21;0;0;0;;0;0;;topvisor
кнопка корректора фар;товар → vdf.by;Регулировка фар;vdf.by;21;0;0;0;;0;0;;topvisor
корректор фары митсубиси;товар → vdf.by;Регулировка фар;vdf.by;19;0;0;0;;0;0;;topvisor
корректор фары митсубиси паджеро;товар → vdf.by;Регулировка фар;vdf.by;19;0;0;0;;0;0;;topvisor
корректор фар опель;товар → vdf.by;Регулировка фар;vdf.by;18;0;0;0;;0;0;;topvisor
корректор фар ауди а4;товар → vdf.by;Регулировка фар;vdf.by;16;0;0;0;;0;0;;topvisor
корректор фар а4 б6;товар → vdf.by;Регулировка фар;vdf.by;15;0;0;0;;0;0;;topvisor
корректор фар б6;товар → vdf.by;Регулировка фар;vdf.by;15;0;0;0;;0;0;;topvisor
корректор фар фольксваген;товар → vdf.by;Регулировка фар;vdf.by;15;0;0;0;;0;0;;topvisor
корректор фар мазда;товар → vdf.by;Регулировка фар;vdf.by;14;0;0;0;;0;0;;topvisor
корректор фар пассат;товар → vdf.by;Регулировка фар;vdf.by;14;0;0;0;;0;0;;topvisor
где находится корректор фар;товар → vdf.by;Регулировка фар;vdf.by;13;0;0;0;;0;0;;topvisor
корректор фар мазда 6;товар → vdf.by;Регулировка фар;vdf.by;13;0;0;0;;0;0;;topvisor
корректор фар тойота;товар → vdf.by;Регулировка фар;vdf.by;12;0;0;0;;0;0;;topvisor
корректор фар гранта;товар → vdf.by;Регулировка фар;vdf.by;12;0;0;0;;0;0;;topvisor
корректор фар митсубиси паджеро 4;товар → vdf.by;Регулировка фар;vdf.by;12;0;0;0;;0;0;;topvisor
корректор фар паджеро 4;товар → vdf.by;Регулировка фар;vdf.by;12;0;0;0;;0;0;;topvisor
корректор фары т5;товар → vdf.by;Регулировка фар;vdf.by;11;0;0;0;;0;0;;topvisor
корректор наклона фар;товар → vdf.by;Регулировка фар;vdf.by;11;0;0;0;;0;0;;topvisor
корректор угла наклона фар;товар → vdf.by;Регулировка фар;vdf.by;11;0;0;0;;0;0;;topvisor
корректор фар гольф;товар → vdf.by;Регулировка фар;vdf.by;11;0;0;0;;0;0;;topvisor
пежо корректор фар;товар → vdf.by;Регулировка фар;vdf.by;11;0;0;0;;0;0;;topvisor
предохранитель корректора фар;товар → vdf.by;Регулировка фар;vdf.by;11;0;0;0;;0;0;;topvisor
корректор фары ниссан;товар → vdf.by;Регулировка фар;vdf.by;10;0;0;0;;0;0;;topvisor
корректор фар мерседес;товар → vdf.by;Регулировка фар;vdf.by;10;0;0;0;;0;0;;topvisor
купить датчик корректора фар;товар → vdf.by;Регулировка фар;vdf.by;9;0;0;0;;0;0;;topvisor
фара без корректора;товар → vdf.by;Регулировка фар;vdf.by;9;0;0;0;;0;0;;topvisor
фары под корректор;товар → vdf.by;Регулировка фар;vdf.by;8;0;0;0;;0;0;;topvisor
корректор фар камри;товар → vdf.by;Регулировка фар;vdf.by;8;0;0;0;;0;0;;topvisor
корректор фар тойота камри;товар → vdf.by;Регулировка фар;vdf.by;8;0;0;0;;0;0;;topvisor
корректор фар лада;товар → vdf.by;Регулировка фар;vdf.by;8;0;0;0;;0;0;;topvisor
корректор фар камри 70;товар → vdf.by;Регулировка фар;vdf.by;7;0;0;0;;0;0;;topvisor
корректор фар патриот;товар → vdf.by;Регулировка фар;vdf.by;7;0;0;0;;0;0;;topvisor
корректор фар тойота камри 70;товар → vdf.by;Регулировка фар;vdf.by;7;0;0;0;;0;0;;topvisor
корректор фар уаз;товар → vdf.by;Регулировка фар;vdf.by;7;0;0;0;;0;0;;topvisor
корректор фары ниссан примера;товар → vdf.by;Регулировка фар;vdf.by;7;0;0;0;;0;0;;topvisor
bi led линзы с размытой стг;товар → vdf.by;Регулировка фар;vdf.by;2;0;0;0;;0;0;;topvisor
билед линзы с размытой стг;товар → vdf.by;Регулировка фар;vdf.by;0;0;0;0;;0;0;;topvisor
би лед линзы с размытой стг какие лучше;товар → vdf.by;Регулировка фар;vdf.by;0;0;0;0;;0;0;;topvisor
би лед линзы с размытой стг;товар → vdf.by;Регулировка фар;vdf.by;0;0;0;0;;0;0;;topvisor
лед лампы для рефлекторных фар h7 с четкой стг;товар → vdf.by;Регулировка фар;vdf.by;0;0;0;0;;0;0;;topvisor
корректор фар пассат б5 плюс;товар → vdf.by;Регулировка фар;vdf.by;0;0;0;0;;0;0;;topvisor
корректор фар пассат б5 купить;товар → vdf.by;Регулировка фар;vdf.by;0;0;0;0;;0;0;;topvisor
корректор фар гольф 3 купить;товар → vdf.by;Регулировка фар;vdf.by;0;0;0;0;;0;0;;topvisor
гольф 3 как проверить корректор фар;товар → vdf.by;Регулировка фар;vdf.by;0;0;0;0;;0;0;;topvisor
корректор фар ауди 80 б4;товар → vdf.by;Регулировка фар;vdf.by;0;0;0;0;;0;0;;topvisor
корректор фар ваз 2110;товар → vdf.by;Регулировка фар;vdf.by;0;0;0;0;;0;0;;topvisor
корректор фар ваз 2110 механический;товар → vdf.by;Регулировка фар;vdf.by;0;0;0;0;;0;0;;topvisor
корректор фар ваз 2110 как работает;товар → vdf.by;Регулировка фар;vdf.by;0;0;0;0;;0;0;;topvisor
не работает корректор фар ваз 2110;товар → vdf.by;Регулировка фар;vdf.by;0;0;0;0;;0;0;;topvisor
механический корректор фар ваз 2110;товар → vdf.by;Регулировка фар;vdf.by;0;0;0;0;;0;0;;topvisor
как работает корректор фар на ваз 2110;товар → vdf.by;Регулировка фар;vdf.by;0;0;0;0;;0;0;;topvisor
корректор фар камри 55;товар → vdf.by;Регулировка фар;vdf.by;0;0;0;0;;0;0;;topvisor
корректор фар ланос;товар → vdf.by;Регулировка фар;vdf.by;1;0;0;0;;0;0;;topvisor
корректор фар ланос артикул;товар → vdf.by;Регулировка фар;vdf.by;0;0;0;0;;0;0;;topvisor
не работает корректор фар ланос;товар → vdf.by;Регулировка фар;vdf.by;0;0;0;0;;0;0;;topvisor
корректор фар шевроле ланос;товар → vdf.by;Регулировка фар;vdf.by;0;0;0;0;;0;0;;topvisor
корректор фары ланос;товар → vdf.by;Регулировка фар;vdf.by;1;0;0;0;;0;0;;topvisor
корректор фар нива 21213;товар → vdf.by;Регулировка фар;vdf.by;0;0;0;0;;0;0;;topvisor
корректор фар нива шевроле;товар → vdf.by;Регулировка фар;vdf.by;0;0;0;0;;0;0;;topvisor
корректор фар нива легенд;товар → vdf.by;Регулировка фар;vdf.by;4;0;0;0;;0;0;;topvisor
корректор фар нива 21214 принцип работы;товар → vdf.by;Регулировка фар;vdf.by;0;0;0;0;;0;0;;topvisor
корректор фар нива 21214 купить;товар → vdf.by;Регулировка фар;vdf.by;0;0;0;0;;0;0;;topvisor
корректор фар нива 2131;товар → vdf.by;Регулировка фар;vdf.by;0;0;0;0;;0;0;;topvisor
корректор фар нива шевроле где находится;товар → vdf.by;Регулировка фар;vdf.by;0;0;0;0;;0;0;;topvisor
корректор фар нива 21214;товар → vdf.by;Регулировка фар;vdf.by;2;0;0;0;;0;0;;topvisor
корректор фар лада гранта;товар → vdf.by;Регулировка фар;vdf.by;2;0;0;0;;0;0;;topvisor
корректор фар лада гранта фл;товар → vdf.by;Регулировка фар;vdf.by;0;0;0;0;;0;0;;topvisor
корректор фар лада гранта купить;товар → vdf.by;Регулировка фар;vdf.by;0;0;0;0;;0;0;;topvisor
корректор фар лада гранта принцип работы;товар → vdf.by;Регулировка фар;vdf.by;0;0;0;0;;0;0;;topvisor
корректор фар лада гранта электрический;товар → vdf.by;Регулировка фар;vdf.by;0;0;0;0;;0;0;;topvisor
корректор фар лада гранта фл как работает;товар → vdf.by;Регулировка фар;vdf.by;0;0;0;0;;0;0;;topvisor
корректор света фар лада гранта;товар → vdf.by;Регулировка фар;vdf.by;0;0;0;0;;0;0;;topvisor
не работает корректор фар лада гранта;товар → vdf.by;Регулировка фар;vdf.by;0;0;0;0;;0;0;;topvisor
корректор фары лада гранта;товар → vdf.by;Регулировка фар;vdf.by;2;0;0;0;;0;0;;topvisor
набор для восстановления фар автомобиля;товар → vdf.by;Ремонт фар — общий;vdf.by;3;3;0;0;;0;0;;topvisor
набор для восстановления фар;товар → vdf.by;Ремонт фар — общий;vdf.by;8;2;0;0;;0;0;;topvisor
набор для восстановления автомобильных фар;товар → vdf.by;Ремонт фар — общий;vdf.by;1;1;0;0;;0;0;;topvisor
магазин оптики авто;товар → vdf.by;Ремонт фар — общий;vdf.by;;;0;0;;13;0;48,2;search console
набор ремонта фар;товар → vdf.by;Ремонт фар — общий;vdf.by;11;0;0;0;;0;0;;topvisor
восстановление фар купить;товар → vdf.by;Ремонт фар — общий;vdf.by;1;0;0;0;;0;0;;topvisor
купить тюнинг фару на фольксваген б4;товар → vdf.by;Тюнинг, антихром, переделки;vdf.by;6;6;0;0;;0;0;;topvisor
купить фары гольф 4 тюнинг;товар → vdf.by;Тюнинг, антихром, переделки;vdf.by;3;3;0;0;;0;0;;topvisor
тюнинг фар купить;товар → vdf.by;Тюнинг, антихром, переделки;vdf.by;52;0;0;0;;0;0;;topvisor
купить тюнинг фары на фольксваген;товар → vdf.by;Тюнинг, антихром, переделки;vdf.by;8;0;0;0;;0;0;;topvisor
купить тюнинг фары ауди;товар → vdf.by;Тюнинг, антихром, переделки;vdf.by;8;0;0;0;;0;0;;topvisor
купить тюнинг фары на т4;товар → vdf.by;Тюнинг, антихром, переделки;vdf.by;5;0;0;0;;0;0;;topvisor
купить передние фары тюнинг;товар → vdf.by;Тюнинг, антихром, переделки;vdf.by;4;0;0;0;;0;0;;topvisor
купить фары бмв е39 тюнинг;товар → vdf.by;Тюнинг, антихром, переделки;vdf.by;0;0;0;0;;0;0;;topvisor
фары на ауди 80 б4 тюнинг купить;товар → vdf.by;Тюнинг, антихром, переделки;vdf.by;1;0;0;0;;0;0;;topvisor
купить фары на пассат б4 тюнинг в казахстане;товар → vdf.by;Тюнинг, антихром, переделки;vdf.by;0;0;0;0;;0;0;;topvisor
тюнинг фары на пассат б4 купить;товар → vdf.by;Тюнинг, антихром, переделки;vdf.by;0;0;0;0;;0;0;;topvisor
магазин автосвет;товар → vdf.by;Улучшение света — общее;vdf.by;18;2;0;0;;0;0;;topvisor
rayton group магазин автосвета;товар → vdf.by;Улучшение света — общее;vdf.by;2;2;0;0;;0;0;;topvisor
автомагазины автосвет;товар → vdf.by;Улучшение света — общее;vdf.by;7;0;0;0;;0;0;;topvisor
би лед линзы купить минск;товар → vdf.by;Bi-LED и линзы;vdf.by;11;10;0;0;;0;0;;topvisor
билед модули купить минск;товар → vdf.by;Bi-LED и линзы;vdf.by;16;8;0;0;;0;0;;topvisor
би лед линзы купить;товар → vdf.by;Bi-LED и линзы;vdf.by;30;6;0;0;;0;0;;topvisor
би лед модули купить в минске;товар → vdf.by;Bi-LED и линзы;vdf.by;6;6;0;0;;30;0;13;topvisor, search console
трехчиповые линзы би лед;товар → vdf.by;Bi-LED и линзы;vdf.by;6;5;0;0;;0;0;;topvisor
билед модули;товар → vdf.by;Bi-LED и линзы;vdf.by;135;5;0;0;;1;0;29;topvisor, search console
купить билед линзы;товар → vdf.by;Bi-LED и линзы;vdf.by;19;5;0;0;;0;0;;topvisor
билед модуль;товар → vdf.by;Bi-LED и линзы;vdf.by;135;5;0;0;;0;0;;topvisor
bi led линзы;товар → vdf.by;Bi-LED и линзы;vdf.by;49;4;0;0;;0;0;;topvisor
би лед линзы в авто купить;товар → vdf.by;Bi-LED и линзы;vdf.by;3;3;0;0;;0;0;;topvisor
бренды bi led линз;товар → vdf.by;Bi-LED и линзы;vdf.by;3;3;0;0;;0;0;;topvisor
би-лед линзы в авто купить;товар → vdf.by;Bi-LED и линзы;vdf.by;3;3;0;0;;0;0;;topvisor
би лед модули купить;товар → vdf.by;Bi-LED и линзы;vdf.by;29;3;0;0;;0;0;;topvisor
би лед линзы что это;товар → vdf.by;Bi-LED и линзы;vdf.by;;;13;0;10,2;0;0;;вебмастер
bi led линзы прямоугольные;товар → vdf.by;Bi-LED и линзы;vdf.by;2;2;0;0;;0;0;;topvisor
билед модули в фары;товар → vdf.by;Bi-LED и линзы;vdf.by;21;2;0;0;;0;0;;topvisor
билед модули aozoom a15;товар → vdf.by;Bi-LED и линзы;vdf.by;6;2;0;0;;0;0;;topvisor
би лед мини линзы h4 самые лучшие;товар → vdf.by;Bi-LED и линзы;vdf.by;2;2;0;0;;0;0;;topvisor
мини би лед линзы h4 самые лучшие;товар → vdf.by;Bi-LED и линзы;vdf.by;2;2;0;0;;0;0;;topvisor
би лед линзы 2.5 дюйма;товар → vdf.by;Bi-LED и линзы;vdf.by;2;2;0;0;;0;0;;topvisor
би лед модули в фары;товар → vdf.by;Bi-LED и линзы;vdf.by;31;2;0;0;;0;0;;topvisor
би лед модули в фары купить;товар → vdf.by;Bi-LED и линзы;vdf.by;4;2;0;0;;0;0;;topvisor
линзы 2.5 дюйма би лед;товар → vdf.by;Bi-LED и линзы;vdf.by;2;2;0;0;;0;0;;topvisor
биксеноновые линзы купить;товар → vdf.by;Bi-LED и линзы;vdf.by;1;2;0;0;;0;0;;topvisor
комплект для установки би лед линз;товар → vdf.by;Bi-LED и линзы;vdf.by;5;1;0;0;;0;0;;topvisor
мини би лед линзы;товар → vdf.by;Bi-LED и линзы;vdf.by;3;1;0;0;;0;0;;topvisor
bi led линзы отзывы;товар → vdf.by;Bi-LED и линзы;vdf.by;3;1;0;0;;0;0;;topvisor
bi led линза а80 gt1;товар → vdf.by;Bi-LED и линзы;vdf.by;1;1;0;0;;0;0;;topvisor
самые лучшие bi led линзы;товар → vdf.by;Bi-LED и линзы;vdf.by;1;1;0;0;;0;0;;topvisor
bi led линзы h4 mini;товар → vdf.by;Bi-LED и линзы;vdf.by;1;1;0;0;;0;0;;topvisor
билед модули купить;товар → vdf.by;Bi-LED и линзы;vdf.by;21;1;0;0;;0;0;;topvisor
билед модули 2.5 дюйма;товар → vdf.by;Bi-LED и линзы;vdf.by;1;1;0;0;;0;0;;topvisor
билед линзы купить для авто;товар → vdf.by;Bi-LED и линзы;vdf.by;2;1;0;0;;0;0;;topvisor
купить билед линзы для авто;товар → vdf.by;Bi-LED и линзы;vdf.by;2;1;0;0;;0;0;;topvisor
билед линзы 2.5 дюйма купить;товар → vdf.by;Bi-LED и линзы;vdf.by;1;1;0;0;;0;0;;topvisor
купить билед модули;товар → vdf.by;Bi-LED и линзы;vdf.by;21;1;0;0;;0;0;;topvisor
билед модуль 2.5 дюйма;товар → vdf.by;Bi-LED и линзы;vdf.by;1;1;0;0;;0;0;;topvisor
билет модуль;товар → vdf.by;Bi-LED и линзы;vdf.by;40;1;0;0;;0;0;;topvisor
билед модули в фары пежо 607;товар → vdf.by;Bi-LED и линзы;vdf.by;;;6;0;7,8;0;0;;вебмастер
bi led линзы что это такое;товар → vdf.by;Bi-LED и линзы;vdf.by;;;6;0;12,5;0;0;;вебмастер
лед модули;товар → vdf.by;Bi-LED и линзы;vdf.by;;;0;0;;15;0;32;search console
би-лед линзы в авто что это;товар → vdf.by;Bi-LED и линзы;vdf.by;0;0;5;0;11,2;0;0;;topvisor, вебмастер
что такое би лед линзы на авто;товар → vdf.by;Bi-LED и линзы;vdf.by;;;5;0;10,8;0;0;;вебмастер
би лед модули в фары что это;товар → vdf.by;Bi-LED и линзы;vdf.by;0;0;4;0;10,8;0;0;;topvisor, вебмастер
фары би лед что это такое;товар → vdf.by;Bi-LED и линзы;vdf.by;;;4;0;11,3;0;0;;вебмастер
что делает модуль фар;товар → vdf.by;Bi-LED и линзы;vdf.by;;;4;0;10;0;0;;вебмастер
подключение билед модулей;товар → vdf.by;Bi-LED и линзы;vdf.by;;;4;0;12;0;0;;вебмастер
bi led линзы как светят со светодиодами;товар → vdf.by;Bi-LED и линзы;vdf.by;;;4;0;10,8;0;0;;вебмастер
bi led что это такое;товар → vdf.by;Bi-LED и линзы;vdf.by;;;4;0;7,5;0;0;;вебмастер
bi led модули что это такое;товар → vdf.by;Bi-LED и линзы;vdf.by;;;4;0;11,8;0;0;;вебмастер
би лед линзы что это такое;товар → vdf.by;Bi-LED и линзы;vdf.by;0;0;3;0;11;0;0;;topvisor, вебмастер
лед линзы в фары, что это;товар → vdf.by;Bi-LED и линзы;vdf.by;;;3;0;9,7;0;0;;вебмастер
би ленд линзы что;товар → vdf.by;Bi-LED и линзы;vdf.by;;;3;0;12,3;0;0;;вебмастер
что такое bi led;товар → vdf.by;Bi-LED и линзы;vdf.by;;;3;0;7;0;0;;вебмастер
билед линзы в фары ближнего света фиат пунто 2 2002;товар → vdf.by;Bi-LED и линзы;vdf.by;;;3;0;2,7;0;0;;вебмастер
в рб есть фирмы которые устанавливают билет модули в фары;товар → vdf.by;Bi-LED и линзы;vdf.by;;;3;0;2,3;0;0;;вебмастер
би ленд линзы что это такое;товар → vdf.by;Bi-LED и линзы;vdf.by;;;3;0;9;0;0;;вебмастер
bi-led линзы что это такое;товар → vdf.by;Bi-LED и линзы;vdf.by;;;3;0;10,3;0;0;;вебмастер
фары астра g с би лед;товар → vdf.by;Bi-LED и линзы;vdf.by;;;3;0;8,3;0;0;;вебмастер
би лед модули что это такое;товар → vdf.by;Bi-LED и линзы;vdf.by;0;0;2;0;11,5;0;0;;topvisor, вебмастер
би модули лещинского;товар → vdf.by;Bi-LED и линзы;vdf.by;;;2;0;9;0;0;;вебмастер
где устанавливают би лед модули в фары;товар → vdf.by;Bi-LED и линзы;vdf.by;;;2;0;11;0;0;;вебмастер
что такое би лед модули в фары;товар → vdf.by;Bi-LED и линзы;vdf.by;;;2;0;11;0;0;;вебмастер
чем b led линзы отличаются от обычных;товар → vdf.by;Bi-LED и линзы;vdf.by;;;2;0;5;0;0;;вебмастер
bi-led модули что это такое;товар → vdf.by;Bi-LED и линзы;vdf.by;;;2;0;11;0;0;;вебмастер
би лед модули в фары опель вектра в;товар → vdf.by;Bi-LED и линзы;vdf.by;;;2;0;5;0;0;;вебмастер
сколько служат bi led линзы в фарах;товар → vdf.by;Bi-LED и линзы;vdf.by;;;2;0;10,5;0;0;;вебмастер
что такое би лед линзы;товар → vdf.by;Bi-LED и линзы;vdf.by;;;2;0;11;0;0;;вебмастер
устают глаза от билед модулей;товар → vdf.by;Bi-LED и линзы;vdf.by;;;2;0;3,5;0;0;;вебмастер
biled модули;товар → vdf.by;Bi-LED и линзы;vdf.by;;;0;0;;1;0;4;search console
би лед модули;товар → vdf.by;Bi-LED и линзы;vdf.by;;;0;0;;1;0;11;search console
би лед модуль;товар → vdf.by;Bi-LED и линзы;vdf.by;;;0;0;;1;0;25;search console
что такое би лед;товар → vdf.by;Bi-LED и линзы;vdf.by;;;0;0;;1;0;10;search console
би лед линзы 2;товар → vdf.by;Bi-LED и линзы;vdf.by;20;0;0;0;;0;0;;topvisor
би лед линзы на опель астра;товар → vdf.by;Bi-LED и линзы;vdf.by;7;0;0;0;;0;0;;topvisor
би лед линзы в авто;товар → vdf.by;Bi-LED и линзы;vdf.by;7;0;0;0;;0;0;;topvisor
какие би лед линзы;товар → vdf.by;Bi-LED и линзы;vdf.by;5;0;0;0;;0;0;;topvisor
комплект би лед линз;товар → vdf.by;Bi-LED и линзы;vdf.by;5;0;0;0;;0;0;;topvisor
лучшие би лед линзы;товар → vdf.by;Bi-LED и линзы;vdf.by;5;0;0;0;;0;0;;topvisor
би лед линзы киа рио;товар → vdf.by;Bi-LED и линзы;vdf.by;5;0;0;0;;0;0;;topvisor
линзы би лед 3;товар → vdf.by;Bi-LED и линзы;vdf.by;4;0;0;0;;0;0;;topvisor
подключение би лед линз;товар → vdf.by;Bi-LED и линзы;vdf.by;4;0;0;0;;0;0;;topvisor
би лед линзы h4 купить;товар → vdf.by;Bi-LED и линзы;vdf.by;3;0;0;0;;0;0;;topvisor
би лед линзы скания;товар → vdf.by;Bi-LED и линзы;vdf.by;3;0;0;0;;0;0;;topvisor
купить би лед линзы в фары;товар → vdf.by;Bi-LED и линзы;vdf.by;3;0;0;0;;0;0;;topvisor
маленькие би лед линзы;товар → vdf.by;Bi-LED и линзы;vdf.by;3;0;0;0;;0;0;;topvisor
рамки для би лед линз;товар → vdf.by;Bi-LED и линзы;vdf.by;3;0;0;0;;0;0;;topvisor
би лед линзы на шкода рапид;товар → vdf.by;Bi-LED и линзы;vdf.by;3;0;0;0;;0;0;;topvisor
би лед линзы рапид;товар → vdf.by;Bi-LED и линзы;vdf.by;3;0;0;0;;0;0;;topvisor
линзы би лед пежо 307;товар → vdf.by;Bi-LED и линзы;vdf.by;3;0;0;0;;0;0;;topvisor
рамки под линзу би лед;товар → vdf.by;Bi-LED и линзы;vdf.by;3;0;0;0;;0;0;;topvisor
би лед линзы рено;товар → vdf.by;Bi-LED и линзы;vdf.by;3;0;0;0;;0;0;;topvisor
би лед линзы в дождь;товар → vdf.by;Bi-LED и линзы;vdf.by;2;0;0;0;;0;0;;topvisor
би лед линзы в фары h4;товар → vdf.by;Bi-LED и линзы;vdf.by;2;0;0;0;;0;0;;topvisor
би лед линзы веста;товар → vdf.by;Bi-LED и линзы;vdf.by;2;0;0;0;;0;0;;topvisor
би лед линзы глазки;товар → vdf.by;Bi-LED и линзы;vdf.by;2;0;0;0;;0;0;;topvisor
би лед линзы лада веста;товар → vdf.by;Bi-LED и линзы;vdf.by;2;0;0;0;;0;0;;topvisor
би лед линзы мондео 4;товар → vdf.by;Bi-LED и линзы;vdf.by;2;0;0;0;;0;0;;topvisor
би лед линзы октавия тур;товар → vdf.by;Bi-LED и линзы;vdf.by;2;0;0;0;;0;0;;topvisor
bi led линза 3.0;товар → vdf.by;Bi-LED и линзы;vdf.by;11;0;0;0;;0;0;;topvisor
bi led линза optima premium;товар → vdf.by;Bi-LED и линзы;vdf.by;5;0;0;0;;0;0;;topvisor
bi led линзы 5000k;товар → vdf.by;Bi-LED и линзы;vdf.by;5;0;0;0;;0;0;;topvisor
bi led линзы optima sensation drive;товар → vdf.by;Bi-LED и линзы;vdf.by;5;0;0;0;;0;0;;topvisor
линзы bi led optima 3.0;товар → vdf.by;Bi-LED и линзы;vdf.by;5;0;0;0;;0;0;;topvisor
линзы optima bi led;товар → vdf.by;Bi-LED и линзы;vdf.by;5;0;0;0;;0;0;;topvisor
bi led k5 pro линзы;товар → vdf.by;Bi-LED и линзы;vdf.by;3;0;0;0;;0;0;;topvisor
bi led линзы k5;товар → vdf.by;Bi-LED и линзы;vdf.by;3;0;0;0;;0;0;;topvisor
линзы 3.0 bi led k5 pro;товар → vdf.by;Bi-LED и линзы;vdf.by;3;0;0;0;;0;0;;topvisor
линзы bi led pro;товар → vdf.by;Bi-LED и линзы;vdf.by;3;0;0;0;;0;0;;topvisor
би линзы bi led;товар → vdf.by;Bi-LED и линзы;vdf.by;0;0;0;0;;0;0;;topvisor
bi led 4300k линзы;товар → vdf.by;Bi-LED и линзы;vdf.by;2;0;0;0;;0;0;;topvisor
bi led линзы 2.5;товар → vdf.by;Bi-LED и линзы;vdf.by;2;0;0;0;;0;0;;topvisor
bi led линзы bmw;товар → vdf.by;Bi-LED и линзы;vdf.by;2;0;0;0;;0;0;;topvisor
bi led линза h4;товар → vdf.by;Bi-LED и линзы;vdf.by;2;0;0;0;;0;0;;topvisor
bi led линзы для фар;товар → vdf.by;Bi-LED и линзы;vdf.by;2;0;0;0;;0;0;;topvisor
светодиодная линза bi led;товар → vdf.by;Bi-LED и линзы;vdf.by;2;0;0;0;;0;0;;topvisor
bi led линзы купить;товар → vdf.by;Bi-LED и линзы;vdf.by;3;0;0;0;;0;0;;topvisor
лучшие bi led линзы;товар → vdf.by;Bi-LED и линзы;vdf.by;1;0;0;0;;0;0;;topvisor
bi led модуль линза;товар → vdf.by;Bi-LED и линзы;vdf.by;1;0;0;0;;0;0;;topvisor
mini bi led линзы;товар → vdf.by;Bi-LED и линзы;vdf.by;1;0;0;0;;0;0;;topvisor
тест bi led линз;товар → vdf.by;Bi-LED и линзы;vdf.by;1;0;0;0;;0;0;;topvisor
bi led линзы h19;товар → vdf.by;Bi-LED и линзы;vdf.by;1;0;0;0;;0;0;;topvisor
bi led линзы mtf;товар → vdf.by;Bi-LED и линзы;vdf.by;1;0;0;0;;0;0;;topvisor
bi led линзы mtf light;товар → vdf.by;Bi-LED и линзы;vdf.by;1;0;0;0;;0;0;;topvisor
bi led линзы дальнего света;товар → vdf.by;Bi-LED и линзы;vdf.by;1;0;0;0;;0;0;;topvisor
bi led линзы свет;товар → vdf.by;Bi-LED и линзы;vdf.by;1;0;0;0;;0;0;;topvisor
линза bi led мини;товар → vdf.by;Bi-LED и линзы;vdf.by;1;0;0;0;;0;0;;topvisor
мини bi led линзы h4;товар → vdf.by;Bi-LED и линзы;vdf.by;0;0;0;0;;0;0;;topvisor
мини линзы h4 bi led светодиодные;товар → vdf.by;Bi-LED и линзы;vdf.by;1;0;0;0;;0;0;;topvisor
светодиодные bi led линзы h4;товар → vdf.by;Bi-LED и линзы;vdf.by;0;0;0;0;;0;0;;topvisor
светодиодные bi led линзы mtf;товар → vdf.by;Bi-LED и линзы;vdf.by;1;0;0;0;;0;0;;topvisor
светодиодные линзы bi led ближний свет;товар → vdf.by;Bi-LED и линзы;vdf.by;1;0;0;0;;0;0;;topvisor
bi led линзы 3;товар → vdf.by;Bi-LED и линзы;vdf.by;1;0;0;0;;0;0;;topvisor
bi led линзы квадратные;товар → vdf.by;Bi-LED и линзы;vdf.by;1;0;0;0;;0;0;;topvisor
би лед bi led линза;товар → vdf.by;Bi-LED и линзы;vdf.by;0;0;0;0;;0;0;;topvisor
светодиодные би линзы bi led;товар → vdf.by;Bi-LED и линзы;vdf.by;0;0;0;0;;0;0;;topvisor
билед модули aozoom;товар → vdf.by;Bi-LED и линзы;vdf.by;8;0;0;0;;0;0;;topvisor
билед модуль h4;товар → vdf.by;Bi-LED и линзы;vdf.by;5;0;0;0;;0;0;;topvisor
билед линзы модули;товар → vdf.by;Bi-LED и линзы;vdf.by;3;0;0;0;;0;0;;topvisor
билед модуль 3.0;товар → vdf.by;Bi-LED и линзы;vdf.by;3;0;0;0;;0;0;;topvisor
билед модули какие лучшие;товар → vdf.by;Bi-LED и линзы;vdf.by;2;0;0;0;;0;0;;topvisor
лучший билед модуль;товар → vdf.by;Bi-LED и линзы;vdf.by;2;0;0;0;;0;0;;topvisor
билед модули аозум;товар → vdf.by;Bi-LED и линзы;vdf.by;2;0;0;0;;0;0;;topvisor
билед модули 2.5;товар → vdf.by;Bi-LED и линзы;vdf.by;1;0;0;0;;0;0;;topvisor
билед модули отзывы;товар → vdf.by;Bi-LED и линзы;vdf.by;1;0;0;0;;0;0;;topvisor
билед модуль а6;товар → vdf.by;Bi-LED и линзы;vdf.by;1;0;0;0;;0;0;;topvisor
лучшие билед модули 2026;товар → vdf.by;Bi-LED и линзы;vdf.by;1;0;0;0;;0;0;;topvisor
билед модули свет;товар → vdf.by;Bi-LED и линзы;vdf.by;1;0;0;0;;0;0;;topvisor
комплект для установки линз в фары;товар → vdf.by;Bi-LED и линзы;vdf.by;2;0;0;0;;0;0;;topvisor
линзы ксенон в фары;товар → vdf.by;Bi-LED и линзы;vdf.by;1;0;0;0;;0;0;;topvisor
какие светодиодные лампы в фару линзу;товар → vdf.by;Bi-LED и линзы;vdf.by;2;0;0;0;;0;0;;topvisor
светодиодные лампы в линзованные фары;товар → vdf.by;Bi-LED и линзы;vdf.by;2;0;0;0;;0;0;;topvisor
ставим светодиодные лампы в линзованные фары;товар → vdf.by;Bi-LED и линзы;vdf.by;2;0;0;0;;0;0;;topvisor
светодиодные лампы h7 в линзовой фары;товар → vdf.by;Bi-LED и линзы;vdf.by;1;0;0;0;;0;0;;topvisor
светодиодные лампы в линзовые фары;товар → vdf.by;Bi-LED и линзы;vdf.by;1;0;0;0;;0;0;;topvisor
би лед линзы;товар → vdf.by;Bi-LED и линзы;vdf.by;175;0;0;0;;0;0;;topvisor
би-лед линзы в авто законно ли ставить;товар → vdf.by;Bi-LED и линзы;vdf.by;0;0;0;0;;0;0;;topvisor
купить би лед линзы в фары 2.5 дюйма;товар → vdf.by;Bi-LED и линзы;vdf.by;0;0;0;0;;0;0;;topvisor
би лед линзы 3.0 дюйма купить;товар → vdf.by;Bi-LED и линзы;vdf.by;0;0;0;0;;0;0;;topvisor
bi-led линзы купить;товар → vdf.by;Bi-LED и линзы;vdf.by;1;0;0;0;;0;0;;topvisor
зоркий линзы би лед официальный сайт;товар → vdf.by;Bi-LED и линзы;vdf.by;0;0;0;0;;0;0;;topvisor
купить би лед линзы в фары 3 дюйма;товар → vdf.by;Bi-LED и линзы;vdf.by;0;0;0;0;;0;0;;topvisor
би лед линзы h4;товар → vdf.by;Bi-LED и линзы;vdf.by;10;0;0;0;;0;0;;topvisor
би лед линзы h4 какие лучше;товар → vdf.by;Bi-LED и линзы;vdf.by;0;0;0;0;;0;0;;topvisor
би лед линзы под гайку h4;товар → vdf.by;Bi-LED и линзы;vdf.by;0;0;0;0;;0;0;;topvisor
переходник h4 на би лед линзы;товар → vdf.by;Bi-LED и линзы;vdf.by;0;0;0;0;;0;0;;topvisor
мини би лед линзы h4 купить;товар → vdf.by;Bi-LED и линзы;vdf.by;0;0;0;0;;0;0;;topvisor
подключение би лед модулей в h4;товар → vdf.by;Bi-LED и линзы;vdf.by;0;0;0;0;;0;0;;topvisor
би лед линзы на шкода октавия тур а4;товар → vdf.by;Bi-LED и линзы;vdf.by;0;0;0;0;;0;0;;topvisor
би лед линзы солярис 1;товар → vdf.by;Bi-LED и линзы;vdf.by;0;0;0;0;;0;0;;topvisor
би лед линзы на солярис 1 рестайлинг;товар → vdf.by;Bi-LED и линзы;vdf.by;0;0;0;0;;0;0;;topvisor
би лед линзы на хендай солярис 1;товар → vdf.by;Bi-LED и линзы;vdf.by;0;0;0;0;;0;0;;topvisor
би лед линзы в солярис 1;товар → vdf.by;Bi-LED и линзы;vdf.by;0;0;0;0;;0;0;;topvisor
би лед линзы на ниссан кашкай j10;товар → vdf.by;Bi-LED и линзы;vdf.by;0;0;0;0;;0;0;;topvisor
би лед линзы на ниссан кашкай j10 рестайлинг;товар → vdf.by;Bi-LED и линзы;vdf.by;0;0;0;0;;0;0;;topvisor
би лед линзы 2.5;товар → vdf.by;Bi-LED и линзы;vdf.by;6;0;0;0;;0;0;;topvisor
би лед линзы 2.5 дюйма 4300к;товар → vdf.by;Bi-LED и линзы;vdf.by;0;0;0;0;;0;0;;topvisor
би лед линзы 2.5 дюйма aozoom;товар → vdf.by;Bi-LED и линзы;vdf.by;0;0;0;0;;0;0;;topvisor
би лед линзы 2.5 дюйма какие лучше;товар → vdf.by;Bi-LED и линзы;vdf.by;0;0;0;0;;0;0;;topvisor
би лед линзы 2.5 дюйма купить;товар → vdf.by;Bi-LED и линзы;vdf.by;0;0;0;0;;0;0;;topvisor
билет линзы 2.5 дюйма купить;товар → vdf.by;Bi-LED и линзы;vdf.by;0;0;0;0;;0;0;;topvisor
би лед модули 2.5 дюйма;товар → vdf.by;Bi-LED и линзы;vdf.by;0;0;0;0;;0;0;;topvisor
штрафы за би лед линзы в фары 2026;товар → vdf.by;Bi-LED и линзы;vdf.by;0;0;0;0;;0;0;;topvisor
линзы оптима 2.5 дюйма би лед;товар → vdf.by;Bi-LED и линзы;vdf.by;0;0;0;0;;0;0;;topvisor
би-лед линзы в авто;товар → vdf.by;Bi-LED и линзы;vdf.by;7;0;0;0;;0;0;;topvisor
би-лед линзы в авто отзывы автовладельцев;товар → vdf.by;Bi-LED и линзы;vdf.by;0;0;0;0;;0;0;;topvisor
би-лед линзы в авто h4;товар → vdf.by;Bi-LED и линзы;vdf.by;0;0;0;0;;0;0;;topvisor
би-лед линзы в авто законно ли устанавливать;товар → vdf.by;Bi-LED и линзы;vdf.by;0;0;0;0;;0;0;;topvisor
би лед линзы что это такое в автомобиле;товар → vdf.by;Bi-LED и линзы;vdf.by;0;0;0;0;;0;0;;topvisor
би лед линзы на киа рио 4;товар → vdf.by;Bi-LED и линзы;vdf.by;0;0;0;0;;0;0;;topvisor
bi led линзы в фары;товар → vdf.by;Bi-LED и линзы;vdf.by;10;0;0;0;;0;0;;topvisor
bi led линзы в фары что это;товар → vdf.by;Bi-LED и линзы;vdf.by;0;0;0;0;;0;0;;topvisor
bi led линзы в фары гибдд;товар → vdf.by;Bi-LED и линзы;vdf.by;0;0;0;0;;0;0;;topvisor
bi led линзы в фары h4;товар → vdf.by;Bi-LED и линзы;vdf.by;0;0;0;0;;0;0;;topvisor
bi led линзы в фары какие лучше;товар → vdf.by;Bi-LED и линзы;vdf.by;0;0;0;0;;0;0;;topvisor
разрешены ли bi led линзы в фары в казахстане;товар → vdf.by;Bi-LED и линзы;vdf.by;0;0;0;0;;0;0;;topvisor
билед линзы в фары законно или нет;товар → vdf.by;Bi-LED и линзы;vdf.by;0;0;0;0;;0;0;;topvisor
билед линзы в фары нива шевроле;товар → vdf.by;Bi-LED и линзы;vdf.by;0;0;0;0;;0;0;;topvisor
bi led линзы kia ceed jd;товар → vdf.by;Bi-LED и линзы;vdf.by;0;0;0;0;;0;0;;topvisor
bi led линзы 2.5 дюйма купить;товар → vdf.by;Bi-LED и линзы;vdf.by;0;0;0;0;;0;0;;topvisor
билет линзы купить;товар → vdf.by;Bi-LED и линзы;vdf.by;0;0;0;0;;0;0;;topvisor
bi led линзы 3.0 дюйма купить;товар → vdf.by;Bi-LED и линзы;vdf.by;0;0;0;0;;0;0;;topvisor
zmb bi led линзы купить;товар → vdf.by;Bi-LED и линзы;vdf.by;0;0;0;0;;0;0;;topvisor
купить bi led линзы;товар → vdf.by;Bi-LED и линзы;vdf.by;1;0;0;0;;0;0;;topvisor
bi led линзы aozoom;товар → vdf.by;Bi-LED и линзы;vdf.by;4;0;0;0;;0;0;;topvisor
bi led линзы aozoom k3;товар → vdf.by;Bi-LED и линзы;vdf.by;0;0;0;0;;0;0;;topvisor
bi led линзы aozoom a13;товар → vdf.by;Bi-LED и линзы;vdf.by;0;0;0;0;;0;0;;topvisor
билет линзы aozoom;товар → vdf.by;Bi-LED и линзы;vdf.by;0;0;0;0;;0;0;;topvisor
би лед линзы aozoom какие лучше выбрать;товар → vdf.by;Bi-LED и линзы;vdf.by;0;0;0;0;;0;0;;topvisor
azoom линзы bi led официальный сайт;товар → vdf.by;Bi-LED и линзы;vdf.by;0;0;0;0;;0;0;;topvisor
би лед линзы aozoom а13;товар → vdf.by;Bi-LED и линзы;vdf.by;0;0;0;0;;0;0;;topvisor
aozoom bi led линзы;товар → vdf.by;Bi-LED и линзы;vdf.by;0;0;0;0;;0;0;;topvisor
билед линзы 3.0 aozoom;товар → vdf.by;Bi-LED и линзы;vdf.by;0;0;0;0;;0;0;;topvisor
azoom линзы bi led a3 max;товар → vdf.by;Bi-LED и линзы;vdf.by;0;0;0;0;;0;0;;topvisor
bi led линзы 2.5 дюйма;товар → vdf.by;Bi-LED и линзы;vdf.by;0;0;0;0;;0;0;;topvisor
bi led линзы optima;товар → vdf.by;Bi-LED и линзы;vdf.by;5;0;0;0;;0;0;;topvisor
bi led линзы optima srt 3.0;товар → vdf.by;Bi-LED и линзы;vdf.by;0;0;0;0;;0;0;;topvisor
bi led линзы optima 3.0;товар → vdf.by;Bi-LED и линзы;vdf.by;5;0;0;0;;0;0;;topvisor
билед линзы optima;товар → vdf.by;Bi-LED и линзы;vdf.by;0;0;0;0;;0;0;;topvisor
bi led линзы оптима;товар → vdf.by;Bi-LED и линзы;vdf.by;0;0;0;0;;0;0;;topvisor
optima линзы bi led;товар → vdf.by;Bi-LED и линзы;vdf.by;5;0;0;0;;0;0;;topvisor
bi led линзы на киа рио 3;товар → vdf.by;Bi-LED и линзы;vdf.by;0;0;0;0;;0;0;;topvisor
билет модули купить;товар → vdf.by;Bi-LED и линзы;vdf.by;7;0;0;0;;0;0;;topvisor
купить билет модули;товар → vdf.by;Bi-LED и линзы;vdf.by;7;0;0;0;;0;0;;topvisor
купить билет модули в фары;товар → vdf.by;Bi-LED и линзы;vdf.by;1;0;0;0;;0;0;;topvisor
билет модули 2.5 дюйма купить;товар → vdf.by;Bi-LED и линзы;vdf.by;0;0;0;0;;0;0;;topvisor
билед модули 3.0 дюйма;товар → vdf.by;Bi-LED и линзы;vdf.by;0;0;0;0;;0;0;;topvisor
лед линзы 3.0 дюйма;товар → vdf.by;Bi-LED и линзы;vdf.by;0;0;0;0;;0;0;;topvisor
би лед линзы оптима 3.0 дюйма;товар → vdf.by;Bi-LED и линзы;vdf.by;0;0;0;0;;0;0;;topvisor
би лед линзы рейтинг лучших 3.0 дюйма;товар → vdf.by;Bi-LED и линзы;vdf.by;0;0;0;0;;0;0;;topvisor
би лед линзы оптима 3.0 дюйма купить;товар → vdf.by;Bi-LED и линзы;vdf.by;0;0;0;0;;0;0;;topvisor
лазерные би лед линзы 3.0 дюйма;товар → vdf.by;Bi-LED и линзы;vdf.by;0;0;0;0;;0;0;;topvisor
би лед линзы 3.0 дюйма рейтинг лучших;товар → vdf.by;Bi-LED и линзы;vdf.by;0;0;0;0;;0;0;;topvisor
би лед линзы 3.0 дюйма;товар → vdf.by;Bi-LED и линзы;vdf.by;0;0;0;0;;0;0;;topvisor
би лед модули в фары ваз 2107;товар → vdf.by;Bi-LED и линзы;vdf.by;0;0;0;0;;0;0;;topvisor
би лед модули в фары гранта фл;товар → vdf.by;Bi-LED и линзы;vdf.by;0;0;0;0;;0;0;;topvisor
би лед модули в фары ваз 2110;товар → vdf.by;Bi-LED и линзы;vdf.by;0;0;0;0;;0;0;;topvisor
би лед модули в фары рейтинг лучших;товар → vdf.by;Bi-LED и линзы;vdf.by;0;0;0;0;;0;0;;topvisor
би лед модули в фары веста;товар → vdf.by;Bi-LED и линзы;vdf.by;0;0;0;0;;0;0;;topvisor
билед модули что это такое;товар → vdf.by;Bi-LED и линзы;vdf.by;0;0;0;0;;0;0;;topvisor
билед модули aozoom k3 dragon knight new dk200;товар → vdf.by;Bi-LED и линзы;vdf.by;0;0;0;0;;0;0;;topvisor
билед модули aozoom gen5 laser;товар → vdf.by;Bi-LED и линзы;vdf.by;0;0;0;0;;0;0;;topvisor
билед модули aozoom mini-led h4 new 2025 мини линзы 6000k, 12v, 50/80w;товар → vdf.by;Bi-LED и линзы;vdf.by;0;0;0;0;;0;0;;topvisor
билед модули aozoom k7 dragon knight;товар → vdf.by;Bi-LED и линзы;vdf.by;0;0;0;0;;0;0;;topvisor
билед модули aozoom k3 dragon knight new dk200 iii поколение;товар → vdf.by;Bi-LED и линзы;vdf.by;0;0;0;0;;0;0;;topvisor
би лед модули aozoom;товар → vdf.by;Bi-LED и линзы;vdf.by;0;0;0;0;;0;0;;topvisor
билет модуль в фару купить;товар → vdf.by;Bi-LED и линзы;vdf.by;1;0;0;0;;0;0;;topvisor
билет модуль в фару h4;товар → vdf.by;Bi-LED и линзы;vdf.by;0;0;0;0;;0;0;;topvisor
билед линзы 2.5 дюйма;товар → vdf.by;Bi-LED и линзы;vdf.by;6;0;0;0;;0;0;;topvisor
би лед модуль 2.5 дюйма;товар → vdf.by;Bi-LED и линзы;vdf.by;0;0;0;0;;0;0;;topvisor
билед модули оптима;товар → vdf.by;Bi-LED и линзы;vdf.by;0;0;0;0;;0;0;;topvisor
би лед модули оптима 3 дюйма;товар → vdf.by;Bi-LED и линзы;vdf.by;0;0;0;0;;0;0;;topvisor
би лед модули оптима;товар → vdf.by;Bi-LED и линзы;vdf.by;1;0;0;0;;0;0;;topvisor
лед линзы оптима;товар → vdf.by;Bi-LED и линзы;vdf.by;0;0;0;0;;0;0;;topvisor
би лед линзы оптима;товар → vdf.by;Bi-LED и линзы;vdf.by;0;0;0;0;;0;0;;topvisor
линзы оптима фантом би лед;товар → vdf.by;Bi-LED и линзы;vdf.by;0;0;0;0;;0;0;;topvisor
би лед линзы оптима отзывы;товар → vdf.by;Bi-LED и линзы;vdf.by;0;0;0;0;;0;0;;topvisor
линзы би лед оптима;товар → vdf.by;Bi-LED и линзы;vdf.by;0;0;0;0;;0;0;;topvisor
биксеноновые линзы;товар → vdf.by;Bi-LED и линзы;vdf.by;5;0;0;0;;0;0;;topvisor
биксеноновые линзы bosch al 3r;товар → vdf.by;Bi-LED и линзы;vdf.by;0;0;0;0;;0;0;;topvisor
биксеноновые линзы hella 3;товар → vdf.by;Bi-LED и линзы;vdf.by;0;0;0;0;;0;0;;topvisor
биксеноновые линзы hella 3r;товар → vdf.by;Bi-LED и линзы;vdf.by;0;0;0;0;;0;0;;topvisor
биксеноновые линзы hella 3r 5r black edition;товар → vdf.by;Bi-LED и линзы;vdf.by;0;0;0;0;;0;0;;topvisor
hella 3r купить биксеноновые линзы;товар → vdf.by;Bi-LED и линзы;vdf.by;0;0;0;0;;0;0;;topvisor
линзы hella 3r биксеноновые;товар → vdf.by;Bi-LED и линзы;vdf.by;0;0;0;0;;0;0;;topvisor
биксеноновые линзы фрилендер 2;товар → vdf.by;Bi-LED и линзы;vdf.by;0;0;0;0;;0;0;;topvisor
биксеноновые линзы viper;товар → vdf.by;Bi-LED и линзы;vdf.by;0;0;0;0;;0;0;;topvisor
биксеноновые линзы h4;товар → vdf.by;Bi-LED и линзы;vdf.by;0;0;0;0;;0;0;;topvisor
биксеноновые линзы 3 дюйма;товар → vdf.by;Bi-LED и линзы;vdf.by;0;0;0;0;;0;0;;topvisor
ксеноновые линзы 3 дюйма;товар → vdf.by;Bi-LED и линзы;vdf.by;0;0;0;0;;0;0;;topvisor
биксеноновые линзы что это;товар → vdf.by;Bi-LED и линзы;vdf.by;0;0;0;0;;0;0;;topvisor
светодиодные лампы в фары с линзой;товар → vdf.by;Bi-LED и линзы;vdf.by;2;0;0;0;;0;0;;topvisor
можно ли ставить светодиодные лампы в фары с линзами;товар → vdf.by;Bi-LED и линзы;vdf.by;0;0;0;0;;0;0;;topvisor
светодиодные лампы в фары h4 с линзой;товар → vdf.by;Bi-LED и линзы;vdf.by;0;0;0;0;;0;0;;topvisor
led лампы h7 для линзованной оптики;товар → vdf.by;Bi-LED и линзы;vdf.by;0;0;0;0;;0;0;;topvisor
led лампы h7 в ближний свет с линзой;товар → vdf.by;Bi-LED и линзы;vdf.by;0;0;0;0;;0;0;;topvisor
led лампы h7 для линзованной оптики какие лучше;товар → vdf.by;Bi-LED и линзы;vdf.by;0;0;0;0;;0;0;;topvisor
лучшие лед лампы h7 для линзованной оптики;товар → vdf.by;Bi-LED и линзы;vdf.by;0;0;0;0;;0;0;;topvisor
плохо светят линзованные фары что делать;товар → vdf.by;Bi-LED и линзы;vdf.by;0;0;0;0;;0;0;;topvisor
led лампы;товар → vdf.by;LED-лампы;vdf.by;994;15;0;0;;0;0;;topvisor
led лампы h7 в ближний свет;товар → vdf.by;LED-лампы;vdf.by;12;7;0;0;;0;0;;topvisor
led лампа;товар → vdf.by;LED-лампы;vdf.by;759;5;0;0;;0;0;;topvisor
лед лампы купить;товар → vdf.by;LED-лампы;vdf.by;125;4;0;0;;0;0;;topvisor
led лампа купить;товар → vdf.by;LED-лампы;vdf.by;94;3;0;0;;0;0;;topvisor
led лампы h4;товар → vdf.by;LED-лампы;vdf.by;17;3;0;0;;0;0;;topvisor
led лампы h7;товар → vdf.by;LED-лампы;vdf.by;83;2;0;0;;0;0;;topvisor
купить led лампы;товар → vdf.by;LED-лампы;vdf.by;49;2;0;0;;0;0;;topvisor
в какие фары можно ставить светодиодные лампы;товар → vdf.by;LED-лампы;vdf.by;3;1;0;0;;0;0;;topvisor
как правильно ставить светодиодные лампы в фары;товар → vdf.by;LED-лампы;vdf.by;1;1;0;0;;0;0;;topvisor
led лампа h11;товар → vdf.by;LED-лампы;vdf.by;19;1;0;0;;0;0;;topvisor
led лампы hb3;товар → vdf.by;LED-лампы;vdf.by;3;1;0;0;;0;0;;topvisor
led лампы h7 купить;товар → vdf.by;LED-лампы;vdf.by;8;1;0;0;;0;0;;topvisor
led лампы купить;товар → vdf.by;LED-лампы;vdf.by;101;1;0;0;;0;0;;topvisor
купить led лампы h7;товар → vdf.by;LED-лампы;vdf.by;8;1;0;0;;0;0;;topvisor
можно ставить лампочки светодиодные в фары в ближний свет;товар → vdf.by;LED-лампы;vdf.by;;;2;0;6;0;0;;вебмастер
как называется такая фигня когда ты идешь светят фары машин или же лампы и у тебя они из за них плохо видно;товар → vdf.by;LED-лампы;vdf.by;;;2;0;5,5;0;0;;вебмастер
гольф светодиодная лампа в фару;товар → vdf.by;LED-лампы;vdf.by;10;0;0;0;;0;0;;topvisor
светодиодные лампы в фарах отзывы;товар → vdf.by;LED-лампы;vdf.by;9;0;0;0;;0;0;;topvisor
лучшие светодиодные лампы в фары;товар → vdf.by;LED-лампы;vdf.by;8;0;0;0;;0;0;;topvisor
светодиодная лампа вместо галогеновой в фару;товар → vdf.by;LED-лампы;vdf.by;8;0;0;0;;0;0;;topvisor
светодиодные лампы в галогеновые фары;товар → vdf.by;LED-лампы;vdf.by;8;0;0;0;;0;0;;topvisor
светодиодная лампа в фары авто;товар → vdf.by;LED-лампы;vdf.by;6;0;0;0;;0;0;;topvisor
светодиодная лампа в фару автомобиля;товар → vdf.by;LED-лампы;vdf.by;6;0;0;0;;0;0;;topvisor
лампы светодиодные для авто в головные фары;товар → vdf.by;LED-лампы;vdf.by;5;0;0;0;;0;0;;topvisor
светодиодные лампы в фары головного;товар → vdf.by;LED-лампы;vdf.by;5;0;0;0;;0;0;;topvisor
светодиодная лампа в фару купить;товар → vdf.by;LED-лампы;vdf.by;5;0;0;0;;0;0;;topvisor
какие лучше светодиодные лампы в фары;товар → vdf.by;LED-лампы;vdf.by;5;0;0;0;;0;0;;topvisor
светодиодные лампы в фары можно;товар → vdf.by;LED-лампы;vdf.by;5;0;0;0;;0;0;;topvisor
светодиодные лампы в фары h7;товар → vdf.by;LED-лампы;vdf.by;5;0;0;0;;0;0;;topvisor
светодиодные лампы в фары h4;товар → vdf.by;LED-лампы;vdf.by;4;0;0;0;;0;0;;topvisor
можно ставить светодиодные лампы в фары;товар → vdf.by;LED-лампы;vdf.by;4;0;0;0;;0;0;;topvisor
лучшая светодиодная лампа h4 в фару;товар → vdf.by;LED-лампы;vdf.by;3;0;0;0;;0;0;;topvisor
светодиодные лампы в фары соляриса;товар → vdf.by;LED-лампы;vdf.by;3;0;0;0;;0;0;;topvisor
какие светодиодные лампы ставить в фары;товар → vdf.by;LED-лампы;vdf.by;3;0;0;0;;0;0;;topvisor
купить светодиодные лампы в фары авто;товар → vdf.by;LED-лампы;vdf.by;3;0;0;0;;0;0;;topvisor
правильные светодиодные лампы в фары;товар → vdf.by;LED-лампы;vdf.by;2;0;0;0;;0;0;;topvisor
лампы в фары светодиодные h11;товар → vdf.by;LED-лампы;vdf.by;2;0;0;0;;0;0;;topvisor
светодиодные лампы в фары hb4;товар → vdf.by;LED-лампы;vdf.by;2;0;0;0;;0;0;;topvisor
купить светодиодные лампы н4 в фары;товар → vdf.by;LED-лампы;vdf.by;0;0;0;0;;0;0;;topvisor
можно ли светодиодные лампы в фары;товар → vdf.by;LED-лампы;vdf.by;2;0;0;0;;0;0;;topvisor
светодиодные лампы в фары вместо штатных;товар → vdf.by;LED-лампы;vdf.by;2;0;0;0;;0;0;;topvisor
светодиодные лампы в фары н4;товар → vdf.by;LED-лампы;vdf.by;2;0;0;0;;0;0;;topvisor
светодиодные лампы в штатные фары;товар → vdf.by;LED-лампы;vdf.by;2;0;0;0;;0;0;;topvisor
как ставить светодиодные лампы в фары;товар → vdf.by;LED-лампы;vdf.by;1;0;0;0;;0;0;;topvisor
светодиодная лампа в фару ближний свет;товар → vdf.by;LED-лампы;vdf.by;1;0;0;0;;0;0;;topvisor
светодиодные лампы в фары h7 купить;товар → vdf.by;LED-лампы;vdf.by;1;0;0;0;;0;0;;topvisor
светодиодные лампы в обычные фары;товар → vdf.by;LED-лампы;vdf.by;1;0;0;0;;0;0;;topvisor
светодиодные led лампы в фары;товар → vdf.by;LED-лампы;vdf.by;1;0;0;0;;0;0;;topvisor
светодиодные лампы в автомобильные фары;товар → vdf.by;LED-лампы;vdf.by;1;0;0;0;;0;0;;topvisor
светодиодные лампы в фары h1;товар → vdf.by;LED-лампы;vdf.by;1;0;0;0;;0;0;;topvisor
светодиодные лампы в фары h8;товар → vdf.by;LED-лампы;vdf.by;1;0;0;0;;0;0;;topvisor
светодиодные лампы led;товар → vdf.by;LED-лампы;vdf.by;199;0;0;0;;0;0;;topvisor
лампа led e27;товар → vdf.by;LED-лампы;vdf.by;80;0;0;0;;0;0;;topvisor
светодиодные лампы led e27;товар → vdf.by;LED-лампы;vdf.by;53;0;0;0;;0;0;;topvisor
led лампа свет;товар → vdf.by;LED-лампы;vdf.by;51;0;0;0;;0;0;;topvisor
лампы led w;товар → vdf.by;LED-лампы;vdf.by;45;0;0;0;;0;0;;topvisor
лампа led t8;товар → vdf.by;LED-лампы;vdf.by;42;0;0;0;;0;0;;topvisor
лампа led m;товар → vdf.by;LED-лампы;vdf.by;41;0;0;0;;0;0;;topvisor
лампа led белый;товар → vdf.by;LED-лампы;vdf.by;40;0;0;0;;0;0;;topvisor
лампа led g13;товар → vdf.by;LED-лампы;vdf.by;34;0;0;0;;0;0;;topvisor
светодиодные лампы led купить;товар → vdf.by;LED-лампы;vdf.by;40;0;0;0;;0;0;;topvisor
светильники led лампы;товар → vdf.by;LED-лампы;vdf.by;30;0;0;0;;0;0;;topvisor
led лампы 6500к;товар → vdf.by;LED-лампы;vdf.by;30;0;0;0;;0;0;;topvisor
лампа led 8w;товар → vdf.by;LED-лампы;vdf.by;29;0;0;0;;0;0;;topvisor
лампа in home led;товар → vdf.by;LED-лампы;vdf.by;28;0;0;0;;0;0;;topvisor
лампа led a60;товар → vdf.by;LED-лампы;vdf.by;27;0;0;0;;0;0;;topvisor
светодиодная лампа led a60;товар → vdf.by;LED-лампы;vdf.by;27;0;0;0;;0;0;;topvisor
led лампа ближнего света;товар → vdf.by;LED-лампы;vdf.by;27;0;0;0;;0;0;;topvisor
led лампы ближний;товар → vdf.by;LED-лампы;vdf.by;27;0;0;0;;0;0;;topvisor
led лампы 3000k;товар → vdf.by;LED-лампы;vdf.by;27;0;0;0;;0;0;;topvisor
лампа led 12;товар → vdf.by;LED-лампы;vdf.by;26;0;0;0;;0;0;;topvisor
светодиодная лампа in home led;товар → vdf.by;LED-лампы;vdf.by;26;0;0;0;;0;0;;topvisor
led лампы 6500;товар → vdf.by;LED-лампы;vdf.by;25;0;0;0;;0;0;;topvisor
лампа светодиодная led t8;товар → vdf.by;LED-лампы;vdf.by;25;0;0;0;;0;0;;topvisor
led лампы e27 a60;товар → vdf.by;LED-лампы;vdf.by;25;0;0;0;;0;0;;topvisor
лампа светодиодная led a60 e27;товар → vdf.by;LED-лампы;vdf.by;25;0;0;0;;0;0;;topvisor
светодиодные лампы led m;товар → vdf.by;LED-лампы;vdf.by;24;0;0;0;;0;0;;topvisor
led лампы 4000k;товар → vdf.by;LED-лампы;vdf.by;24;0;0;0;;0;0;;topvisor
лампа led 5w;товар → vdf.by;LED-лампы;vdf.by;24;0;0;0;;0;0;;topvisor
2 led лампы;товар → vdf.by;LED-лампы;vdf.by;23;0;0;0;;0;0;;topvisor
лампа led gx53;товар → vdf.by;LED-лампы;vdf.by;20;0;0;0;;0;0;;topvisor
led лампы купить минск;товар → vdf.by;LED-лампы;vdf.by;52;0;0;0;;0;0;;topvisor
uv led лампа;товар → vdf.by;LED-лампы;vdf.by;22;0;0;0;;0;0;;topvisor
лампа led t8 g13;товар → vdf.by;LED-лампы;vdf.by;22;0;0;0;;0;0;;topvisor
лампа led t5;товар → vdf.by;LED-лампы;vdf.by;20;0;0;0;;0;0;;topvisor
led лампы в фары;товар → vdf.by;LED-лампы;vdf.by;20;0;0;0;;0;0;;topvisor
led вместо ламп;товар → vdf.by;LED-лампы;vdf.by;19;0;0;0;;0;0;;topvisor
led лампы 6500k;товар → vdf.by;LED-лампы;vdf.by;18;0;0;0;;0;0;;topvisor
лампа светодиодная led vc;товар → vdf.by;LED-лампы;vdf.by;17;0;0;0;;0;0;;topvisor
лампа вытяжки led;товар → vdf.by;LED-лампы;vdf.by;17;0;0;0;;0;0;;topvisor
светодиодные лампы в фары;товар → vdf.by;LED-лампы;vdf.by;67;0;0;0;;0;0;;topvisor
светодиодные лампы в фары запрещены или нет;товар → vdf.by;LED-лампы;vdf.by;0;0;0;0;;0;0;;topvisor
светодиодные лампы в фары запрещены или нет 2026;товар → vdf.by;LED-лампы;vdf.by;0;0;0;0;;0;0;;topvisor
светодиодные лампы в фары запрещены или нет 2025;товар → vdf.by;LED-лампы;vdf.by;0;0;0;0;;0;0;;topvisor
светодиодные лампы в фары запрещены или нет 2026 году;товар → vdf.by;LED-лампы;vdf.by;0;0;0;0;;0;0;;topvisor
светодиодные лампы в фары ваз 2115;товар → vdf.by;LED-лампы;vdf.by;0;0;0;0;;0;0;;topvisor
светодиодные лампы в фары шевроле лачетти;товар → vdf.by;LED-лампы;vdf.by;0;0;0;0;;0;0;;topvisor
светодиодные лампы в фары ваз 2107;товар → vdf.by;LED-лампы;vdf.by;0;0;0;0;;0;0;;topvisor
можно ли ставить светодиодные лампы в фары ваз 2107;товар → vdf.by;LED-лампы;vdf.by;0;0;0;0;;0;0;;topvisor
светодиодные лампы в фары нива легенд;товар → vdf.by;LED-лампы;vdf.by;0;0;0;0;;0;0;;topvisor
светодиодные лампы в фары ваз 2110;товар → vdf.by;LED-лампы;vdf.by;0;0;0;0;;0;0;;topvisor
светодиодные лампы в фары сузуки гранд витара;товар → vdf.by;LED-лампы;vdf.by;0;0;0;0;;0;0;;topvisor
светодиодные лампы в фары уаз патриот;товар → vdf.by;LED-лампы;vdf.by;0;0;0;0;;0;0;;topvisor
led лампы h7 в дальний свет;товар → vdf.by;LED-лампы;vdf.by;0;0;0;0;;0;0;;topvisor
led лампы h7 4300k;товар → vdf.by;LED-лампы;vdf.by;1;0;0;0;;0;0;;topvisor
led лампы h7 osram;товар → vdf.by;LED-лампы;vdf.by;0;0;0;0;;0;0;;topvisor
led лампы h7 philips;товар → vdf.by;LED-лампы;vdf.by;2;0;0;0;;0;0;;topvisor
led лампы h7 mtf;товар → vdf.by;LED-лампы;vdf.by;2;0;0;0;;0;0;;topvisor
led лампы h7 с обманкой;товар → vdf.by;LED-лампы;vdf.by;2;0;0;0;;0;0;;topvisor
led лампы h7 в ближний свет лада веста;товар → vdf.by;LED-лампы;vdf.by;1;0;0;0;;0;0;;topvisor
led лампы h7 в ближний свет какие лучше;товар → vdf.by;LED-лампы;vdf.by;0;0;0;0;;0;0;;topvisor
как правильно устанавливать лед лампы h7 в ближний свет;товар → vdf.by;LED-лампы;vdf.by;0;0;0;0;;0;0;;topvisor
led лампы h1 купить;товар → vdf.by;LED-лампы;vdf.by;0;0;0;0;;0;0;;topvisor
купить блок питания для led лампы;товар → vdf.by;LED-лампы;vdf.by;0;0;0;0;;0;0;;topvisor
led лампы h4 для автомобиля купить;товар → vdf.by;LED-лампы;vdf.by;0;0;0;0;;0;0;;topvisor
купить лед лампы н4 для авто;товар → vdf.by;LED-лампы;vdf.by;0;0;0;0;;0;0;;topvisor
k6c led лампы h7 купить;товар → vdf.by;LED-лампы;vdf.by;0;0;0;0;;0;0;;topvisor
купить лед лампы н4 для авто на озон;товар → vdf.by;LED-лампы;vdf.by;0;0;0;0;;0;0;;topvisor
led лампы что это такое;товар → vdf.by;LED-лампы;vdf.by;0;0;0;0;;0;0;;topvisor
лед лампы что это такое;товар → vdf.by;LED-лампы;vdf.by;0;0;0;0;;0;0;;topvisor
led лампы для маникюра;товар → vdf.by;LED-лампы;vdf.by;9;0;0;0;;0;0;;topvisor
led лампа для маникюра купить;товар → vdf.by;LED-лампы;vdf.by;2;0;0;0;;0;0;;topvisor
лед лампы для маникюра;товар → vdf.by;LED-лампы;vdf.by;9;0;0;0;;0;0;;topvisor
led лампа для маникюра;товар → vdf.by;LED-лампы;vdf.by;28;0;0;0;;0;0;;topvisor
led лампа для маникюра какую выбрать;товар → vdf.by;LED-лампы;vdf.by;0;0;0;0;;0;0;;topvisor
лампа led для маникюра;товар → vdf.by;LED-лампы;vdf.by;9;0;0;0;;0;0;;topvisor
срок службы лед лампы для маникюра;товар → vdf.by;LED-лампы;vdf.by;0;0;0;0;;0;0;;topvisor
led лампа для маникюра это;товар → vdf.by;LED-лампы;vdf.by;0;0;0;0;;0;0;;topvisor
led лампы на форд фокус 3;товар → vdf.by;LED-лампы;vdf.by;0;0;0;0;;0;0;;topvisor
лед лампы на форд фокус 3 ближний свет;товар → vdf.by;LED-лампы;vdf.by;0;0;0;0;;0;0;;topvisor
переходник на лед лампы h7 форд фокус 3;товар → vdf.by;LED-лампы;vdf.by;0;0;0;0;;0;0;;topvisor
как прописать лед лампы на форд фокус 3;товар → vdf.by;LED-лампы;vdf.by;0;0;0;0;;0;0;;topvisor
лед лампы h7 на форд фокус 3;товар → vdf.by;LED-лампы;vdf.by;0;0;0;0;;0;0;;topvisor
как активировать лед лампы на форд фокус 3;товар → vdf.by;LED-лампы;vdf.by;0;0;0;0;;0;0;;topvisor
лед лампы на форд фокус 3;товар → vdf.by;LED-лампы;vdf.by;0;0;0;0;;0;0;;topvisor
лед лампы h1 купить;товар → vdf.by;LED-лампы;vdf.by;1;0;0;0;;0;0;;topvisor
лед лампы h1 для автомобильных фар купить;товар → vdf.by;LED-лампы;vdf.by;0;0;0;0;;0;0;;topvisor
led лампы toyota mark 2;товар → vdf.by;LED-лампы;vdf.by;0;0;0;0;;0;0;;topvisor
ремонт фар в минске онликс;чужой бренд;—;;;;126;0;3,1;0;0;;вебмастер
ремонт фар в минске onlix;чужой бренд;—;;;;116;0;4;0;0;;вебмастер
ремонт фар в минске onlix by;чужой бренд;—;;;;105;0;6,6;0;0;;вебмастер
замена автоламп dasto;чужой бренд;—;;;;11;0;4,2;0;0;;вебмастер
восстановление фар armocar;чужой бренд;—;;;;10;0;12,9;0;0;;вебмастер
полировка и оклейка фар цена armocar;чужой бренд;—;;;;10;0;8,4;0;0;;вебмастер
atom tuning by;чужой бренд;—;;;;10;0;9,4;0;0;;вебмастер
okleyka.pro полировка фар автомобиля;чужой бренд;—;;;;9;0;18,7;0;0;;вебмастер
полировка фар перед оклейкой пленкой armocar;чужой бренд;—;;;;9;0;10,7;0;0;;вебмастер
полировка и восстановление фар armocar;чужой бренд;—;;;;9;0;13,7;0;0;;вебмастер
оклейка фар пленкой armocar;чужой бренд;—;;;;9;0;11,2;0;0;;вебмастер
полировка фар автомобиля okleyka.pro;чужой бренд;—;;;;9;0;18,4;0;0;;вебмастер
полировка защита фар armocar;чужой бренд;—;;;;9;0;12,4;0;0;;вебмастер
удаление помутнения фар armocar;чужой бренд;—;;;;9;0;13,7;0;0;;вебмастер
восстановление и защита фар armocar;чужой бренд;—;;;;9;0;10,8;0;0;;вебмастер
восстановление фар минск armocar;чужой бренд;—;;;;8;0;9;0;0;;вебмастер
полировка фар с защитной пленкой armocar;чужой бренд;—;;;;8;0;10,6;0;0;;вебмастер
okleyka.pro полировка фар цена;чужой бренд;—;;;;8;0;18,1;0;0;;вебмастер
оклейка фар автомобиля armocar;чужой бренд;—;;;;8;0;8,3;0;0;;вебмастер
полировка фар okleyka.pro;чужой бренд;—;;;;7;0;19,7;0;0;;вебмастер
полировка фар бронепленка armocar;чужой бренд;—;;;;7;0;13;0;0;;вебмастер
полировка фар и оклейка пленкой цена armocar;чужой бренд;—;;;;7;0;10,6;0;0;;вебмастер
восстановление автомобильных фар armocar;чужой бренд;—;;;;7;0;13,4;0;0;;вебмастер
восстановление помутневших фар armocar;чужой бренд;—;;;;7;0;17,4;0;0;;вебмастер
полировка фар под пленку armocar;чужой бренд;—;;;;6;0;14,5;0;0;;вебмастер
фара он минск;чужой бренд;—;;;;6;0;7,5;0;0;;вебмастер
полировка оптики armocar;чужой бренд;—;;;;6;0;9,7;0;0;;вебмастер
полировка фар сколько armocar;чужой бренд;—;;;;6;0;17,2;0;0;;вебмастер
okleyka.pro полировка фар;чужой бренд;—;;;;6;0;19,5;0;0;;вебмастер
оклейка пленкой фар автомобиля armocar;чужой бренд;—;;;;6;0;15,8;0;0;;вебмастер
оклейка задних фар armocar;чужой бренд;—;;;;6;0;18;0;0;;вебмастер
бронирование фар цена минск armocar;чужой бренд;—;;;;5;0;11,4;0;0;;вебмастер
защита фар от царапин armocar;чужой бренд;—;;;;5;0;18,6;0;0;;вебмастер
защита фар mercedes okleyka.pro;чужой бренд;—;;;;5;0;19,6;0;0;;вебмастер
полировка фар от царапин armocar;чужой бренд;—;;;;5;0;16,6;0;0;;вебмастер
замена автоламп дасто;чужой бренд;—;;;;5;0;7,8;0;0;;вебмастер
полировка и бронирование фар минск armocar;чужой бренд;—;;;;5;0;6,8;0;0;;вебмастер
полировка фар в минске armocar;чужой бренд;—;;;;5;0;10,4;0;0;;вебмастер
оклейка бронь пленкой фар armocar;чужой бренд;—;;;;5;0;6,6;0;0;;вебмастер
полировка и оклейка фар armocar;чужой бренд;—;;;;5;0;8,4;0;0;;вебмастер
полировка фар автомобиля цена armocar;чужой бренд;—;;;;4;0;8,5;0;0;;вебмастер
полировка фар armocar;чужой бренд;—;;;;4;0;16,3;0;0;;вебмастер
полировка и оклейка фар пленкой в минске armocar;чужой бренд;—;;;;4;0;7,5;0;0;;вебмастер
полировка фар и оклейка пленкой armocar;чужой бренд;—;;;;4;0;10,3;0;0;;вебмастер
восстановление прозрачности фар минск armocar;чужой бренд;—;;;;4;0;13,5;0;0;;вебмастер
полировка фар и пленка минск armocar;чужой бренд;—;;;;4;0;9,3;0;0;;вебмастер
оклейка фар минск armocar;чужой бренд;—;;;;4;0;7;0;0;;вебмастер
оклейка фар пленкой цена armocar;чужой бренд;—;;;;4;0;13,8;0;0;;вебмастер
полировка фар автомобиля armocar;чужой бренд;—;;;;4;0;16;0;0;;вебмастер
полировка фар автомобиля в минске armocar;чужой бренд;—;;;;4;0;6,8;0;0;;вебмастер
полировка фар с бронированием пленкой armocar;чужой бренд;—;;;;4;0;10;0;0;;вебмастер
полировка фар пленка авто armocar;чужой бренд;—;;;;4;0;14,3;0;0;;вебмастер
бронирование фар минск armocar;чужой бренд;—;;;;3;0;5,7;0;0;;вебмастер
полировка и оклейка фар бронепленкой armocar;чужой бренд;—;;;;3;0;7,3;0;0;;вебмастер
полировка фар пленка armocar;чужой бренд;—;;;;3;0;11,3;0;0;;вебмастер
полировка фар в минске цены armocar;чужой бренд;—;;;;3;0;14;0;0;;вебмастер
защита фар хавал okleyka.pro;чужой бренд;—;;;;3;0;18,3;0;0;;вебмастер
бронирование фар цена armocar;чужой бренд;—;;;;3;0;9,7;0;0;;вебмастер
оклейка фар броней armocar;чужой бренд;—;;;;3;0;4,7;0;0;;вебмастер
оклейка фар пленкой минск armocar;чужой бренд;—;;;;3;0;9;0;0;;вебмастер
оклейка фар полиуретановой пленкой armocar;чужой бренд;—;;;;3;0;15;0;0;;вебмастер
атом тюнинг бай;чужой бренд;—;;;;3;0;9,3;0;0;;вебмастер
оклейка оптики armocar;чужой бренд;—;;;;3;0;18,3;0;0;;вебмастер
атом тюнинг.бай;чужой бренд;—;;;;2;0;10;0;0;;вебмастер
оклейка фар armocar;чужой бренд;—;;;;2;0;4;0;0;;вебмастер
оклейка фар цена armocar;чужой бренд;—;;;;2;0;9;0;0;;вебмастер
бронирование фар пленкой минск armocar;чужой бренд;—;;;;2;0;7;0;0;;вебмастер
полировка фар минск armocar;чужой бренд;—;;;;2;0;6,5;0;0;;вебмастер
okleyka.pro защита фар хавал;чужой бренд;—;;;;2;0;19,5;0;0;;вебмастер
ledfar.by;чужой бренд;—;;;;1;0;5;0;0;;вебмастер
регулировка фар гомель;другой город;—;;10;10;0;0;;0;0;;topvisor
автосвет новороссийск автомагазин;другой город;—;;7;7;0;0;;0;0;;topvisor
автосвет арзамас магазин;другой город;—;;5;5;0;0;;0;0;;topvisor
лаборатория автосвета фф казань;другой город;—;;5;5;0;0;;0;0;;topvisor
полировка фар цена в москве;другой город;—;;3;3;0;0;;0;0;;topvisor
автосвет ангарск;другой город;—;;2;2;0;0;;0;0;;topvisor
автосвет омск;другой город;—;;2;2;0;0;;0;0;;topvisor
автосвет гродно;другой город;—;;2;2;0;0;;0;0;;topvisor
установка билед линз в фары в москве;другой город;—;;1;1;0;0;;0;0;;topvisor
установка би лед линз в фары москва;другой город;—;;1;1;0;0;;0;0;;topvisor
замена линз в фарах в москве;другой город;—;;2;1;0;0;;0;0;;topvisor
восстановление фары пластиковой передние в djimsiti rain в пинске;другой город;—;;;;2;0;4;0;0;;вебмастер
bi-led для ауди а8 д3 установить в бобруйске;другой город;—;;;;2;0;11,5;0;0;;вебмастер
установка билед модулей в фары в витебске;другой город;—;;;;2;0;21;0;0;;вебмастер
полировка фар в пинске цены;другой город;—;;;;1;0;14;0;0;;вебмастер
автосвет киржач;другой город;—;;;;0;0;;1;0;43;search console
полировка фар гродно;другой город;—;;;;0;0;;1;0;4;search console
регулировка фар могилев;другой город;—;;;;0;0;;1;0;38;search console
установка би лед модулей могилев;другой город;—;;;;0;0;;1;0;44;search console
запотевание фар спб;другой город;—;;1;0;0;0;;0;0;;topvisor
установка линз в фары москва;другой город;—;;2;0;0;0;;0;0;;topvisor
установка лед линз в фары москва;другой город;—;;1;0;0;0;;0;0;;topvisor
автосвет новороссийск;другой город;—;;7;0;0;0;;0;0;;topvisor
автосвет ярославль;другой город;—;;6;0;0;0;;0;0;;topvisor
автосвет ярославль фрунзе;другой город;—;;6;0;0;0;;0;0;;topvisor
автосвет арзамас;другой город;—;;5;0;0;0;;0;0;;topvisor
автосвет казань;другой город;—;;5;0;0;0;;0;0;;topvisor
студия автосвета ярославль;другой город;—;;3;0;0;0;;0;0;;topvisor
автосвет томск;другой город;—;;2;0;0;0;;0;0;;topvisor
ремонт фары автомобиля в москве;другой город;—;;0;0;0;0;;0;0;;topvisor
ремонт фар автомобиля в москве свао;другой город;—;;0;0;0;0;;0;0;;topvisor
ремонт фар в москве автомобиля;другой город;—;;0;0;0;0;;0;0;;topvisor
ремонт ксеноновых фар в москве;другой город;—;;0;0;0;0;;0;0;;topvisor
ремонт и тюнинг фар в москве;другой город;—;;0;0;0;0;;0;0;;topvisor
ремонт фар автомобиля в москве;другой город;—;;0;0;0;0;;0;0;;topvisor
ремонт фар автомобиля в москве юзао;другой город;—;;0;0;0;0;;0;0;;topvisor
ремонт запотевания фар в москве;другой город;—;;0;0;0;0;;0;0;;topvisor
ремонт фар автомобиля в москве вао;другой город;—;;0;0;0;0;;0;0;;topvisor
ремонт фар от запотевания в москве;другой город;—;;0;0;0;0;;0;0;;topvisor
ремонт фар от запотевания спб;другой город;—;;0;0;0;0;;0;0;;topvisor
ремонт фар бмв москва;другой город;—;;0;0;0;0;;0;0;;topvisor
ремонт фар бмв в спб;другой город;—;;0;0;0;0;;0;0;;topvisor
ремонт фары автомобиля в спб;другой город;—;;0;0;0;0;;0;0;;topvisor
ремонт фары автомобиля в спб рядом со мной;другой город;—;;0;0;0;0;;0;0;;topvisor
ремонт фар в спб приморский район;другой город;—;;0;0;0;0;;0;0;;topvisor
ремонт фар в спб выборгский район;другой город;—;;0;0;0;0;;0;0;;topvisor
ремонт фар в спб красносельский район;другой город;—;;0;0;0;0;;0;0;;topvisor
ксенон 78 ремонт фар в спб;другой город;—;;0;0;0;0;;0;0;;topvisor
ремонт фар в спб невский район;другой город;—;;0;0;0;0;;0;0;;topvisor
ремонт лед фар в спб;другой город;—;;0;0;0;0;;0;0;;topvisor
ремонт и тюнинг фар в спб;другой город;—;;0;0;0;0;;0;0;;topvisor
восстановление фар автомобиля москва;другой город;—;;0;0;0;0;;0;0;;topvisor
восстановление фар автомобиля спб;другой город;—;;0;0;0;0;;0;0;;topvisor
восстановление фар автомобиля москва цена;другой город;—;;0;0;0;0;;0;0;;topvisor
восстановление фар в спб;другой город;—;;0;0;0;0;;0;0;;topvisor
восстановление фар спб;другой город;—;;0;0;0;0;;0;0;;topvisor
восстановление фар в ростове на дону;другой город;—;;0;0;0;0;;0;0;;topvisor
ремонт крепления фары в москве;другой город;—;;0;0;0;0;;0;0;;topvisor
полировка фар цена екатеринбург;другой город;—;;0;0;0;0;;0;0;;topvisor
полировка фар цена воронеж;другой город;—;;0;0;0;0;;0;0;;topvisor
полировка фар цена краснодар;другой город;—;;0;0;0;0;;0;0;;topvisor
полировка фар цена в спб;другой город;—;;0;0;0;0;;0;0;;topvisor
полировка фар цена новосибирск;другой город;—;;1;0;0;0;;0;0;;topvisor
бронирование фар пленкой в екатеринбурге;другой город;—;;0;0;0;0;;0;0;;topvisor
бронирование фар пленкой в спб;другой город;—;;0;0;0;0;;0;0;;topvisor
бронирование фар пленкой цена в москве;другой город;—;;0;0;0;0;;0;0;;topvisor
бронирование фар пленкой цена в ростове на дону;другой город;—;;0;0;0;0;;0;0;;topvisor
бронирование фар пленкой цена в нижнем новгороде;другой город;—;;0;0;0;0;;0;0;;topvisor
бронирование фар пленкой цена в москве рядом со мной;другой город;—;;0;0;0;0;;0;0;;topvisor
бронирование фар в краснодаре пленкой цена;другой город;—;;0;0;0;0;;0;0;;topvisor
забронировать фары пленкой в спб цена;другой город;—;;0;0;0;0;;0;0;;topvisor
бронирование фар в новосибирске;другой город;—;;0;0;0;0;;0;0;;topvisor
бронирование фар в новосибирске цена;другой город;—;;0;0;0;0;;0;0;;topvisor
бронирование фар казань;другой город;—;;0;0;0;0;;0;0;;topvisor
бронирование фар пленкой в спб цена;другой город;—;;0;0;0;0;;0;0;;topvisor
оклейка фар бронепленкой цена в москве;другой город;—;;0;0;0;0;;0;0;;topvisor
оклейка фар пленкой цена в москве;другой город;—;;0;0;0;0;;0;0;;topvisor
оклейка фар защитной пленкой в москве цена;другой город;—;;0;0;0;0;;0;0;;topvisor
оклейка фар бронепленкой нижний новгород;другой город;—;;0;0;0;0;;0;0;;topvisor
оклейка фар бронепленкой екатеринбург;другой город;—;;0;0;0;0;;0;0;;topvisor
оклейка фар в бронепленку екатеринбург;другой город;—;;0;0;0;0;;0;0;;topvisor
оклейка фар защитной пленкой в спб;другой город;—;;0;0;0;0;;0;0;;topvisor
оклейка фар защитной пленкой в москве;другой город;—;;0;0;0;0;;0;0;;topvisor
оклейка фар защитной пленкой в спб цена;другой город;—;;0;0;0;0;;0;0;;topvisor
запотевание фар ремонт москва;другой город;—;;0;0;0;0;;0;0;;topvisor
герметизация фар автомобиля в москве;другой город;—;;0;0;0;0;;0;0;;topvisor
герметизация фар екатеринбург;другой город;—;;0;0;0;0;;0;0;;topvisor
би лед линзы купить в спб;другой город;—;;0;0;0;0;;0;0;;topvisor
би лед линзы купить в екатеринбурге;другой город;—;;0;0;0;0;;0;0;;topvisor
би лед линзы купить в новосибирске;другой город;—;;0;0;0;0;;0;0;;topvisor
bi led линзы разрешены или нет в россии;другой город;—;;0;0;0;0;;0;0;;topvisor
установка линз в фары ваз 2110 киржач;другой город;—;;0;0;0;0;;0;0;;topvisor
установка би лед линз в фары ваз 2110 киржач;другой город;—;;0;0;0;0;;0;0;;topvisor
установка линз в фары ростов на дону;другой город;—;;0;0;0;0;;0;0;;topvisor
установка би лед линз в фары ростов на дону;другой город;—;;0;0;0;0;;0;0;;topvisor
блок розжига ксенона купить в новосибирске;другой город;—;;0;0;0;0;;0;0;;topvisor
ретрофит фар москва;другой город;—;;0;0;0;0;;0;0;;topvisor
ремонт светодиодных фар автомобиля в москве;другой город;—;;0;0;0;0;;0;0;;topvisor
ремонт светодиодных фар автомобиля в спб;другой город;—;;0;0;0;0;;0;0;;topvisor
восстановление отражателей фар в спб;другой город;—;;0;0;0;0;;0;0;;topvisor
восстановление отражателей фар в москве цена;другой город;—;;0;0;0;0;;0;0;;topvisor
восстановление отражателей фар в новосибирске;другой город;—;;0;0;0;0;;0;0;;topvisor
восстановление отражателей фар в москве;другой город;—;;0;0;0;0;;0;0;;topvisor
восстановление отражателей фар екатеринбург;другой город;—;;0;0;0;0;;0;0;;topvisor
восстановление отражателей фар в екатеринбурге;другой город;—;;0;0;0;0;;0;0;;topvisor
мойка фар изнутри казанское ш 12;другой город;—;;0;0;0;0;;0;0;;topvisor
ремонт задних фонарей автомобиля в спб;другой город;—;;0;0;0;0;;0;0;;topvisor
ремонт задних фонарей автомобиля в москве;другой город;—;;0;0;0;0;;0;0;;topvisor
противотуманные фары купить в новосибирске;другой город;—;;0;0;0;0;;0;0;;topvisor
тюнинг фар нижний новгород;другой город;—;;0;0;0;0;;0;0;;topvisor
замена линз в фарах цена в москве;другой город;—;;0;0;0;0;;0;0;;topvisor
замена линз в фарах цена в москве и московской области;другой город;—;;0;0;0;0;;0;0;;topvisor
автосвет воронеж;другой город;—;;0;0;0;0;;0;0;;topvisor
автосвет воронеж ленинский проспект 15;другой город;—;;0;0;0;0;;0;0;;topvisor
автосвет воронеж ленинский;другой город;—;;0;0;0;0;;0;0;;topvisor
автосвет воронеж дорожная;другой город;—;;0;0;0;0;;0;0;;topvisor
автосвет воронеж ленинский проспект 213;другой город;—;;0;0;0;0;;0;0;;topvisor
автосвет воронеж магазин;другой город;—;;0;0;0;0;;0;0;;topvisor
автосвет воронеж краснознаменная;другой город;—;;0;0;0;0;;0;0;;topvisor
автосвет воронеж ленинградская;другой город;—;;0;0;0;0;;0;0;;topvisor
автосвет воронеж адреса;другой город;—;;0;0;0;0;;0;0;;topvisor
автосвет воронеж ленинский проспект 15 телефон магазин автозапчастей;другой город;—;;0;0;0;0;;0;0;;topvisor
автосвет калининград;другой город;—;;0;0;0;0;;0;0;;topvisor
автосвет калининград старопрегольская;другой город;—;;0;0;0;0;;0;0;;topvisor
калининград старопрегольская набережная 10а автосвет;другой город;—;;0;0;0;0;;0;0;;topvisor
автосвет в калининграде;другой город;—;;0;0;0;0;;0;0;;topvisor
автосвет 39 калининград;другой город;—;;0;0;0;0;;0;0;;topvisor
магазин автосвет в калининграде;другой город;—;;0;0;0;0;;0;0;;topvisor
автосвет калининград старопрегольская телефон;другой город;—;;0;0;0;0;;0;0;;topvisor
автосвет ростов;другой город;—;;0;0;0;0;;0;0;;topvisor
автосвет ростов на дону стачки 251;другой город;—;;0;0;0;0;;0;0;;topvisor
автосвет ростов на дону нансена;другой город;—;;0;0;0;0;;0;0;;topvisor
автосвет ростов на дону;другой город;—;;0;0;0;0;;0;0;;topvisor
автосвет ростов на дону ленина;другой город;—;;0;0;0;0;;0;0;;topvisor
автосвет ростов на дону стачки;другой город;—;;0;0;0;0;;0;0;;topvisor
автосвет ростов на дону стачки 251 каталог товаров;другой город;—;;0;0;0;0;;0;0;;topvisor
автосвет ростов на дону магазин;другой город;—;;0;0;0;0;;0;0;;topvisor
автосвет ростов на дону рядом со мной;другой город;—;;0;0;0;0;;0;0;;topvisor
магазин автосвет в ростове на дону;другой город;—;;0;0;0;0;;0;0;;topvisor
разборка фары ваз 2110 киржач;другой город;—;;0;0;0;0;;0;0;;topvisor
полировка фар своими руками;своими руками / не наше;—;;56;12;0;0;;0;0;;topvisor
полировка фар своими руками в домашних условиях;своими руками / не наше;—;;14;11;0;0;;0;0;;topvisor
toyota corolla cross отключаем автосвет;своими руками / не наше;—;;10;10;0;0;;0;0;;topvisor
химическая полировка фар своими руками;своими руками / не наше;—;;9;7;0;0;;0;0;;topvisor
как прозвонить блок розжига ксенона мультиметром;своими руками / не наше;—;;10;7;0;0;;0;0;;topvisor
схема автоматического управления автосветом;своими руками / не наше;—;;9;6;0;0;;0;0;;topvisor
схема автоматического выключения автосвета;своими руками / не наше;—;;6;6;0;0;;0;0;;topvisor
настольная лампа led;своими руками / не наше;—;;89;5;0;0;;0;0;;topvisor
как включить противотуманные фары;своими руками / не наше;—;;61;5;0;0;;0;0;;topvisor
полировка фар автомобиля своими руками;своими руками / не наше;—;;7;5;0;0;;0;0;;topvisor
схема подключения би лед линз;своими руками / не наше;—;;4;4;0;0;;0;0;;topvisor
как включить автосвет мазда 6 гг;своими руками / не наше;—;;3;3;0;0;;0;0;;topvisor
восстановление отражателей фар своими руками;своими руками / не наше;—;;6;3;0;0;;0;0;;topvisor
восстановление отражателя фары своими руками;своими руками / не наше;—;;6;3;0;0;;0;0;;topvisor
восстановление отражателя фар своими руками;своими руками / не наше;—;;6;3;0;0;;0;0;;topvisor
регулировка фар своими руками;своими руками / не наше;—;;22;2;0;0;;0;0;;topvisor
установка билед модулей в фары своими руками;своими руками / не наше;—;;5;2;0;0;;0;0;;topvisor
полировка фар своими руками в домашних условиях шуруповертом видео для начинающих;своими руками / не наше;—;;2;2;0;0;;0;0;;topvisor
как снять противотуманную фару;своими руками / не наше;—;;42;1;0;0;;0;0;;topvisor
полировка фар своими руками в домашних условиях видео;своими руками / не наше;—;;3;1;0;0;;0;0;;topvisor
оклейка фар бронепленкой своими руками;своими руками / не наше;—;;3;1;0;0;;0;0;;topvisor
оклейка бронепленкой фар своими руками;своими руками / не наше;—;;3;1;0;0;;0;0;;topvisor
оклейка фары бронепленкой своими руками;своими руками / не наше;—;;3;1;0;0;;0;0;;topvisor
оклейка бронепленкой фары своими руками;своими руками / не наше;—;;3;1;0;0;;0;0;;topvisor
регулировка фар своими руками схема с размерами;своими руками / не наше;—;;1;1;0;0;;0;0;;topvisor
ремонт светодиодных фар своими руками;своими руками / не наше;—;;1;1;0;0;;0;0;;topvisor
восстановление отражателей фар своими руками в домашних условиях;своими руками / не наше;—;;1;1;0;0;;0;0;;topvisor
ремонт отражателей фар своими руками;своими руками / не наше;—;;1;1;0;0;;0;0;;topvisor
как поменять лампу ближнего света белджи с 50;своими руками / не наше;—;;;;3;0;10,3;0;0;;вебмастер
как поставить своими руками билед линзы в пежо 806;своими руками / не наше;—;;;;2;0;10,5;0;0;;вебмастер
ремонт фары своими руками;своими руками / не наше;—;;10;0;0;0;;0;0;;topvisor
восстановление фар своими руками;своими руками / не наше;—;;6;0;0;0;;0;0;;topvisor
восстановление фар в домашних условиях;своими руками / не наше;—;;1;0;0;0;;0;0;;topvisor
восстановление фар своими руками в домашних;своими руками / не наше;—;;1;0;0;0;;0;0;;topvisor
полировка фар своими руками в домашних;своими руками / не наше;—;;17;0;0;0;;0;0;;topvisor
полировка фар в домашних условиях;своими руками / не наше;—;;15;0;0;0;;0;0;;topvisor
оклейка фар своими руками;своими руками / не наше;—;;3;0;0;0;;0;0;;topvisor
как устранить запотевание фары своими руками;своими руками / не наше;—;;1;0;0;0;;0;0;;topvisor
би лед линзы своими руками;своими руками / не наше;—;;3;0;0;0;;0;0;;topvisor
установка линз в фары своими руками;своими руками / не наше;—;;1;0;0;0;;0;0;;topvisor
как прозвонить блок розжига ксенона;своими руками / не наше;—;;10;0;0;0;;0;0;;topvisor
восстановление отражателя фары в домашних условиях;своими руками / не наше;—;;1;0;0;0;;0;0;;topvisor
схемы автосвет;своими руками / не наше;—;;16;0;0;0;;0;0;;topvisor
как отключить автосвет;своими руками / не наше;—;;5;0;0;0;;0;0;;topvisor
отключение автосвета;своими руками / не наше;—;;3;0;0;0;;0;0;;topvisor
восстановление фар автомобиля своими руками;своими руками / не наше;—;;1;0;0;0;;0;0;;topvisor
восстановление фар автомобиля своими руками при помощи;своими руками / не наше;—;;0;0;0;0;;0;0;;topvisor
восстановление прозрачности фар автомобиля своими руками;своими руками / не наше;—;;0;0;0;0;;0;0;;topvisor
восстановление фар своими руками в домашних условиях;своими руками / не наше;—;;1;0;0;0;;0;0;;topvisor
ремонт корпуса фары автомобиля своими руками;своими руками / не наше;—;;0;0;0;0;;0;0;;topvisor
как поменять корпус фары лада веста;своими руками / не наше;—;;0;0;0;0;;0;0;;topvisor
как поменять корпус фары лада гранта;своими руками / не наше;—;;0;0;0;0;;0;0;;topvisor
как поменять корпус фары лада гранта фл;своими руками / не наше;—;;0;0;0;0;;0;0;;topvisor
ремонт крепления фары своими руками;своими руками / не наше;—;;0;0;0;0;;0;0;;topvisor
замена стекла фары ваз 2107 своими руками;своими руками / не наше;—;;0;0;0;0;;0;0;;topvisor
замена стекла фары веста своими руками;своими руками / не наше;—;;0;0;0;0;;0;0;;topvisor
замена стекла фары лада веста своими руками;своими руками / не наше;—;;0;0;0;0;;0;0;;topvisor
замена стекла фары ваз 2114 своими руками;своими руками / не наше;—;;0;0;0;0;;0;0;;topvisor
как снять стекло фары опель астра h;своими руками / не наше;—;;0;0;0;0;;0;0;;topvisor
как снять стекло с фары опель астра h;своими руками / не наше;—;;0;0;0;0;;0;0;;topvisor
полировка фар своими руками в домашних условиях видео для начинающих;своими руками / не наше;—;;2;0;0;0;;0;0;;topvisor
полировка фар своими руками в домашних условиях без машинки пошагово видео;своими руками / не наше;—;;0;0;0;0;;0;0;;topvisor
полировка фар своими руками в домашних условиях без машинки пошагово видео для начинающих;своими руками / не наше;—;;0;0;0;0;;0;0;;topvisor
полировка фар своими руками в домашних условиях без машинки;своими руками / не наше;—;;0;0;0;0;;0;0;;topvisor
полировка фар своими руками в домашних условиях шуруповертом;своими руками / не наше;—;;2;0;0;0;;0;0;;topvisor
полировка фар своими руками в домашних условиях зубной пастой;своими руками / не наше;—;;0;0;0;0;;0;0;;topvisor
полировка фар автомобиля своими руками в домашних условиях;своими руками / не наше;—;;0;0;0;0;;0;0;;topvisor
полировка фар своими руками в домашних условиях машинкой;своими руками / не наше;—;;0;0;0;0;;0;0;;topvisor
полировка фар своими руками в домашних условиях лимоном и содой;своими руками / не наше;—;;0;0;0;0;;0;0;;topvisor
полировка фар паром своими руками в домашних условиях;своими руками / не наше;—;;0;0;0;0;;0;0;;topvisor
полировка фар автомобиля своими руками машинкой;своими руками / не наше;—;;0;0;0;0;;0;0;;topvisor
полировка фар автомобиля своими руками машинкой с пастой;своими руками / не наше;—;;0;0;0;0;;0;0;;topvisor
полировка фар автомобиля своими руками что нужно;своими руками / не наше;—;;0;0;0;0;;0;0;;topvisor
полировка стеклянных фар автомобиля своими руками;своими руками / не наше;—;;0;0;0;0;;0;0;;topvisor
полировка пластиковых фар автомобиля своими руками;своими руками / не наше;—;;0;0;0;0;;0;0;;topvisor
полировка стекол фар автомобиля своими руками;своими руками / не наше;—;;0;0;0;0;;0;0;;topvisor
полировка фар своими руками шлифмашинкой;своими руками / не наше;—;;0;0;0;0;;0;0;;topvisor
полировка фар своими руками лимон и сода;своими руками / не наше;—;;0;0;0;0;;0;0;;topvisor
полировка фар своими руками под лак;своими руками / не наше;—;;0;0;0;0;;0;0;;topvisor
полировка фар своими руками химическим паром;своими руками / не наше;—;;0;0;0;0;;0;0;;topvisor
полировка фар своими руками без шлифовальной машинки;своими руками / не наше;—;;0;0;0;0;;0;0;;topvisor
бронирование фар пленкой своими руками;своими руками / не наше;—;;0;0;0;0;;0;0;;topvisor
бронирование фар пленкой своими руками видео;своими руками / не наше;—;;0;0;0;0;;0;0;;topvisor
бронирование фар пленкой своими руками подробно;своими руками / не наше;—;;0;0;0;0;;0;0;;topvisor
как забронировать фары пленкой своими руками;своими руками / не наше;—;;0;0;0;0;;0;0;;topvisor
бронирование противотуманных фар пленкой своими руками;своими руками / не наше;—;;0;0;0;0;;0;0;;topvisor
бронирование фар своими руками полиуретановой пленкой;своими руками / не наше;—;;0;0;0;0;;0;0;;topvisor
бронирование фары своими руками;своими руками / не наше;—;;0;0;0;0;;0;0;;topvisor
забронировать фары пленкой своими руками;своими руками / не наше;—;;0;0;0;0;;0;0;;topvisor
бронирование фар полиуретановой пленкой своими руками;своими руками / не наше;—;;0;0;0;0;;0;0;;topvisor
бронирование фар своими руками в домашних условиях;своими руками / не наше;—;;0;0;0;0;;0;0;;topvisor
как забронировать фары пленкой своими руками в домашних условиях самостоятельно;своими руками / не наше;—;;0;0;0;0;;0;0;;topvisor
как забронировать фары пленкой своими руками в домашних условиях;своими руками / не наше;—;;0;0;0;0;;0;0;;topvisor
оклейка фар бронепленкой своими руками видео;своими руками / не наше;—;;0;0;0;0;;0;0;;topvisor
оклейка фар бронепленкой своими руками пошаговая инструкция;своими руками / не наше;—;;0;0;0;0;;0;0;;topvisor
оклейка фар бронепленкой своими руками пошаговая;своими руками / не наше;—;;0;0;0;0;;0;0;;topvisor
оклейка фар пленкой своими руками;своими руками / не наше;—;;0;0;0;0;;0;0;;topvisor
оклейка фар полиуретановой пленкой своими руками видео;своими руками / не наше;—;;0;0;0;0;;0;0;;topvisor
оклейка фар полиуретановой пленкой своими руками;своими руками / не наше;—;;0;0;0;0;;0;0;;topvisor
оклейка фар защитной пленкой своими руками;своими руками / не наше;—;;0;0;0;0;;0;0;;topvisor
оклейка фар защитной пленкой своими руками видео уроки;своими руками / не наше;—;;0;0;0;0;;0;0;;topvisor
регулировка фар пассат б3 своими руками;своими руками / не наше;—;;0;0;0;0;;0;0;;topvisor
регулировка фар пассат б3 в домашних условиях;своими руками / не наше;—;;0;0;0;0;;0;0;;topvisor
регулировка фар фольксваген пассат б3 своими руками;своими руками / не наше;—;;0;0;0;0;;0;0;;topvisor
регулировка фар своими руками схема с размерами на расстоянии 5 метров;своими руками / не наше;—;;0;0;0;0;;0;0;;topvisor
регулировка противотуманных фар своими руками схема с размерами;своими руками / не наше;—;;0;0;0;0;;0;0;;topvisor
регулировка фар своими руками схема с размерами на расстоянии 3 метра от стены;своими руками / не наше;—;;0;0;0;0;;0;0;;topvisor
регулировка фар ларгус своими руками схема с размерами;своими руками / не наше;—;;0;0;0;0;;0;0;;topvisor
регулировка фар своими руками схема с размерами на расстоянии;своими руками / не наше;—;;0;0;0;0;;0;0;;topvisor
регулировка фар своими руками схема с размерами на 1м;своими руками / не наше;—;;0;0;0;0;;0;0;;topvisor
регулировка фар своими руками схема с размерами на расстоянии 3;своими руками / не наше;—;;0;0;0;0;;0;0;;topvisor
регулировка линзованных фар своими руками схема с размерами;своими руками / не наше;—;;0;0;0;0;;0;0;;topvisor
регулировка фар ауди а6 с5 своими руками;своими руками / не наше;—;;0;0;0;0;;0;0;;topvisor
как подключить би лед линзы к h4 через реле;своими руками / не наше;—;;0;0;0;0;;0;0;;topvisor
как подключить би лед линзы к h4;своими руками / не наше;—;;0;0;0;0;;0;0;;topvisor
установка линз в фары калина 1 своими руками;своими руками / не наше;—;;0;0;0;0;;0;0;;topvisor
ремонт дхо санта фе 3 своими руками;своими руками / не наше;—;;0;0;0;0;;0;0;;topvisor
ремонт светодиодных фар автомобиля своими руками;своими руками / не наше;—;;0;0;0;0;;0;0;;topvisor
ремонт противотуманных фар светодиодных своими руками;своими руками / не наше;—;;0;0;0;0;;0;0;;topvisor
восстановление отражателя линзы своими руками;своими руками / не наше;—;;0;0;0;0;;0;0;;topvisor
ремонт задних фонарей автомобиля своими руками;своими руками / не наше;—;;0;0;0;0;;0;0;;topvisor
покраска фар лаком из баллончика своими руками;своими руками / не наше;—;;0;0;0;0;;0;0;;topvisor
покраска фар лаком своими руками;своими руками / не наше;—;;0;0;0;0;;0;0;;topvisor
замена линз в фарах пассат б6 своими руками;своими руками / не наше;—;;0;0;0;0;;0;0;;topvisor
замена линз в фарах хонда срв 3 своими руками;своими руками / не наше;—;;0;0;0;0;;0;0;;topvisor
как поменять корректор фар на лада гранта;своими руками / не наше;—;;0;0;0;0;;0;0;;topvisor
auto repair;вне ниши;—;;;;0;0;;28;0;1,8;search console
auto repair shop;вне ниши;—;;;;0;0;;13;0;2,8;search console
установка бампера цена;вне ниши;—;;;;3;0;16,3;0;0;;вебмастер
premier auto;вне ниши;—;;;;0;0;;8;0;8,3;search console
переулок тупиковый 5;вне ниши;—;;;;2;0;7;0;0;;вебмастер
реставрация авто;вне ниши;—;;;;2;0;39;0;0;;вебмастер
снятие и установка бампера в минске;вне ниши;—;;;;2;0;11;0;0;;вебмастер
auto repair shops near me;вне ниши;—;;;;0;0;;5;0;1,2;search console
установка панорамной крыши на авто цена;вне ниши;—;;;;0;0;;4;0;44,8;search console
да;вне ниши;—;;;;0;0;;3;0;3,3;search console
рэтро фит бмв миск;вне ниши;—;;;;1;0;10;0;0;;вебмастер
номер телефона +37529600010;вне ниши;—;;;;1;0;8;0;0;;вебмастер
автоэлектрики;вне ниши;—;;;;1;1;2;0;0;;вебмастер
рэтро фит бив минск;вне ниши;—;;;;1;0;10;0;0;;вебмастер
ecnfyjdrf ,b ktl vjlektq d vbycrt d hfcchjxre;вне ниши;—;;;;1;1;5;0;0;;вебмастер
авторынок минск;вне ниши;—;;;;0;0;;2;1;1;search console
минск;вне ниши;—;;;;0;0;;2;1;5,5;search console
htvjyn afh;вне ниши;—;;;;0;0;;2;0;11;search console
maintainence work;вне ниши;—;;;;0;0;;2;0;13,5;search console
premier avto;вне ниши;—;;;;0;0;;2;0;6,5;search console
система освещения автомобиля;вне ниши;—;;;;0;0;;2;0;101,5;search console
3;вне ниши;—;;;;0;0;;1;0;2;search console
auto lighthouse;вне ниши;—;;;;0;0;;1;0;66;search console
premium motors;вне ниши;—;;;;0;0;;1;0;58;search console
автопомощь брилевичи;вне ниши;—;;;;0;0;;1;0;22;search console
в беларуси;вне ниши;—;;;;0;0;;1;0;2;search console
в дождливую погоду;вне ниши;—;;;;0;0;;1;0;3;search console
да подскажи;вне ниши;—;;;;0;0;;1;0;4;search console
да, в минске;вне ниши;—;;;;0;0;;1;0;6;search console
дай контакты;вне ниши;—;;;;0;0;;1;0;2;search console
дай ссылки;вне ниши;—;;;;0;0;;1;0;2;search console
дорест;вне ниши;—;;;;0;0;;1;0;6;search console
зум авто;вне ниши;—;;;;0;0;;1;0;33;search console
какая стоимость;вне ниши;—;;;;0;0;;1;0;3;search console
найти контакты;вне ниши;—;;;;0;0;;1;0;5;search console
подскажи;вне ниши;—;;;;0;0;;1;0;2;search console
прием авто;вне ниши;—;;;;0;0;;1;0;6;search console
сколько стоит такая процедура;вне ниши;—;;;;0;0;;1;0;1;search console
улучшить;вне ниши;—;;;;0;0;;1;0;3;search console
яркость;вне ниши;—;;;;0;0;;1;0;11;search console
